locale,filename,ground_truth,raw_prediction,normalized_prediction
en-US,conv-0-turn-0.txt,Hi. I want to get a higher limit on my credit card.,"Hi, I want to get a higher limit on my credit card.",hi i want to get a higher limit on my credit card
en-US,conv-0-turn-1.txt,C N 7 3 4 7 8 5 8.,C N seven three four seven eight five eight,c n seven three four seven eight five eight
en-US,conv-0-turn-10.txt,I don't know. Is there anything else you can help me with?,I don't know. Is there anything else you can help me with?,i do not know is there anything else you can help me with
en-US,conv-0-turn-11.txt,Yeah. Let's check my card status.,"Yeah, let's check my card status.",yeah let us check my card status
en-US,conv-0-turn-12.txt,Sure.,Sure.,sure
en-US,conv-0-turn-13.txt,Yes.,Yes.,yes
en-US,conv-0-turn-14.txt,"Yes, please.","Yes, please.",yes please
en-US,conv-0-turn-15.txt,What else can you help me with?,What else can you help me with?,what else can you help me with
en-US,conv-0-turn-16.txt,Um I think you covered everything I needed help with.,I think you covered everything. I needed help with.,i think you covered everything i needed help with
en-US,conv-0-turn-17.txt,Thank you.,Thank you.,thank you
en-US,conv-0-turn-2.txt,Ashley Brown.,Ashley Brown.,ashley brown
en-US,conv-0-turn-3.txt,Ashley dot Brown at email dot com.,Ashley dot Brown at email dot com.,ashley dot brown at email dot com
en-US,conv-0-turn-4.txt,1 2 1 2 1 2 3 4 5 6 7.,"One, two. One, two. One, two, three, four, five, six, seven.",one two one two one two three four five six seven
en-US,conv-0-turn-5.txt,Correct.,Correct.,correct
en-US,conv-0-turn-6.txt,I see it.,I see it.,i see it
en-US,conv-0-turn-7.txt,I completed the steps.,I completed the steps.,i completed the steps
en-US,conv-0-turn-8.txt,Hello?,Hello.,hello
en-US,conv-0-turn-9.txt,Um.,Um.,
en-US,conv-1-turn-0.txt,Yeah. I'm trying to find more money from my credit card.,"Yeah, I'm trying to find a get more, more, more, more money, uh, for my credit card.",yeah i am trying to find a get more more more more money for my credit card
en-US,conv-1-turn-1.txt,"Okay, yeah. Let me get that. Wait, hold on. I'm gonna get need a pen for that case tracking code. One second, please.","Okay. Yeah. Let me get that. Wait. Hold on. I'm gonna get need a pen for that case tracking code. One second, please.",okay yeah let me get that wait hold on i am going to get need a pen for that case tracking code one second please
en-US,conv-1-turn-10.txt,How much will that credit limit increase be?,How much will that credit limit increase be?,how much will that credit limit increase be
en-US,conv-1-turn-11.txt,Thank you.,Thank you.,thank you
en-US,conv-1-turn-12.txt,Oh.,Oh.,oh
en-US,conv-1-turn-13.txt,Do you need more information from me before we go there?,Do you need any more information from me before we go there?,do you need any more information from me before we go there
en-US,conv-1-turn-14.txt,"You have everything you need. Sorry, what was that?","You have everything you need. Oh, sorry. What was that?",you have everything you need oh sorry what was that
en-US,conv-1-turn-15.txt,"Okay, yeah. Yeah, let's go ahead and go to that live agent then. Thank you.","Okay. Um. Yeah. If uh. If it seems yeah, let's go ahead and go to that live agent then. Thank you.",okay yeah if it seems yeah let us go ahead and go to that live agent then thank you
en-US,conv-1-turn-16.txt,"You know, 6 7. I think that should be fine. Let's try to transfer me over right now, and if it doesn't work, that's fine.","You know, six, seven. I think that should be fine. Let's try it right now, and if it doesn't work, that's fine.",you know six seven i think that should be fine let us try it right now and if it does not work that is fine
en-US,conv-1-turn-17.txt,Okay. Thanks a lot.,Hey! Thanks a lot.,hey thanks a lot
en-US,conv-1-turn-2.txt,Okay. I am ready. Go for it.,"Okay, I am ready. Go for it.",okay i am ready go for it
en-US,conv-1-turn-3.txt,So I got A S 1 5 7 1.,So I got A S one five seven one.,so i got a s one five seven one
en-US,conv-1-turn-4.txt,Thank you.,Thank you.,thank you
en-US,conv-1-turn-5.txt,"Oh, okay. You said you need three pieces to confirm my identity?","Oh, okay. What the? You said you need three pieces to confirm my identity.",oh okay what the you said you need three pieces to confirm my identity
en-US,conv-1-turn-6.txt,Okay. My name is John Brown.,"Okay, my name is John Brown.",okay my name is john brown
en-US,conv-1-turn-7.txt,That would be John dot Brown at email dot com.,That would be John dot Brown at email dot com.,that would be john dot brown at email dot com
en-US,conv-1-turn-8.txt,Okay. So my phone number is 1 2 1 2 1 2 3 4 5 6 7. 6 7.,"Okay, so my phone number is one two one two one two three four five six seven six seven.",okay so my phone number is one two one two one two three four five six seven six seven
en-US,conv-1-turn-9.txt,Correct.,Correct.,correct
en-US,conv-10-turn-0.txt,Hi. Yeah. Hi. I'm sorry. I'm outside right now so you might hear some noise. I had a couple of questions about my credit card account.,"Hi. Yeah. Hi. Um. Sorry. I'm outside right now, so you might hear some noise. I had a couple of questions about my credit card account.",hi yeah hi sorry i am outside right now so you might hear some noise i had a couple of questions about my credit card account
en-US,conv-10-turn-1.txt,Yes.,Yeah.,yeah
en-US,conv-10-turn-2.txt,C N 3 5 4.,C N three five four.,c n three five four
en-US,conv-10-turn-3.txt,C N 3 5 4 8 8 6.,C N three five four eight eight six.,c n three five four eight eight six
en-US,conv-11-turn-0.txt,"Yeah. Hi. Sorry, I might have some noise around.","Yeah. Hi. Sorry, I might have some noise around.",yeah hi sorry i might have some noise around
en-US,conv-11-turn-1.txt,I had a couple of questions about my credit card accounts.,I had a couple of questions about my credit card accounts.,i had a couple of questions about my credit card accounts
en-US,conv-11-turn-2.txt,Yes.,Yes.,yes
en-US,conv-11-turn-3.txt,C N 8 6 7 9 6 6.,C N eight six seven nine six six.,c n eight six seven nine six six
en-US,conv-11-turn-4.txt,No.,No.,no
en-US,conv-11-turn-5.txt,Sarah Johnson.,Sarah Johnson.,sarah johnson
en-US,conv-12-turn-0.txt,"Hi, yeah. Hi. You might hear some noise in the background.",Hi. Yeah. Uh. Hi. You might hear some noise in the background.,hi yeah hi you might hear some noise in the background
en-US,conv-12-turn-1.txt,I had a couple of questions about my credit card account.,I had a couple of questions about my credit card account.,i had a couple of questions about my credit card account
en-US,conv-12-turn-10.txt,Yes.,Yes.,yes
en-US,conv-12-turn-11.txt,"Well, I first wanted to check on the status of a replacement card I requested recently.","Well, I first wanted to check on the status of a replacement card I requested recently.",well i first wanted to check on the status of a replacement card i requested recently
en-US,conv-12-turn-12.txt,"And also, I was wondering if it's possible to look into a credit limit increase.","And also, I was wondering if it's possible to look into a credit limit increase.",and also i was wondering if it is possible to look into a credit limit increase
en-US,conv-12-turn-13.txt,I'm sorry. Can you say that again?,I'm sorry. Can you say that again?,i am sorry can you say that again
en-US,conv-12-turn-14.txt,No. But I wanted to know if you knew anything about what other options I can have that are available?,"No, but I wanted to know if you knew anything about what other options I can have that are available.",no but i wanted to know if you knew anything about what other options i can have that are available
en-US,conv-12-turn-15.txt,Any recent offers you're offering?,"Any, any recent offers you're offering?",any any recent offers you are offering
en-US,conv-12-turn-2.txt,No. Can you repeat that again?,"No, can you repeat that again?",no can you repeat that again
en-US,conv-12-turn-3.txt,Repeat that again.,Repeat that again.,repeat that again
en-US,conv-12-turn-4.txt,Repeat it again.,Repeat it again.,repeat it again
en-US,conv-12-turn-5.txt,Okay. Did you say C N 0 8 7 3 6 7 2 5?,Okay. Did you say C N zero eight seven three six seven two five?,okay did you say c n zero eight seven three six seven two five
en-US,conv-12-turn-6.txt,Okay. C N 0 7 3 6 7 2 5.,"Okay, C N zero seven three six seven two five.",okay c n zero seven three six seven two five
en-US,conv-12-turn-7.txt,Ashley Brown.,Ashley Brown.,ashley brown
en-US,conv-12-turn-8.txt,Ashley dot Brown at email dot com. All lowercase.,"Ashley dot Brown at email dot com, all lowercase.",ashley dot brown at email dot com all lowercase
en-US,conv-12-turn-9.txt,Yes. Plus 1 2 1 2 1 2 3 4 5 6 7.,"Ah yes. Plus one, two, one, two, one, two, three, four, five, six, seven.",yes plus one two one two one two three four five six seven
en-US,conv-13-turn-0.txt,Hi. Yeah. Sorry. There might be some noise in the background.,Hi. Yeah. Uh. Sorry. There might be some noise in the background.,hi yeah sorry there might be some noise in the background
en-US,conv-13-turn-1.txt,Just calling to ask a few questions about my credit card. Nothing urgent. Mostly just information only.,Just calling to ask a few questions about my credit card. Nothing urgent. Mostly just informational.,just calling to ask a few questions about my credit card nothing urgent mostly just informational
en-US,conv-13-turn-10.txt,"Like are they based on usage, payment history, or how long you had the card.","Like, are they based more on usage, payment history, or how long you've had the card?",like are they based more on usage payment history or how long you have had the card
en-US,conv-13-turn-11.txt,"Okay. I mean, I know that makes sense. Can you answer if someone wants to request an increase, is that usually something that you can do online or by calling in like this?","Okay, I mean, I know that makes sense. If can you answer if someone wanted to request an increase, is that usually something they can do online or by calling in like this?",okay i mean i know that makes sense if can you answer if someone wanted to request an increase is that usually something they can do online or by calling in like this
en-US,conv-13-turn-12.txt,I see. And does requesting an increase affect anything right away?,I see. And does requesting an increase normally affect anything right away?,i see and does requesting an increase normally affect anything right away
en-US,conv-13-turn-13.txt,Ah. Cause I've heard different things about that so I just want to clarify.,"Ah, because I've heard different things about that, so I just wanted to clarify.",ah because i have heard different things about that so i just wanted to clarify
en-US,conv-13-turn-14.txt,I see. Another thing I was curious about is replacement cards.,I see. Another thing I was curious about is replacement cards.,i see another thing i was curious about is replacement cards
en-US,conv-13-turn-15.txt,"When a replacement card is issued, does it usually keep the same billing cycle and due dates?","Well, no. When a replacement card is issued, does it usually keep the same billing cycle and due dates?",well no when a replacement card is issued does it usually keep the same billing cycle and due dates
en-US,conv-13-turn-16.txt,"Oh. Okay. And do you know if while waiting for a replacement card, is it normal for digital access to still work?","Oh, okay. And um, do you know if while waiting for a replacement card, is it normal for digital access to still work?",oh okay and do you know if while waiting for a replacement card is it normal for digital access to still work
en-US,conv-13-turn-17.txt,"Oh. Okay. Well, you really didn't give me enough information that I was looking for. I do just like to understand how things work before I actually request anything.","Oh, okay. Well, you really didn't give me enough information that I was looking for. I do just like to understand how things work before I actually request anything.",oh okay well you really did not give me enough information that i was looking for i do just like to understand how things work before i actually request anything
en-US,conv-13-turn-18.txt,Thanks for taking the time to explain all that to me.,Thanks for taking the time to explain all of that to me.,thanks for taking the time to explain all of that to me
en-US,conv-13-turn-2.txt,I was wondering how credit limit increases usually work in general.,I was wondering how credit limit increases usually work in general.,i was wondering how credit limit increases usually work in general
en-US,conv-13-turn-3.txt,"Yes, please.","Yes, please.",yes please
en-US,conv-13-turn-4.txt,Can you say it again but a little bit slower?,"Can you say it again, but a little bit slower?",can you say it again but a little bit slower
en-US,conv-13-turn-5.txt,"Okay. So, did you say C N 2 1 8 8 7 5 4?","Okay, so did you say C N two one eight eight seven five four?",okay so did you say c n two one eight eight seven five four
en-US,conv-13-turn-6.txt,Yes. Ashley Brown.,"Yes, Ashley Brown.",yes ashley brown
en-US,conv-13-turn-7.txt,All lower case Ashley dot Brown at email dot com.,All lowercase. Ashley dot Brown at email dot com.,all lowercase ashley dot brown at email dot com
en-US,conv-13-turn-8.txt,Yes. 2 1 2 1 2 3 4 5 6 7.,Uh yes. Um two one two one two three four five six seven.,yes two one two one two three four five six seven
en-US,conv-13-turn-9.txt,Yes.,Yeah.,yeah
en-US,conv-14-turn-0.txt,Yeah. Hi. I'm looking for if I can get the latest invoice for my card.,Yeah. Hi. I'm looking for if I could get the latest invoice for my car card.,yeah hi i am looking for if i could get the latest invoice for my car card
en-US,conv-14-turn-1.txt,Correct. Latest invoice.,Correct the latest invoice.,correct the latest invoice
en-US,conv-14-turn-10.txt,Okay. It is John Brown.,"Okay, it is John Brown.",okay it is john brown
en-US,conv-14-turn-11.txt,Email address should be John dot Brown at email dot com.,Email address would be john dot brown at email dot com.,email address would be john dot brown at email dot com
en-US,conv-14-turn-12.txt,Phone number would be 1 2 1 2 1 2 3 4 5 6 7.,Phone number would be one two one two one two three four five six seven.,phone number would be one two one two one two three four five six seven
en-US,conv-14-turn-13.txt,Sounds good.,Sounds good.,sounds good
en-US,conv-14-turn-14.txt,Perfect.,Perfect.,perfect
en-US,conv-14-turn-15.txt,Send it to my email.,Um. Send it to my email.,send it to my email
en-US,conv-14-turn-16.txt,Would you be available to tell me also what my credit limit is?,Would you be available to tell me also what my credit limit is?,would you be available to tell me also what my credit limit is
en-US,conv-14-turn-17.txt,Okay.,Okay.,okay
en-US,conv-14-turn-18.txt,Yep.,Yep.,yep
en-US,conv-14-turn-19.txt,Correct. Correct.,Correct. Correct.,correct correct
en-US,conv-14-turn-2.txt,"No, I'm not. Let me get something to write that down, okay?",Um no no I'm not let me uh let me let me get something to write that down okay.,no no i am not let me let me let me get something to write that down okay
en-US,conv-14-turn-20.txt,Thank you.,Thank you.,thank you
en-US,conv-14-turn-21.txt,Oh.,Oh.,oh
en-US,conv-14-turn-22.txt,Okay. Go ahead and connect me. I'd love that. Thank you so much.,"Okay, go ahead and connect me. Yep, I'd love that. Thank you so much.",okay go ahead and connect me yep i would love that thank you so much
en-US,conv-14-turn-23.txt,Perfect.,Perfect.,perfect
en-US,conv-14-turn-24.txt,Okay. Thank you.,Okay. Thank you.,okay thank you
en-US,conv-14-turn-25.txt,Oh.,Oh.,oh
en-US,conv-14-turn-26.txt,Nope. That's it. Thank you so much for your help. Really appreciate it.,"Nope, that's it. Thank you so much for your help. Really appreciate it.",nope that is it thank you so much for your help really appreciate it
en-US,conv-14-turn-27.txt,"Perfect. Thank. You, too. Thank you much. Goodbye.",Perfect. Thank you too. Thank you very much. Goodbye.,perfect thank you too thank you very much goodbye
en-US,conv-14-turn-3.txt,Alright. Let's go ahead and do it.,All right. Let's go ahead and do it.,all right let us go ahead and do it
en-US,conv-14-turn-4.txt,Hello? Can you give what is 7 6 2?,Can you give what is this seven six two?,can you give what is this seven six two
en-US,conv-14-turn-5.txt,I'm good. I could repeat it to you now.,I'm good. I could repeat it to you now.,i am good i could repeat it to you now
en-US,conv-14-turn-6.txt,C N 7 6 2 4 2 0 6. Is that correct?,C N seven six two four two zero six. Is that correct?,c n seven six two four two zero six is that correct
en-US,conv-14-turn-7.txt,Okay.,Okay.,okay
en-US,conv-14-turn-8.txt,"Oh, okay. What information do you need from me?","Okay. Um, what information do you need from me?",okay what information do you need from me
en-US,conv-14-turn-9.txt,Mhm.,Uh huh.,
en-US,conv-15-turn-0.txt,"Hi, Anna. I'm looking to find out where my replacement card is. It's been a while, and just want to make sure that it didn't get lost in the mail or anything like that.","Hi Anna, I'm looking to find out where my replacement card is. It's been a while, and just want to make sure it didn't get lost in the mail or anything like that.",hi anna i am looking to find out where my replacement card is it has been a while and just want to make sure it did not get lost in the mail or anything like that
en-US,conv-15-turn-1.txt,Thank you.,Thank you.,thank you
en-US,conv-15-turn-10.txt,Okay. Thank you.,Okay. Thank you.,okay thank you
en-US,conv-15-turn-11.txt,Do you know how long the shipping time would be?,Do you know how long the shipping time would be?,do you know how long the shipping time would be
en-US,conv-15-turn-12.txt,Okay. Thank you.,Okay. Thank you.,okay thank you
en-US,conv-15-turn-13.txt,Okay.,Okay.,okay
en-US,conv-15-turn-14.txt,"Okay. Actually, before being transferred, I would like to ask how much is left on credit? I made quite a few purchases. I just want to make sure I know how much is left on the credit card.","Hmm. Okay. Um. Actually, before being transferred, I would like to ask, um, how much, how much, uh, is left on credit? I've made quite a few purchases. I just want to make sure I know how much is left on the credit card.",okay actually before being transferred i would like to ask how much how much is left on credit i have made quite a few purchases i just want to make sure i know how much is left on the credit card
en-US,conv-15-turn-15.txt,Hmm.,Hmm.,
en-US,conv-15-turn-16.txt,"Yeah, go ahead and send me to a live agent, please.","Um. Yeah. Go ahead and send me to a live agent, please.",yeah go ahead and send me to a live agent please
en-US,conv-15-turn-17.txt,"You know, I think I'll try again later. Would there be like a case number or anything, or do I just give them the tracking number that you gave me?","You know, I think I'll try again later. Would there be like a case number or anything, or do I just give them the tracking number that you gave me?",you know i think i will try again later would there be like a case number or anything or do i just give them the tracking number that you gave me
en-US,conv-15-turn-18.txt,"Okay. Nope, that's it. Thank you so much for your help. I really appreciate it.","Okay, nope. That's it. Thank you so much for your help. Really appreciate it.",okay nope that is it thank you so much for your help really appreciate it
en-US,conv-15-turn-19.txt,"Perfect. You, too. Thank you so much.",Perfect. You too. Thank you so much.,perfect you too thank you so much
en-US,conv-15-turn-2.txt,No. Can you repeat it back to me but slower?,"No. Can you repeat it back to me, but slower?",no can you repeat it back to me but slower
en-US,conv-15-turn-20.txt,"You, too. Goodbye.",You too. Goodbye.,you too goodbye
en-US,conv-15-turn-3.txt,C N 1 7 3 1 3 4 7.,C N one seven three one three four seven.,c n one seven three one three four seven
en-US,conv-15-turn-4.txt,Okay.,Okay.,okay
en-US,conv-15-turn-5.txt,My full name is John Brown.,My full name is John Brown.,my full name is john brown
en-US,conv-15-turn-6.txt,Email address would be John dot Brown at email dot com.,Email address would be john dot brown at email dot com.,email address would be john dot brown at email dot com
en-US,conv-15-turn-7.txt,Phone number would be 1 2 1 2 1 2 3 4 5 6 7.,Phone number would be one two one two one two three four five six seven.,phone number would be one two one two one two three four five six seven
en-US,conv-15-turn-8.txt,That is correct.,That is correct.,that is correct
en-US,conv-15-turn-9.txt,Okay. Do you know when I ordered that card?,Do you know when I ordered that card?,do you know when i ordered that card
en-US,conv-16-turn-0.txt,"Hi, yeah. I'm just calling in cause I've been having a lot of trouble making purchases on the credit card, and basically getting blocked in terms of those purchases not going through. I'm just kind of trying to figure out what's going on.","Yeah, I'm just calling in because I've been having a lot of trouble making purchases on a credit card and basically getting blocked in in in terms of those purchases not going through. I'm just kind of trying to figure out what's going on.",yeah i am just calling in because i have been having a lot of trouble making purchases on a credit card and basically getting blocked in in in terms of those purchases not going through i am just kind of trying to figure out what is going on
en-US,conv-16-turn-1.txt,Correct.,"Correct, correct.",correct correct
en-US,conv-16-turn-10.txt,"Let's see. For this account, oh, it's 1 2 1 2 1 2 3 4 5 6 7.","Let's see. Um, for this account, oh, it's one two one two, one two three, four five six seven.",let us see for this account oh it is one two one two one two three four five six seven
en-US,conv-16-turn-11.txt,"Give me the phone number again, please.","Uh, give me the phone number again, please.",give me the phone number again please
en-US,conv-16-turn-12.txt,That is correct.,That is correct.,that is correct
en-US,conv-16-turn-13.txt,Okay. Thank you.,Okay. Thank you.,okay thank you
en-US,conv-16-turn-14.txt,Oh. That's probably why I couldn't make those purchases.,"Oh, that's probably why I couldn't make those purchases.",oh that is probably why i could not make those purchases
en-US,conv-16-turn-15.txt,Mhm.,嗯。,
en-US,conv-16-turn-16.txt,"That is Yeah. So, let me know when. When will it be available for me? Cause I really want to buy that motorbike.","That is, yeah. Let me know when. When will it be available for me? Because I really want to buy that motorbike.",that is yeah so let me know when when will it be available for me because i really want to buy that motorbike
en-US,conv-16-turn-17.txt,Thank you.,Thank you.,thank you
en-US,conv-16-turn-18.txt,"Oh, no.",Oh no.,oh no
en-US,conv-16-turn-19.txt,"Ah, yeah. Yeah. Send me to a live agent, please. I mean, but before going to that live A, like is this pretty common?",Uh yeah yeah um send me to a live agent please um I mean but before before going to that live like is this pretty common.,yeah yeah send me to a live agent please i mean but before before going to that live like is this pretty common
en-US,conv-16-turn-2.txt,Perfect.,Perfect.,perfect
en-US,conv-16-turn-20.txt,Mhm. Okay.,Okay.,okay
en-US,conv-16-turn-21.txt,"Okay. Go ahead and send me to that live agent, please.","Okay, go ahead and send me to that live agent, please.",okay go ahead and send me to that live agent please
en-US,conv-16-turn-22.txt,No.,I don't know.,i do not know
en-US,conv-16-turn-23.txt,"Try one more time. Try one more time, please.","Try one more time. Try one more time, please.",try one more time try one more time please
en-US,conv-16-turn-24.txt,Thank you.,Thank you.,thank you
en-US,conv-16-turn-25.txt,Mhm.,Hmm.,
en-US,conv-16-turn-26.txt,I think I'll probably give a call back in a day or two. Do I just reference that track number?,"Um, I think I'll, I think I'll, uh, probably give a call back in a day or two. Do I just reference that, uh, track number for?",i think i will i think i will probably give a call back in a day or two do i just reference that track number for
en-US,conv-16-turn-27.txt,Okay. Perfect. That's what I'll Thank you so much for your help.,Okay. Perfect. That's what I'll. Thank you so much for your help.,okay perfect that is what i will thank you so much for your help
en-US,conv-16-turn-28.txt,"You, too. Goodbye.",YouTube. Goodbye.,youtube goodbye
en-US,conv-16-turn-3.txt,One second.,"Um, one second.",one second
en-US,conv-16-turn-4.txt,"Go ahead, and can you say it slowly so I can get it all down correctly?","Go ahead, and can you say it slowly so I can get it all down correctly?",go ahead and can you say it slowly so i can get it all down correctly
en-US,conv-16-turn-5.txt,"Actually, repeat it back to me just the numbers this time.","Actually, repeat it back to me just the numbers this time.",actually repeat it back to me just the numbers this time
en-US,conv-16-turn-6.txt,C N 6 1 4 5 7 5 1.,C N six one four five seven five one.,c n six one four five seven five one
en-US,conv-16-turn-7.txt,Okay. What are those informations that you need?,"Okay, what are those informations that you need?",okay what are those informations that you need
en-US,conv-16-turn-8.txt,"So, the name on the account is John Brown.",So the name on the account is John Brown.,so the name on the account is john brown
en-US,conv-16-turn-9.txt,"Let me see. For this account, my email address would be, oh, John dot Brown at email dot com.","Let me see. For this account, my email address would be um hmm oh John dot Brown at email dot com.",let me see for this account my email address would be oh john dot brown at email dot com
en-US,conv-17-turn-0.txt,"Hi. You know, I've called before for other reasons, but I'm calling today because it's been really frustrating. I ordered a replacement card because my card was stolen. And you know, I still haven't received it. It's been about 2 weeks and I haven't been able to make any purchases or whatnot. And it's just getting really frustrating. I just wanna know where my card is. Has it been sent? You know. Like, what's going on?","Hi. Um. You know, I've I've called before for other reasons, but I'm calling today because it's it's been really frustrating. I ordered a replacement card because my card was stolen, and you know I still haven't received it. It's been about two weeks, and I haven't been able to make any purchases or whatnot. Um. And it's it's just getting really frustrating. I just want to know where my card is. Has it been sent? You know, like what's going on?",hi you know i have i have called before for other reasons but i am calling today because it is it is been really frustrating i ordered a replacement card because my card was stolen and you know i still have not received it it is been about two weeks and i have not been able to make any purchases or whatnot and it is it is just getting really frustrating i just want to know where my card is has it been sent you know like what is going on
en-US,conv-17-turn-1.txt,Sorry. Can you give me the numbers one more time?,"Sorry, can you give me the numbers one more time?",sorry can you give me the numbers one more time
en-US,conv-17-turn-10.txt,"So, it is John dot Brown at email dot com. Is that what you had?",So it is John dot Brown at email dot com. Is that what you had?,so it is john dot brown at email dot com is that what you had
en-US,conv-17-turn-11.txt,Perfect.,Perfect.,perfect
en-US,conv-17-turn-12.txt,Okay.,Okay.,okay
en-US,conv-17-turn-13.txt,Is I would love Is it the same tracking number you already gave me or is there a new tracking number?,"Is I would love. Is it the same tracking number you already gave me, or is there a new tracking number?",is i would love is it the same tracking number you already gave me or is there a new tracking number
en-US,conv-17-turn-14.txt,"Oh. Okay. Yeah. Let me get the tracking number for that, please.","Oh okay, yeah yeah. Let me get the tracking number for that, please.",oh okay yeah yeah let me get the tracking number for that please
en-US,conv-17-turn-15.txt,Oh.,Oh.,oh
en-US,conv-17-turn-16.txt,"Do you have any like ship date like date of arrival, you know, possible?",Is do you have any like ship date like a um date of arrival you know possible.,is do you have any like ship date like a date of arrival you know possible
en-US,conv-17-turn-17.txt,Okay. Alright.,"Okay, all right.",okay all right
en-US,conv-17-turn-18.txt,Mhm.,嗯。,
en-US,conv-17-turn-19.txt,Yeah. Go ahead and transfer me to a live agent. Yeah. I'm just really trying to get that part.,Um. Yeah. Go ahead and transfer me to a live agent. Um. Yeah. I'm just really trying to get that card.,yeah go ahead and transfer me to a live agent yeah i am just really trying to get that card
en-US,conv-17-turn-2.txt,Here we go. C N 4 0 9 3 7 1 1.,"Uh, here. Uh, here we go. C N four zero nine three seven one one.",here here we go c n four zero nine three seven one one
en-US,conv-17-turn-20.txt,"Oh, no.",Oh no!,oh no
en-US,conv-17-turn-21.txt,"You now, let's try it one more time. Let's give it a shot. I just really wanna know where that card is right now.","Uh, you know, let's let's try it one more time. Let's give it a shot. I just really want to know where that card is right now.",you know let us let us try it one more time let us give it a shot i just really want to know where that card is right now
en-US,conv-17-turn-22.txt,Mhm.,嗯。,
en-US,conv-17-turn-23.txt,What would you recommend? Would you recommend me calling back like tomorrow and maybe a live agent will be available?,"What would you recommend? Would you recommend me calling back like tomorrow, and maybe a live agent will be available?",what would you recommend would you recommend me calling back like tomorrow and maybe a live agent will be available
en-US,conv-17-turn-24.txt,"Okay. How would I reference, you know, basically, I don't wanna go through everything we already talked about. So, 0 like our case number.","Okay. How how would I reference? Uh, you know, basically, I don't want to go through everything we already talked about. So, is there like a case number?",okay how how would i reference you know basically i do not want to go through everything we already talked about so is there like a case number
en-US,conv-17-turn-25.txt,Okay.,Okay.,okay
en-US,conv-17-turn-26.txt,"Sounds good. No, that's it. I'll definitely go ahead and call tomorrow. Thank you so much.","Sounds good. No, that's it. I'll definitely go ahead and call tomorrow. Thank you so much.",sounds good no that is it i will definitely go ahead and call tomorrow thank you so much
en-US,conv-17-turn-27.txt,"You, too. Goodbye.",You too. Goodbye.,you too goodbye
en-US,conv-17-turn-3.txt,Okay.,Okay.,okay
en-US,conv-17-turn-4.txt,"Okay. Hopefully, I get all that information for you. Let's see here. My full name for this account would be John Brown.","Uh, okay. Hopefully, I got all that information for you. Let's see here. Uh, my full name for this account would be John Brown.",okay hopefully i got all that information for you let us see here my full name for this account would be john brown
en-US,conv-17-turn-5.txt,"Let me check. Give me a second, okay?","Let me check. Give me a second, okay.",let me check give me a second okay
en-US,conv-17-turn-6.txt,"Alright, let me look.",All right. Let me look.,all right let me look
en-US,conv-17-turn-7.txt,Let's see. Okay. I found it. It's John dot Brown at email dot com.,"Let's see. Okay, I found it. It's John dot Brown at email dot com.",let us see okay i found it it is john dot brown at email dot com
en-US,conv-17-turn-8.txt,"I think it's, is it my wife's? Hold on. Let me see. Let me see. Okay. 1 2 1 2 1 2 3 4 5 6 7.","Um, I think it's is it my wife's? Uh, hold on, let me see, let me see. Uh, okay. Uh, one, two, one, two, one, two, three, four, five, six, seven.",i think it is is it my wifes hold on let me see let me see okay one two one two one two three four five six seven
en-US,conv-17-turn-9.txt,"Yeah. Actually, do the email again. I just wanna make sure it's correct.","Uh yeah, can can we actually do the um email again? I just want to make sure it's correct.",yeah actually do the email again i just want to make sure it is correct
en-US,conv-18-turn-0.txt,Yeah. This is John Brown and I would be interested in getting some financial information.,"Yes, this is John Brown, and I would be interested in getting some financial information.",yes this is john brown and i would be interested in getting some financial information
en-US,conv-18-turn-1.txt,Repeat it?,Repeat it.,repeat it
en-US,conv-18-turn-10.txt,"Yes, I need help with my account. I'd like to know what my current credit limit is.","Yes, I need a help with my account. I'd like to know what my current credit limit is.",yes i need a help with my account i would like to know what my current credit limit is
en-US,conv-18-turn-11.txt,"That would be wonderful, please.","That would be wonderful, please.",that would be wonderful please
en-US,conv-18-turn-12.txt,Can you tell me about credit limit changes?,Can you tell me about credit limit changes?,can you tell me about credit limit changes
en-US,conv-18-turn-13.txt,Yes.,Yes.,yes
en-US,conv-18-turn-14.txt,Everything's fine.,Everything's fine.,everything is fine
en-US,conv-18-turn-15.txt,"No, thank you.","No, thank you.",no thank you
en-US,conv-18-turn-16.txt,"You too, bye.",You too. Bye.,you too bye
en-US,conv-18-turn-2.txt,C N 8 7 8. I need you to repeat.,C N eight seven eight. I need you to repeat.,c n eight seven eight i need you to repeat
en-US,conv-18-turn-3.txt,The code is C N 8 7 8 5 5 4 7.,The code is C N eight seven eight five five four seven.,the code is c n eight seven eight five five four seven
en-US,conv-18-turn-4.txt,John Brown.,John Brown.,john brown
en-US,conv-18-turn-5.txt,John dot Brown at email dot com.,John dot Brown at email dot com.,john dot brown at email dot com
en-US,conv-18-turn-6.txt,My phone number is I don't know.,My phone number is I don't know.,my phone number is i do not know
en-US,conv-18-turn-7.txt,"My home address is 1 2 3 Main Street apartment 4, Anytown, California 9 0 2 1 0.","My home address is one two three Main Street, Apartment Four, Anytown, California nine zero two one zero.",my home address is one two three main street apartment four anytown california nine zero two one zero
en-US,conv-18-turn-8.txt,Yes.,Yes.,yes
en-US,conv-18-turn-9.txt,"Well, what I'm trying to find out is whether or not I want to use Bitcoin or something else for cryptocurrency investing.","Well, what I'm trying to find out is whether or not I want to use Bitcoin or something else for cryptocurrency investing.",well what i am trying to find out is whether or not i want to use bitcoin or something else for cryptocurrency investing
en-US,conv-19-turn-0.txt,"Hi, yeah. You know, I have a credit card with you guys, and I'm kind of just trying to figure out how the points work because I've been making a lot of purchases, but my points aren't really racking up. And you know, it's just kind of confusing. Can you kind of explain to me first, like, how many points I get and, like, how do I obtain points?",Hi yeah um you know I have a credit card with you guys and I'm kind of just trying to figure out how the points work because I've been making a lot of purchases but my points aren't really racking up um and you know it's just kind of confusing uh can you kind of explain to me first like how many points I get and like how do I obtain points.,hi yeah you know i have a credit card with you guys and i am kind of just trying to figure out how the points work because i have been making a lot of purchases but my points are not really racking up and you know it is just kind of confusing can you kind of explain to me first like how many points i get and like how do i obtain points
en-US,conv-19-turn-1.txt,"Oh, that would be fantastic. Please.","Oh, that would be fantastic! Please.",oh that would be fantastic please
en-US,conv-19-turn-10.txt,Okay.,Okay.,okay
en-US,conv-19-turn-11.txt,Okay.,Okay.,okay
en-US,conv-19-turn-12.txt,My full name is John Brown.,My full name is John Brown.,my full name is john brown
en-US,conv-19-turn-13.txt,"My email address, let's see. For this account? Let me get that for you, okay? Give me a second.","My email address. Let's see for this account. Let me get that for you. Okay, give me a second.",my email address let us see for this account let me get that for you okay give me a second
en-US,conv-19-turn-14.txt,All right. Here we go. John dot Brown at email dot com.,"All right, here we go, John dot Brown at email dot com.",all right here we go john dot brown at email dot com
en-US,conv-19-turn-15.txt,"My phone number, it is 1 2 1 2 1 2 3 4 5 6 7. 6 7.","My phone number is, ah, sorry, it is one two one two one two three four five six seven six seven.",my phone number is sorry it is one two one two one two three four five six seven six seven
en-US,conv-19-turn-16.txt,Sounds correct to me.,Sounds correct to me.,sounds correct to me
en-US,conv-19-turn-17.txt,Thank you.,Thank you.,thank you
en-US,conv-19-turn-18.txt,Yes.,Yes.,yes
en-US,conv-19-turn-19.txt,Exact credit limit amount.,Exact credit limit amount.,exact credit limit amount
en-US,conv-19-turn-2.txt,Okay.,Okay.,okay
en-US,conv-19-turn-20.txt,Okay.,Okay.,okay
en-US,conv-19-turn-21.txt,"Oh. Okay. Well, maybe you could answer this question. With the rewards program, is it only based on points and then you get cash, or is it you can get like gifts? Like, I'd love a warm blanket.","Oh. Okay, well maybe you could answer this question. With the rewards program, is it only based on points, or and then you get cash, or is it you can get like gifts? Like I'd love a warm blanket.",oh okay well maybe you could answer this question with the rewards program is it only based on points or and then you get cash or is it you can get like gifts like i would love a warm blanket
en-US,conv-19-turn-22.txt,Ah.,Ah.,
en-US,conv-19-turn-23.txt,"Well, can you send me to somebody who could tell me what my credit limit is?","Well, can you send me to somebody who could tell me what my credit limit is?",well can you send me to somebody who could tell me what my credit limit is
en-US,conv-19-turn-24.txt,"Oh, okay.","Ah, okay.",okay
en-US,conv-19-turn-25.txt,"It's okay. No. I'll call back another time, and maybe when I can be transferred to somebody.","It's okay. No, I'll call back another time, and maybe when I can be transferred to somebody.",it is okay no i will call back another time and maybe when i can be transferred to somebody
en-US,conv-19-turn-26.txt,"Okay, cool. You, too. Thank you so much for your help.","Okay, you too. Thank you so much for your help.",okay you too thank you so much for your help
en-US,conv-19-turn-27.txt,Bye.,Right.,right
en-US,conv-19-turn-3.txt,Mm-hmm.,uh-huh.,
en-US,conv-19-turn-4.txt,Okay.,Okay.,okay
en-US,conv-19-turn-5.txt,Okay.,Okay.,okay
en-US,conv-19-turn-6.txt,Oh.,Oh.,oh
en-US,conv-19-turn-7.txt,"Actually, I would like to see, to know what my credit limit is right now, because I have made quite a few purchases. Kind of want to know if I'm in the danger zone.","Um. Actually, I I would like to see uh to know what my credit limit is right now because I have made quite a few purchases, but um, kind of want to know if I'm in the danger zone.",actually i i would like to see to know what my credit limit is right now because i have made quite a few purchases but kind of want to know if i am in the danger zone
en-US,conv-19-turn-8.txt,Perfect.,Perfect.,perfect
en-US,conv-19-turn-9.txt,Let me see if I could repeat this back to you. It's C N 1 4 2 1 4 8 0?,Let me see if I can repeat this back to you. It's a C N one four two one four eight zero.,let me see if i can repeat this back to you it is a c n one four two one four eight zero
en-US,conv-2-turn-0.txt,"Hi, Anna. I'm calling to inquire about getting a higher limit on my credit card.","Hi Anna, I'm calling to inquire about getting a higher limit on my credit card.",hi anna i am calling to inquire about getting a higher limit on my credit card
en-US,conv-2-turn-1.txt,"Yes, please. Can you play it again?","Yes, please. Can you play it again?",yes please can you play it again
en-US,conv-2-turn-10.txt,I'll just try again later. Thank you so much for your help.,I'll I'll just try again later. Thank you so much for your help.,i will i will just try again later thank you so much for your help
en-US,conv-2-turn-11.txt,"You, too. Thank you.",You too. Thank you.,you too thank you
en-US,conv-2-turn-12.txt,"You, too. Bye.",You too. Bye.,you too bye
en-US,conv-2-turn-2.txt,Yes. C N 0 0 4 3 4 4 2.,"Yes, C N zero zero four three four four two.",yes c n zero zero four three four four two
en-US,conv-2-turn-3.txt,Yes. My name is Ashley Brown.,"Yes, my name is Ashley Brown.",yes my name is ashley brown
en-US,conv-2-turn-4.txt,Ashley dot Brown at email dot com.,Ashley Brown at email dot com.,ashley brown at email dot com
en-US,conv-2-turn-5.txt,Sure. It's 1 2 1 2 1 2 3 4 5 6 7.,"Sure. It's one, two, one, two, one, two, three, four, five, six, seven.",sure it is one two one two one two three four five six seven
en-US,conv-2-turn-6.txt,"Oh, sorry. That's email dot com, not Gmail.","Oh, sorry. That's that's email. dot com, not Gmail.",oh sorry that is that is email dot com not gmail
en-US,conv-2-turn-7.txt,That's correct.,That's correct.,that is correct
en-US,conv-2-turn-8.txt,I haven't received anything.,I haven't received anything.,i have not received anything
en-US,conv-2-turn-9.txt,"Yes, please.","Uh yes, please.",yes please
en-US,conv-20-turn-0.txt,"Hi. Yeah. I'm calling today because, you know, it got really I'm sorry. This has been a very frustrating day. I went to pick up a prescription and I wanted to pay for it but my credit card was declined. And I'm just trying to figure out why it kept getting declined. I don't believe I've gone past my credit limit, and all of my fail safes. I mean, I just don't understand. So, if you could please give me an update on that, that'd be fantastic.","Hi, yeah. Um, I'm calling today because you know it's it's it got really it's. I'm sorry, it's just been a very frustrating day. Uh, I I went to pick up a prescription and I wanted to pay for it, but my credit card was declined. Uh, and I'm just trying to figure out why it kept getting declined. I don't believe I've gone past my credit limit, and all of my failsaves. I mean, I I just don't understand. So if you could please give me an update on that, that'd be fantastic.",hi yeah i am calling today because you know it is it is it got really it is i am sorry it is just been a very frustrating day i went to pick up a prescription and i wanted to pay for it but my credit card was declined and i am just trying to figure out why it kept getting declined i do not believe i have gone past my credit limit and all of my failsaves i mean i just do not understand so if you could please give me an update on that that would be fantastic
en-US,conv-20-turn-1.txt,Okay.,Okay.,okay
en-US,conv-20-turn-10.txt,"That's why I couldn't purchase the medicine that I needed at the pharmacy? Oh, man. And now I'm at a tacos spot and I can't buy the food? Oh, this is frustrating.","That's why I couldn't purchase the medicine that I needed at the pharmacy. Oh man! And now I'm at the taco spot and I can't buy the food. Oh, this is frustrating.",that is why i could not purchase the medicine that i needed at the taco spot and i cannot buy the food oh this is frustrating
en-US,conv-20-turn-11.txt,"Is there a reason why it's processing right now? I mean, it should have been I mean, like did I make a purchase that had to be checked or something? Like, I don't understand. This is crazy.","Is there a reason why it's processing right now? I mean, it should have been. I mean, like, did I make a purchase that had to be checked or something? Like, I don't understand. This is crazy.",is there a reason why it is processing right now i mean it should have been i mean like did i make a purchase that had to be checked or something like i do not understand this is crazy
en-US,conv-20-turn-12.txt,Okay.,Okay.,okay
en-US,conv-20-turn-13.txt,Okay.,Okay.,okay
en-US,conv-20-turn-14.txt,"Okay. Definitely. I need to talk to that agent because man, I'm starving, I need my medication, I need my credit card going.","Okay, definitely. I need to talk to that agent because, man, I'm starving. I need my medication. I need my credit card going.",okay definitely i need to talk to that agent because man i am starving i need my medication i need my credit card going
en-US,conv-20-turn-15.txt,"Let me see. So, there's no way to get the card going so I can make purchases today, correct?","Um. Let me see. So there's no way to get the card going, so I can make purchases today. Correct.",let me see so there is no way to get the card going so i can make purchases today correct
en-US,conv-20-turn-16.txt,"Okay. I guess Can you try to transfer me again to a live agent, give me one more shot?","Okay. Um, I guess I get. Can you try to transfer me again to a live agent? Give me one more shot.",okay i guess i get can you try to transfer me again to a live agent give me one more shot
en-US,conv-20-turn-17.txt,"Alright. Well, thank you for your help. I really do appreciate it. I guess I'll have to figure something else out.","All right. Well, thank you for your help. I really do appreciate it. I guess I'll have to figure something else out.",all right well thank you for your help i really do appreciate it i guess i will have to figure something else out
en-US,conv-20-turn-18.txt,Alright. You have a great day.,All right. You have a great day.,alright you have a great day
en-US,conv-20-turn-19.txt,Alright. You take it easy. Okay. Goodbye.,All right. You take it easy. Okay. Goodbye.,all right you take it easy okay goodbye
en-US,conv-20-turn-2.txt,"Let me give this a shot. So, is it C N 1 4 0 8 7 8 9?","Let me give this a shot. So, is it C N one four zero eight seven eight nine?",let me give this a shot so is it c n one four zero eight seven eight nine
en-US,conv-20-turn-3.txt,Okay.,Okay.,okay
en-US,conv-20-turn-4.txt,Oh. Don't mind the toilet flushing. Sorry about that.,"Oh, don't mind the toilet in the background flushing. It's sorry about that.",oh do not mind the toilet in the background flushing it is sorry about that
en-US,conv-20-turn-5.txt,My name is John Brown.,My name is John Brown.,my name is john brown
en-US,conv-20-turn-6.txt,"Let me see. For this account, oh it's John dot Brown at email dot com.","Uh, let me see. For this account, oh, it's um, John dot Brown at email dot com.",let me see for this account oh it is john dot brown at email dot com
en-US,conv-20-turn-7.txt,"Let me see. For this account, I have 1 2 1 2 1 2 3 4 5 6 7.","Let me see. For this account, I have one, two, one, two, one, two, three, four, five, six, seven.",let me see for this account i have one two one two one two three four five six seven
en-US,conv-20-turn-8.txt,Yeah. That is correct.,"Yeah, that is correct.",yeah that is correct
en-US,conv-20-turn-9.txt,Thank you.,Thank you.,thank you
en-US,conv-21-turn-0.txt,"I'm needing to get a copy of my last statement, please.","I'm needing to get a copy of my last statement, please.",i am needing to get a copy of my last statement please
en-US,conv-21-turn-1.txt,Yes.,Yes.,yes
en-US,conv-21-turn-2.txt,C N 7 5 7 4 9 2. Is that correct?,C N seven five seven four nine two. Is that correct?,c n seven five seven four nine two is that correct
en-US,conv-21-turn-3.txt,C N 7 5 7 4 9 7 2.,C N seven five seven four nine seven two.,c n seven five seven four nine seven two
en-US,conv-21-turn-4.txt,My full name is John Brown.,My full name is John Brown.,my full name is john brown
en-US,conv-21-turn-5.txt,My email address is John dot Brown at email dot com.,My email address is john dot brown at email dot com.,my email address is john dot brown at email dot com
en-US,conv-21-turn-6.txt,My phone number is 2 1 2 1 2 3 4 5 6 7.,"My phone number is two one two, one two three four five six seven.",my phone number is two one two one two three four five six seven
en-US,conv-21-turn-7.txt,That's correct.,That's correct.,that is correct
en-US,conv-21-turn-8.txt,"No, thank you.","No, thank you.",no thank you
en-US,conv-21-turn-9.txt,Goodbye.,Goodbye.,goodbye
en-US,conv-22-turn-0.txt,"Yes. I'm hoping that I can check on, I'm waiting on a replacement card and I need to know the status.","Yes, I'm hoping that I can check on. I'm waiting on a replacement card, and I need to know the status.",yes i am hoping that i can check on i am waiting on a replacement card and i need to know the status
en-US,conv-22-turn-1.txt,"I am, yes.",I am yes.,i am yes
en-US,conv-22-turn-2.txt,My tracking code is C N 5 4 5 2 9 8 2.,My tracking code is C N five four five two nine eight two.,my tracking code is c n five four five two nine eight two
en-US,conv-22-turn-3.txt,My name is John Brown.,My name is John Brown.,my name is john brown
en-US,conv-22-turn-4.txt,The email address is John dot Brown at email dot com.,The email address is john dot brown at email dot com.,the email address is john dot brown at email dot com
en-US,conv-22-turn-5.txt,My phone number is 2 1 2 1 2 3 4 5 6 7.,My phone number is two one two one two three four five six seven.,my phone number is two one two one two three four five six seven
en-US,conv-22-turn-6.txt,Yes.,Yes.,yes
en-US,conv-22-turn-7.txt,No.,No.,no
en-US,conv-22-turn-8.txt,Bye.,Bye.,bye
en-US,conv-23-turn-0.txt,"Hi. Yeah. I'm trying to figure out why my credit card is denying. So, I made some purchases, I ordered some streaming services because I'm having people over, and none of it is going through. I'm about to have people over and we can't have our Stranger Thing. We can't watch these shows and stuff we want. So, I'm just trying to figure out what's going on.","Hi, yeah, I'm trying to figure out why my credit card is denying. So I made some purchases. I I ordered some streaming services because I'm having people over, and none of it is going through. I'm about to have people over, and we can't, you know, have our Stranger Things. We can't watch these shows and stuff that we want. So I'm just trying to figure out what's going on.",hi yeah i am trying to figure out why my credit card is denying so i made some purchases i i ordered some streaming services because i am having people over and none of it is going through i am about to have people over and we cannot you know have our stranger things we cannot watch these shows and stuff that we want so i am just trying to figure out what is going on
en-US,conv-23-turn-1.txt,Okay.,Okay.,okay
en-US,conv-23-turn-10.txt,"Can you give me the email again, please?","Can you give me the email again, please?",can you give me the email again please
en-US,conv-23-turn-11.txt,No. It's actually John dot Brown at email dot com.,"No, it's actually John Brown at email.com.",no it is actually john brown at email dot com
en-US,conv-23-turn-12.txt,The name and phone number are correct.,The name and phone number are correct.,the name and phone number are correct
en-US,conv-23-turn-13.txt,Thank you.,Thank you.,thank you
en-US,conv-23-turn-14.txt,Why is it? Yeah. I ordered that card and I filled out all the forms and stuff like 3 weeks ago.,"Why is it? Yeah, I ordered that. I ordered that card, man. Um, I filled out all those forms and stuff like three weeks ago.",why is it yeah i ordered that i ordered that card man i filled out all those forms and stuff like three weeks ago
en-US,conv-23-turn-15.txt,Let's start that case. We need to escalate this because I need to get this thing going.,Let's start that case. We need to escalate this because I need to get this thing going.,let us start that case we need to escalate this because i need to get this thing going
en-US,conv-23-turn-16.txt,Is there anyway that you could check my credit limit?,Is there any way that you could check my credit limit?,is there any way that you could check my credit limit
en-US,conv-23-turn-17.txt,Alright.,All right.,all right
en-US,conv-23-turn-18.txt,Okay.,Okay.,okay
en-US,conv-23-turn-19.txt,"No. Aw, man. Try to transfer me one more time. Let me see if the live agent could help me.",No. Oh man! Try to transfer me one more time. Let me see if a live agent could help me.,no oh man try to transfer me one more time let me see if a live agent could help me
en-US,conv-23-turn-2.txt,"Woah. Woah, woah. Let's slow that down. Let's do that one more time. I can't keep, slow it down a bit.","Whoa, whoa, whoa! Let's slow that down. Let's do that one more time. I can keep slow it down a bit.",whoa whoa whoa let us slow that down let us do that one more time i can keep slow it down a bit
en-US,conv-23-turn-20.txt,Okay.,Okay.,okay
en-US,conv-23-turn-21.txt,"When they call, will they know what's going on or do I have to reference that case number?","Um. Do I when they call? Will they know what's going on, or do I have to reference that case number?",do i when they call will they know what is going on or do i have to reference that case number
en-US,conv-23-turn-22.txt,Okay. That sounds good. Alright. I'll do that. Thank you for your help.,"Okay, that sounds good. All right, I'll do that. Thank you for your help.",okay that sounds good all right i will do that thank you for your help
en-US,conv-23-turn-23.txt,Perfect. Alright. Thank you so much. Goodbye.,Perfect. All right. Thank you so much. Goodbye.,perfect alright thank you so much goodbye
en-US,conv-23-turn-3.txt,"Yes, it's good.",Yes. Let's go.,yes let us go
en-US,conv-23-turn-4.txt,Alright. Let me give it a shot. C N 1 9 5 0 0 5 2.,All right. Let me give it a shot. C N one nine five zero zero five two.,all right let me give it a shot c n one nine five zero zero five two
en-US,conv-23-turn-5.txt,Okay.,Okay.,okay
en-US,conv-23-turn-6.txt,"It's John, John Brown.",This is John. John Brown.,this is john john brown
en-US,conv-23-turn-7.txt,"My email address for this account would be, give me a minute alright. Hold on. Let me check. Let me check.","My email address for this account would be. Give me a minute. All right. Uh, hold hold on. Let me check. Let me check.",my email address for this account would be give me a minute all right hold hold on let me check let me check
en-US,conv-23-turn-8.txt,Alright. Here it is. John dot Brown at email dot com.,All right. Here it is: John dot Brown at email dot com.,alright here it is john dot brown at email dot com
en-US,conv-23-turn-9.txt,Phone number would be 1 2 1 2 1 2 3 4 5 6 7.,The phone number would be one two one two one two three four five six seven.,the phone number would be one two one two one two three four five six seven
en-US,conv-24-turn-0.txt,I need to find out why my card was rejected.,I need to find out why my card was rejected.,i need to find out why my card was rejected
en-US,conv-24-turn-1.txt,C N 6 3 1 7 0 4 9.,C N six three one seven zero four nine.,c n six three one seven zero four nine
en-US,conv-24-turn-2.txt,My full name is John Brown.,My full name is John Brown.,my full name is john brown
en-US,conv-24-turn-3.txt,John dot Brown at email dot com.,John Brown at email.com.,john brown at email dot com
en-US,conv-24-turn-4.txt,That's phone number 2 1 2 1 2 3 4 5 6 7.,The phone number two one two one two three four five six seven.,the phone number two one two one two three four five six seven
en-US,conv-24-turn-5.txt,Yes.,Yes.,yes
en-US,conv-24-turn-6.txt,Not now.,Not now.,not now
en-US,conv-24-turn-7.txt,Thank you.,Thank you.,thank you
en-US,conv-25-turn-0.txt,"Hi, yeah, Anna. I'm trying to, well basically, I'm going to be taking a big vacation and I'm trying to bring a couple of people with me. And so, I'm going to need to spend a lot of money. And I'm kind of confused right now what my credit limit is because I could have sworn that when I signed the papers is that my credit limit was going to be up near about 25 grand. But, people been telling me with this credit card, all it is is about 8 grand. 8 grand is not going to cover it so I need to know what's going on.","Ah yeah, Anna. Um, I'm trying to. Well, basically, I'm on. I'm gonna be taking a big vacation, and um, trying to bring a couple people with me, and so I'm gonna need to spend a lot of money. And I'm kind of confused right now on what my credit limit is because I could have sworn that when I signed the papers and stuff, my credit limit was gonna be up, up near about twenty five grand. But uh, people have been telling me with this credit card, all it is is about eight grand. Eight grand is not gonna cover it, so I need to know what's going on.",yeah anna i am trying to well basically i am on i am going to be taking a big vacation and i am trying to bring a couple people with me and so i am going to need to spend a lot of money and i am kind of confused right now on what my credit limit is because i could have sworn that when i signed the papers and stuff my credit limit was going to be up up near about twenty five grand but people have been telling me with this credit card all it is is about eight grand eight grand is not going to cover it so i need to know what is going on
en-US,conv-25-turn-1.txt,Alright.,All right.,alright
en-US,conv-25-turn-10.txt,Do you know how much I can increase it to? Cause I don't want to start the process if there ain't gonna be enough money.,Um. Do you know how how much I can increase it to? Because I don't want to start the process if it ain't gonna be enough money.,do you know how how much i can increase it to because i do not want to start the process if it is not going to be enough money
en-US,conv-25-turn-11.txt,K. Thank you.,Okay. Thank you.,okay thank you
en-US,conv-25-turn-12.txt,Okay.,Good.,good
en-US,conv-25-turn-13.txt,"I don't know. Maybe like get me to like a live agent because I really need to know how much money I could spend because it's just like we want to get a couple hotels, we had to get a couple limos. Alright, we're going to party.","Um, I don't know. Maybe like get me to like a a live agent because I really need to know how much money I could spend because just like we want to get a couple hotels, we gotta get a couple limos. Like we're gonna party.",i do not know maybe like get me to like a a live agent because i really need to know how much money i could spend because just like we want to get a couple hotels we have got to get a couple limos like we are going to party
en-US,conv-25-turn-14.txt,"Maybe you can hear that snoring in the background, we're going to party.",And you can hear that snoring in the background. We gonna party.,and you can hear that snoring in the background we are going to party
en-US,conv-25-turn-15.txt,"Ya'll, could you help me with the app, though? Because I tried to put the app in and like the app was like not working correctly on my phone.","Yo, could you help me with the app though? Because I tried to put the app in, and like the app was like not working correctly on my phone.",yo could you help me with the app though because i tried to put the app in and like the app was like not working correctly on my phone
en-US,conv-25-turn-16.txt,"Oh, I got. I got that. It uses Android. I don't know exactly what kind of phone. It's a cheap phone.","Oh, I got, I got that. Uh, I got that. Um, it it uses Android. I I don't know exactly what kind of phone. It's it's a cheap phone.",oh i got i got that i got that it it uses android i i do not know exactly what kind of phone it is it is a cheap phone
en-US,conv-25-turn-17.txt,The whole phone just crashed like I couldn't get nothing going. And I heard that that was a problem with this app.,"The whole phone just crashed. Like I couldn't get nothing going, and I heard that that was a problem with this app.",the whole phone just crashed like i could not get nothing going and i heard that that was a problem with this app
en-US,conv-25-turn-18.txt,"Yup, from the PlayStore.","Yup, from the the Play Store.",yup from the the play store
en-US,conv-25-turn-19.txt,"Oh, don't mind that. I got somebody. People are walking up in here in the bathroom people be doing stuff, man. You know, I need privacy up here. You know what? Just send me to somebody real quick, see if I could talk to them. I don't want to bother you anymore with this. Got dogs got up in here just snoring, other people just tooting. Alright. Yeah. Send me to somebody, please.","Oh, don't mind that. I got, I got somebody. People be walking up in here in the bathroom. People be doing stuff, man. You know, I need privacy up in here. Uh, you know what? I'm gonna let me um just send me to somebody, real quick. See if I can talk to them. Um, I don't want to bother you anymore with this. Got dog up in here just snoring. Other people just tooting. All right. Yeah, send me to somebody, please.",oh do not mind that i got i got somebody people be walking up in here in the bathroom people be doing stuff man you know i need privacy up in here you know what i am going to let me just send me to somebody real quick see if i can talk to them i do not want to bother you anymore with this got dog up in here just snoring other people just tooting all right yeah send me to somebody please
en-US,conv-25-turn-2.txt,Can you do that one more time but slower? I don't write that fast.,"Can you do that one more time, but slower? I don't write that fast.",can you do that one more time but slower i do not write that fast
en-US,conv-25-turn-20.txt,"Oh. Damn. Okay. You know what? Let me just, I got to go, I got to take care of some things. Alright? Hey. You have a good one.","Oh, okay. You know what? Let me just. I gotta go. I gotta take care of some things. All right. Hey, you have a good one.",oh okay you know what let me just i got to go i got to take care of some things all right hey you have a good one
en-US,conv-25-turn-21.txt,Will do. Thank you. Bye.,Will do. Thank you. Bye.,will do thank you bye
en-US,conv-25-turn-3.txt,Alright. I got that. Let me repeat that to you.,"All right, I got that. Let me let me let me repeat that to you. Ready?",all right i got that let me let me let me repeat that to you ready
en-US,conv-25-turn-4.txt,C N 5 1 1 7 1 25.,C N five one one seven one two five.,c n five one one seven one two five
en-US,conv-25-turn-5.txt,"Oh, hold on. Don't mind that dogs snoring in the background. That thing, my dog is loud. Sorry about that. Go ahead.","Oh, hold on! Don't mind that dog snoring in the background. That thing, my dog is loud. Sorry about that. Go ahead.",oh hold on do not mind that dog snoring in the background that thing my dog is loud sorry about that go ahead
en-US,conv-25-turn-6.txt,It's John Brown.,That's John Brown.,that is john brown
en-US,conv-25-turn-7.txt,"Shoo. For this one. I'm thinking. Ah, hold on. Hold on. Hold on. Let me see. Let me see. Man, this dog will not stop. Wooh. It's got to be annoying to hear that dog just snoring this whole day. Alright. It's John dot Brown at email dot com.","Shoot for this one. I'm thinking. Hold on, hold on, let me see, let me see. Man, this dog will not stop. That's got to be annoying to hear that dog just just snoring this whole day. All right. Um, is John dot Brown at email dot com?",shoot for this one i am thinking hold on hold on let me see let me see man this dog will not stop that is got to be annoying to hear that dog just just snoring this whole day all right is john dot brown at email dot com
en-US,conv-25-turn-8.txt,That would be 1 2 1 2 1 2 3 4 5 6 7.,"That would be one, two, one, two, one, two, three, four, five, six, seven.",that would be one two one two one two three four five six seven
en-US,conv-25-turn-9.txt,That is correct.,That is correct.,that is correct
en-US,conv-26-turn-0.txt,I need to know when my next bill will be due.,I need to know when my next bill will be due.,i need to know when my next bill will be due
en-US,conv-26-turn-1.txt,My regular monthly bill.,My regular monthly bill.,my regular monthly bill
en-US,conv-26-turn-2.txt,The phone number is 2 1 2 1 2 3 4 5 6 7.,The phone number is two one two one two three four five six seven.,the phone number is two one two one two three four five six seven
en-US,conv-26-turn-3.txt,John Brown.,John Brown.,john brown
en-US,conv-26-turn-4.txt,Can you give me a tracking number?,Can you give me a tracking number?,can you give me a tracking number
en-US,conv-26-turn-5.txt,I'm checking on a recent order for my microwave.,I'm checking on a recent order for my microwave.,i am checking on a recent order for my microwave
en-US,conv-26-turn-6.txt,No.,No.,no
en-US,conv-26-turn-7.txt,John dot Brown at email dot com.,John Brown at email dot com.,john brown at email dot com
en-US,conv-26-turn-8.txt,2 1 2 1 2 3 4 5 6 7.,Two one two one two three four five six seven.,two one two one two three four five six seven
en-US,conv-26-turn-9.txt,"1 2 3 Main Street Apartment 4, Anytown, California, 9 0 2 1 0.","One two three Main Street, Apartment Four, Anytown, California, nine zero two one zero.",one two three main street apartment four anytown california nine zero two one zero
en-US,conv-27-turn-0.txt,I need to get a copy of my last statement.,I need to get a copy of my last statement.,i need to get a copy of my last statement
en-US,conv-27-turn-1.txt,C N 7 9 0 6 9 3 5.,C N seven nine zero six nine three five.,c n seven nine zero six nine three five
en-US,conv-27-turn-2.txt,John Brown.,John Brown.,john brown
en-US,conv-27-turn-3.txt,"Email, John dot Brown at email dot com.",Email John Brown at email.com.,email john brown at email dot com
en-US,conv-27-turn-4.txt,Phone number 2 1 2 1 2 3 4 5 6 7.,Phone number two one two one two three four five six seven.,phone number two one two one two three four five six seven
en-US,conv-27-turn-5.txt,Yes.,Yes.,yes
en-US,conv-27-turn-6.txt,No. I'll call back later.,"No, I'll call back later.",no i will call back later
en-US,conv-27-turn-7.txt,Goodbye.,Goodbye.,goodbye
en-US,conv-28-turn-0.txt,"Hello. Good afternoon or evening or morning. I don't know where you're located in the world. But I would really like to know where my credit card is. I have been waiting for it, And, you know, I need it soon. Going to make a lot of purchases. It's really important, you know. Holidays have just passed, but now, it's like the New Year, got to get fit. So, let me know what's going on with my credit card. Where is it at?","Oh, good afternoon, or evening, or morning. I don't know where you're located in the world, but I would really like to know where my credit card is. I have been waiting for it, and you know, it's I I need it soon. Gonna make a lot of purchases. It's really important. You know, holidays have just passed, but now it's like the new year. Gotta get fit. So let me know what's going on with my credit card. Where's it at?",oh good afternoon or evening or morning i do not know where you are located in the world but i would really like to know where my credit card is i have been waiting for it and you know it is i i need it soon going to make a lot of purchases it is really important you know holidays have just passed but now it is like the new year got to get fit so let me know what is going on with my credit card where is it at
en-US,conv-28-turn-1.txt,"Let me get a pen real quick, all right. Hold on.","Let me get a pen real quick. All right, hold on.",let me get a pen real quick all right hold on
en-US,conv-28-turn-10.txt,That is correct.,That is correct.,that is correct
en-US,conv-28-turn-11.txt,"Like, how soon? Like, you got a tracking number or something?",Like how soon? Like you got a tracking number or something?,like how soon like you got a tracking number or something
en-US,conv-28-turn-12.txt,"5 to 7 business days. Shoot. So, like a week, week and a half? Is there any way to get like a digital version of it so I can start making purchases now?","Five to seven business days. Shoot, so like a week, week and a half. Uh, is there any way to like get like a digital version of it so I can start making purchases now?",five to seven business days shoot so like a week week and a half is there any way to like get like a digital version of it so i can start making purchases now
en-US,conv-28-turn-13.txt,Yeah.,Yeah.,yeah
en-US,conv-28-turn-14.txt,Thank you.,Thank you.,thank you
en-US,conv-28-turn-15.txt,Okay.,Okay.,okay
en-US,conv-28-turn-16.txt,"Yes, please. Get me to that live agent. Like, I need to figure this out because I already, like, got so many purchases I need to make, and my card's not here, so yeah, get me to an agent, please.","Yes, please get me to that live agent. Like I need to figure this out because we got. I already like got so many purchases I need to make, and my car's not here. So yeah, get me to an agent, please.",yes please get me to that live agent like i need to figure this out because we got i already like got so many purchases i need to make and my car is not here so yeah get me to an agent please
en-US,conv-28-turn-17.txt,Thank you.,Thank you.,thank you
en-US,conv-28-turn-18.txt,"Oh, oh, oh.","Oh, oh, I know.",oh oh i know
en-US,conv-28-turn-19.txt,"I know it's five to seven. Is there any way to do an expedited ship, like, I'll pay extra or something?","Uh, is there? I I know it's five to seven. Is there any way to do an expedited ship? Like I'll pay extra or something.",is there i i know it is five to seven is there any way to do an expedited ship like i will pay extra or something
en-US,conv-28-turn-2.txt,"Let me try and get a pen. Yeah. All right, I got my pen. Ready?","All right, I got my pen ready.",all right i got my pen ready
en-US,conv-28-turn-20.txt,Okay.,Okay.,okay
en-US,conv-28-turn-21.txt,Thank you.,Thank you.,thank you
en-US,conv-28-turn-22.txt,Ah.,Oh.,oh
en-US,conv-28-turn-23.txt,"No. I think that's good. I guess I'll just wait. And if I don't get it in 7 days, 7 business days, I'll give you guys a ring. Do I just reference that case number?","No, I think that's good. Um, I guess I'll just wait, and if I don't get it in seven days, seven business days, I'll give you guys a ring. Do I just reference that case number?",no i think that is good i guess i will just wait and if i do not get it in seven days seven business days i will give you guys a ring do i just reference that case number
en-US,conv-28-turn-24.txt,Okay.,Okay.,okay
en-US,conv-28-turn-25.txt,"Perfect. All right. Well, you have a great day and thank you so much for your help.","Perfect. All right. Well, you have a great day, and thank you so much for your help.",perfect all right well you have a great day and thank you so much for your help
en-US,conv-28-turn-26.txt,"You, too. Bye.",You too. Bye.,you too bye
en-US,conv-28-turn-3.txt,"Oh, hold on. Oh crap. I'm sorry. I forgot I didn't have paper. Hold on. Let me get a piece of paper.","Oh, hold on! Trap. I'm sorry. I forgot. I didn't have paper. Hold on. Let me get a piece of paper.",oh hold on trap i am sorry i forgot i did not have paper hold on let me get a piece of paper
en-US,conv-28-turn-4.txt,"Oh, man. You just ran through those numbers like a freight train. Let's go slower.","Oh man, the num—you just ran through those numbers like a freight train. Let's go slower.",oh man the num you just ran through those numbers like a freight train let us go slower
en-US,conv-28-turn-5.txt,Somebody just walked by me. I'm so sorry. Can you read the numbers again? I got distracted.,"Somebody just walked by me, and I'm so sorry. Can you read the numbers again? I got distracted.",somebody just walked by me and i am so sorry can you read the numbers again i got distracted
en-US,conv-28-turn-6.txt,All right. C N 2 4 8 3 0 4 9.,"All right, C N two four eight three zero four nine.",all right c n two four eight three zero four nine
en-US,conv-28-turn-7.txt,Okay. My name is John Brown.,"Okay, my name is John Brown.",okay my name is john brown
en-US,conv-28-turn-8.txt,"Oh, man. I got a lot of emails. Let me see which one is on this account for real. Hold on. Hold on. Hold on. Hold on. Oh my God. Why do I make so many emails? All right. This one? This one is John dot Brown at email dot com.","Uh man, I got a lot of emails. Let me see which ones on this account for real. Um, hold on, hold on, hold on, hold on. Oh my God, why do I make so many emails? Um, all right, this one. This one is John dot Brown at email dot com.",oh man i got a lot of emails let me see which ones on this account for real hold on hold on hold on hold on oh my god why do i make so many emails all right this one this one is john dot brown at email dot com
en-US,conv-28-turn-9.txt,"All right. Phone number, 1 2 1 2 1 2 3 4 5 6 7.","All right, phone number: one two one two one two three four five six seven.",all right phone number one two one two one two three four five six seven
en-US,conv-29-turn-0.txt,I need to find out about getting a higher credit limit.,I need to find out about getting a higher credit limit.,i need to find out about getting a higher credit limit
en-US,conv-29-turn-1.txt,C N 5 1 5 6 9 9 9.,C N five one five six nine nine nine.,c n five one five six nine nine nine
en-US,conv-29-turn-2.txt,John Brown.,John Brown.,john brown
en-US,conv-29-turn-3.txt,John dot Brown at email dot com.,John Dot Brown at email dot com.,john dot brown at email dot com
en-US,conv-29-turn-4.txt,2 1 2 1 2 3 45 67.,"Two one two, one two three, forty five sixty seven.",two one two one two three forty five sixty seven
en-US,conv-29-turn-5.txt,It's all correct. Yes.,It's all correct. Yes.,it is all correct yes
en-US,conv-29-turn-6.txt,It's done.,It's done.,it is done
en-US,conv-29-turn-7.txt,"No, thank you.","No, thank you.",no thank you
en-US,conv-29-turn-8.txt,Bye.,Bye.,bye
en-US,conv-3-turn-0.txt,"Yes. Hi, Anna. My name is Ashley, and I'm calling to.",Uh yes hi Anna uh my name is Ashley and I am calling to uh.,yes hi anna my name is ashley and i am calling to
en-US,conv-3-turn-1.txt,Yes. I'm calling to find out what is happening with my replacement card.,"Yes, I'm calling to find out what is happening with my replacement card.",yes i am calling to find out what is happening with my replacement card
en-US,conv-3-turn-10.txt,You can't help me with updating my address?,You can't help me with updating my address.,you cannot help me with updating my address
en-US,conv-3-turn-11.txt,"Yeah, that would be fine.","Yeah, that would be fine.",yeah that would be fine
en-US,conv-3-turn-12.txt,Okay. I think that's all. I really just wanted to know what the status was.,"Okay, I think that's all. I really just wanted to know what the status was.",okay i think that is all i really just wanted to know what the status was
en-US,conv-3-turn-13.txt,"No, that's all.","No, that's all.",no that is all
en-US,conv-3-turn-14.txt,"Thank you. You, too. Bye.",Thank you. You too. Bye.,thank you you too bye
en-US,conv-3-turn-2.txt,Can you repeat that?,Can you repeat that?,can you repeat that
en-US,conv-3-turn-3.txt,C N 6 2 1 5 2 8 9?,C N six two one five two eight nine.,c n six two one five two eight nine
en-US,conv-3-turn-4.txt,Ashley Brown.,Ashley Brown.,ashley brown
en-US,conv-3-turn-5.txt,"Ashley, that's A S H L E Y, dot Brown B R O W N at email E M A I L dot com.","Ashley, that's A S H L E Y. Dot Brown, B R O W N, at email, E M A I L. Dot com.",ashley that is a s h l e y dot brown b r o w n at email e m a i l dot com
en-US,conv-3-turn-6.txt,Yeah. It's 1 2 1 2 1 2 3 4 5 6 7.,"Yeah, it's one, two, one, two, one, two, three, four, five, six, seven.",yeah it is one two one two one two three four five six seven
en-US,conv-3-turn-7.txt,Yes.,Yes.,yes
en-US,conv-3-turn-8.txt,Can you verify what address it's been shipped to?,Can you verify what address it's being shipped to?,can you verify what address it is being shipped to
en-US,conv-3-turn-9.txt,"No, but if I give you my address, are you able to verify them?","No, but if I give you my address, are you able to verify them?",no but if i give you my address are you able to verify them
en-US,conv-30-turn-0.txt,I'm waiting on a replacement card and I want to know the status of it.,"I'm waiting on a on a replacement card, and I want to know the status of it.",i am waiting on a on a replacement card and i want to know the status of it
en-US,conv-30-turn-1.txt,C N 6 3 7 8 2 4 6.,C N six three seven eight two four six.,c n six three seven eight two four six
en-US,conv-30-turn-2.txt,John Brown.,John Brown.,john brown
en-US,conv-30-turn-3.txt,John dot Brown at email dot com.,John dot Brown at email dot com.,john dot brown at email dot com
en-US,conv-30-turn-4.txt,2 1 2 1 2 3 4 5 6 7.,Two one two one two three four five six seven.,two one two one two three four five six seven
en-US,conv-30-turn-5.txt,Yes.,Yes.,yes
en-US,conv-30-turn-6.txt,No.,No.,no
en-US,conv-31-turn-0.txt,I need my tracking number.,I need my tracking number.,i need my tracking number
en-US,conv-31-turn-1.txt,I don't have that.,I don't have that.,i do not have that
en-US,conv-31-turn-10.txt,No. I don't have it.,"No, I don't have it.",no i do not have it
en-US,conv-31-turn-11.txt,No. That would be it. Thank you.,"No, that would be it. Thank you.",no that would be it thank you
en-US,conv-31-turn-2.txt,Ashley Brown.,Ashley Brown.,ashley brown
en-US,conv-31-turn-3.txt,Ashley dot.,Ashley. Dot.,ashley dot
en-US,conv-31-turn-4.txt,Ashley dot Brown at email dot com.,Ashley dot Brown at email dot com.,ashley dot brown at email dot com
en-US,conv-31-turn-5.txt,1 2 1 2 1 2 3 4 5 6 7.,"One, two, one, two, one, two, three, four, five, six, seven.",one two one two one two three four five six seven
en-US,conv-31-turn-6.txt,Yes.,Yes.,yes
en-US,conv-31-turn-7.txt,"You know, I do not have that.","No, I do not have that.",no i do not have that
en-US,conv-31-turn-8.txt,Sure.,Sure.,sure
en-US,conv-31-turn-9.txt,What about my address?,What about by address?,what about by address
en-US,conv-32-turn-0.txt,Hello. I would like information on a new card.,"Hello, um, I would like uh information on a new card.",hello i would like information on a new card
en-US,conv-32-turn-1.txt,Yes.,Yes.,yes
en-US,conv-32-turn-10.txt,I need the latest statement or invoice.,I need the latest statement or invoice.,i need the latest statement or invoice
en-US,conv-32-turn-11.txt,How do I get a higher limit?,How do I get a higher limit?,how do i get a higher limit
en-US,conv-32-turn-12.txt,"Okay. But I need an invoice statement, please.","Okay, but I need an invoice statement, please.",okay but i need an invoice statement please
en-US,conv-32-turn-13.txt,Sure.,Sure.,sure
en-US,conv-32-turn-14.txt,Please try again.,Please try again.,please try again
en-US,conv-32-turn-15.txt,No.,No.,no
en-US,conv-32-turn-16.txt,No.,No.,no
en-US,conv-32-turn-17.txt,Can you connect me to a human agent?,Can you connect me to a human agent?,can you connect me to a human agent
en-US,conv-32-turn-18.txt,"Okay. But I'm waiting for a new card, and I would like to know the status of that.","Okay, but I'm waiting for a new card, and I would like to know the status of that.",okay but i am waiting for a new card and i would like to know the status of that
en-US,conv-32-turn-2.txt,Can you repeat that?,Can you repeat that?,can you repeat that
en-US,conv-32-turn-3.txt,So it's C N 1 2 9 5 2 5 7?,So it's C N one two nine five two five seven.,so it is c n one two nine five two five seven
en-US,conv-32-turn-4.txt,"Okay. So, C N 1 2 9 5 1 5 7.","Okay, so C N one two nine five one five seven.",okay so c n one two nine five one five seven
en-US,conv-32-turn-5.txt,Ashley Brown.,Ashley Brown.,ashley brown
en-US,conv-32-turn-6.txt,Ashley dot Brown at email dot com.,Ashley Brown at email dot com.,ashley brown at email dot com
en-US,conv-32-turn-7.txt,1 2 1 2 1 2 3 4 5 6 7.,"One, two, one, two, one, two, three, four, five, six, seven.",one two one two one two three four five six seven
en-US,conv-32-turn-8.txt,Yes.,Yes.,yes
en-US,conv-32-turn-9.txt,No. I need information on my latest statement.,"No, I need information on my latest statement.",no i need information on my latest statement
en-US,conv-33-turn-0.txt,I need tracking information on my card.,I need tracking information on my card.,i need tracking information on my card
en-US,conv-33-turn-1.txt,"Can you repeat that, please?","Can you repeat that, please?",can you repeat that please
en-US,conv-33-turn-10.txt,No. It's still not there.,"No, it's still not there.",no it is still not there
en-US,conv-33-turn-11.txt,"I would like my statement or invoices, please.","I would like my statement or invoices, please.",i would like my statement or invoices please
en-US,conv-33-turn-12.txt,"Yes, please.","Yes, please.",yes please
en-US,conv-33-turn-13.txt,Can you please give me my tracking number?,Can you please give me my tracking number?,can you please give me my tracking number
en-US,conv-33-turn-14.txt,"No, thank you.","No, thank you.",no thank you
en-US,conv-33-turn-15.txt,Goodbye.,Goodbye.,goodbye
en-US,conv-33-turn-2.txt,"No. Repeat that, please.","No, repeat that, please.",no repeat that please
en-US,conv-33-turn-3.txt,C N 5 7 3 5 3 4 8. Is that correct?,C N five seven three five three four eight. Is that correct?,c n five seven three five three four eight is that correct
en-US,conv-33-turn-4.txt,Ashley Brown.,Ashley Brown.,ashley brown
en-US,conv-33-turn-5.txt,Ashley dot Brown at email dot com.,Ashley dot Brown at email dot com.,ashley dot brown at email dot com
en-US,conv-33-turn-6.txt,1 2 1 2 1 2 3 4 5 6 7.,One two one two one two three four five six seven.,one two one two one two three four five six seven
en-US,conv-33-turn-7.txt,Yes.,Yes.,yes
en-US,conv-33-turn-8.txt,How do I get a higher limit?,How do I get a higher limit?,how do i get a higher limit
en-US,conv-33-turn-9.txt,Okay. I'm not seeing that.,"Okay, I'm not seeing that.",okay i am not seeing that
en-US,conv-34-turn-0.txt,I want a higher limit on my credit card.,I want a higher limit on my credit card.,i want a higher limit on my credit card
en-US,conv-34-turn-1.txt,Yes. Go right ahead.,Yes. Go right ahead.,yes go right ahead
en-US,conv-34-turn-10.txt,1 2 1 2 1 2 3 4 5 6 7.,"One, two, one, two, one, two, three, four, five, six, seven.",one two one two one two three four five six seven
en-US,conv-34-turn-11.txt,Yes.,Yes.,yes
en-US,conv-34-turn-12.txt,"May you give me my invoices, please?","May you give me my invoices, please.",may you give me my invoices please
en-US,conv-34-turn-13.txt,Yes.,Yes.,yes
en-US,conv-34-turn-14.txt,I never received a notification.,I never received a notification.,i never received a notification
en-US,conv-34-turn-15.txt,Yes.,Yes.,yes
en-US,conv-34-turn-16.txt,May I talk to an agent?,May I talk to an agent?,may i talk to an agent
en-US,conv-34-turn-17.txt,No. That would be it.,"No, that would be it.",no that would be it
en-US,conv-34-turn-2.txt,"Can you repeat that slowly, please?","Can you repeat that slowly, please?",can you repeat that slowly please
en-US,conv-34-turn-3.txt,C N 0 0 8 9 4 7 0.,C N zero zero eight nine four seven zero.,c n zero zero eight nine four seven zero
en-US,conv-34-turn-4.txt,"So, it's C N 0 0 8 9 7 4 0. Correct?","So it's C N zero zero eight nine seven four zero, correct?",so it is c n zero zero eight nine seven four zero correct
en-US,conv-34-turn-5.txt,Ashley Brown.,Ashley Brown.,ashley brown
en-US,conv-34-turn-6.txt,Ashley dot Brown at email dot com.,Ashley dot Brown at email dot com.,ashley dot brown at email dot com
en-US,conv-34-turn-7.txt,It is 1 2 1 2 1 2 3 4 5 6 7.,"It is one, two, one, two, one, two, three, four, five, six, seven.",it is one two one two one two three four five six seven
en-US,conv-34-turn-8.txt,"The phone number is 1 2 1 2 1 2 3 4 5 6 7. That's what you got, right?","The phone number is one two one one two three four five six seven. That's what you got, right?",the phone number is one two one one two three four five six seven that is what you got right
en-US,conv-34-turn-9.txt,No.,No.,no
en-US,conv-35-turn-0.txt,"Hi, Anna. I was trying to see about getting a copy of my last statement.","Hi Anna, I was trying to see about getting a copy of my last statement.",hi anna i was trying to see about getting a copy of my last statement
en-US,conv-35-turn-1.txt,This is for the Visa card.,This is for the visa card.,this is for the visa card
en-US,conv-35-turn-10.txt,That is right.,That is right.,that is right
en-US,conv-35-turn-11.txt,"Okay. Actually, can you give me the dates of what the statement dates are, the ending and closing dates?","Okay. Actually, can you give me the dates of what the statement the statement dates are the ending and closing dates.",okay actually can you give me the dates of what the statement the statement dates are the ending and closing dates
en-US,conv-35-turn-12.txt,Thank you.,Thank you.,thank you
en-US,conv-35-turn-13.txt,"Let me see. So, you can't see the dates. Do you see what the date of the statement was generated?",Let me see. So you can't see the dates. Do you see what the date of the the statement was generated?,let me see so you cannot see the dates do you see what the date of the the statement was generated
en-US,conv-35-turn-14.txt,Okay.,Okay.,okay
en-US,conv-35-turn-15.txt,"Yeah, you're very welcome. Okay. Okay.","Uh, yeah. You're very welcome. Um. Okay. Okay.",yeah you are very welcome okay okay
en-US,conv-35-turn-16.txt,"I'm gonna be fine. I didn't really get much accomplished, but thank you very much for whatever you did.","Yeah, that'll be fine. I didn't really get much accomplished, but thank you very much for whatever you did.",yeah that will be fine i did not really get much accomplished but thank you very much for whatever you did
en-US,conv-35-turn-17.txt,Have a great day.,That's a great day.,that is a great day
en-US,conv-35-turn-18.txt,Bye-bye.,Bye bye.,bye bye
en-US,conv-35-turn-2.txt,"Okay. Yeah, go ahead.","Okay. Yeah, go ahead.",okay yeah go ahead
en-US,conv-35-turn-3.txt,Yeah. That was a little quick. C N 4 6 7 6 2 6 6.,"Yeah, that was a little quick. C N four six seven six two six six.",yeah that was a little quick c n four six seven six two six six
en-US,conv-35-turn-4.txt,Okay. Okay. Go ahead.,Okay. Okay. Go ahead.,okay okay go ahead
en-US,conv-35-turn-5.txt,Ashley is my first name. Last name is Brown. Do you need me to spell that?,Ashley is my first name. Last name is Brown. Do you need me to spell that?,ashley is my first name last name is brown do you need me to spell that
en-US,conv-35-turn-6.txt,Okay. Right.,Okay. Right.,okay right
en-US,conv-35-turn-7.txt,Ashley dot Brown at email dot com.,Ashley dot Brown at email dot com.,ashley dot brown at email dot com
en-US,conv-35-turn-8.txt,"Phone number? My phone number is 2 1 2, area code, 1 2 3.","Phone number. My phone number is two one two, area code one two three.",phone number my phone number is two one two area code one two three
en-US,conv-35-turn-9.txt,4 5 6 7.,"Four, five, six, seven.",four five six seven
en-US,conv-36-turn-0.txt,I want a higher credit limit.,I want a higher credit limit.,i want a higher credit limit
en-US,conv-36-turn-1.txt,Yes. But please do it slowly.,"Yes, but please do it slowly.",yes but please do it slowly
en-US,conv-36-turn-10.txt,Can you please check on my replacement card first?,Can you please check on my replacement card first?,can you please check on my replacement card first
en-US,conv-36-turn-11.txt,I never received notification.,I never received notification.,i never received notification
en-US,conv-36-turn-12.txt,"No, it's not there.","No, it's not there.",no it is not there
en-US,conv-36-turn-13.txt,Transfer.,Transfer.,transfer
en-US,conv-36-turn-14.txt,"Can you repeat my tracking number, please?","Can you repeat my tracking number, please?",can you repeat my tracking number please
en-US,conv-36-turn-15.txt,"So, it's C N 8 2 9 0 8 2 0, correct?","So it's C N eight two nine zero eight two zero, correct?",so it is c n eight two nine zero eight two zero correct
en-US,conv-36-turn-16.txt,"So, it's C N 8 2 9 2, oops. Repeat that for me, please.","So it's C N eight two nine two. Oops, repeat that for me, please.",so it is c n eight two nine two oops repeat that for me please
en-US,conv-36-turn-17.txt,"So, it's C N 8 2 9 0 2 8 0?",So it's C N eight two nine zero two eight zero.,so it is c n eight two nine zero two eight zero
en-US,conv-36-turn-18.txt,"No, that'll be it. Thank you.","No, that would be it. Thank you.",no that would be it thank you
en-US,conv-36-turn-2.txt,C N 8 2 9 8 2 0.,C N eight two nine eight two zero.,c n eight two nine eight two zero
en-US,conv-36-turn-3.txt,C N 8 2 9 0 8 2 0.,C N eight two nine zero eight two zero.,c n eight two nine zero eight two zero
en-US,conv-36-turn-4.txt,Yes.,Yes.,yes
en-US,conv-36-turn-5.txt,Ashley Brown.,Ashley Brown.,ashley brown
en-US,conv-36-turn-6.txt,Ashley dot Brown at email dot com.,Ashley dot Brown at email dot com.,ashley dot brown at email dot com
en-US,conv-36-turn-7.txt,1 2 1 2 1 2 3 4 5 6 7.,"One two, one two, one two, three four five six seven.",one two one two one two three four five six seven
en-US,conv-36-turn-8.txt,Yes.,Yes.,yes
en-US,conv-36-turn-9.txt,Can you please give me my invoices and yeah?,"Can you please give me my invoices and, yeah.",can you please give me my invoices and yeah
en-US,conv-37-turn-0.txt,"Hi. Yeah. Yeah, I'm calling because I requested a replacement card like a week ago and I still haven't received it. I just wanted to check the status.","Hi, um, yeah, I'm, yeah, I'm calling because I requested a replacement card like a week ago, and I still haven't received it. I just wanted to check the status.",hi yeah yeah i am calling because i requested a replacement card like a week ago and i still have not received it i just wanted to check the status
en-US,conv-37-turn-1.txt,Sorry. I have some background noise. My T V is on. Yeah. I'm ready.,"Sorry, I have some background noise. My TV is on. Yeah, I'm ready.",sorry i have some background noise my t v is on yeah i am ready
en-US,conv-37-turn-10.txt,Thank you.,Thank you.,thank you
en-US,conv-37-turn-11.txt,"Ah, yes. Thank you.","Ah yes, thank you.",yes thank you
en-US,conv-37-turn-12.txt,Can you tell me the address that its being sent to? I'm worried that it's being sent to my old address. I moved recently.,Um. Can you tell me the address that has been being sent to? I'm worried that it's being sent to my old address. I moved recently.,can you tell me the address that has been being sent to i am worried that it is being sent to my old address i moved recently
en-US,conv-37-turn-13.txt,"Before you do that, can you give me a copy of my most recent statement for my record?","Um. Before you do that, can, um, can you give me a copy of my most recent statement for my records?",before you do that can you give me a copy of my most recent statement for my records
en-US,conv-37-turn-14.txt,"Yes, please.","Yes, please.",yes please
en-US,conv-37-turn-15.txt,"Before you do that, how long does it take to ship my card?","Uh, before you do that, how long does it take to ship my card?",before you do that how long does it take to ship my card
en-US,conv-37-turn-16.txt,"Before you do that, will I need to request another replacement if it doesn't arrive?","Before you do that, would I need to request another replacement if it doesn't arrive?",before you do that would i need to request another replacement if it does not arrive
en-US,conv-37-turn-17.txt,"Yeah, sure.",Yeah. Sure.,yeah sure
en-US,conv-37-turn-18.txt,No. Just that. Thank you so much.,"No, just that. Thank you so much.",no just that thank you so much
en-US,conv-37-turn-19.txt,"Okay. You, too.","Okay, you too.",okay you too
en-US,conv-37-turn-2.txt,Hold on.,Hold on.,hold on
en-US,conv-37-turn-20.txt,Goodbye.,Goodbye.,goodbye
en-US,conv-37-turn-3.txt,What was it?,What was it?,what was it
en-US,conv-37-turn-4.txt,C N 7 9 0 4 2 1 1.,Seven C N C N seven nine zero four two one one.,seven c n c n seven nine zero four two one one
en-US,conv-37-turn-5.txt,C N 7 9 0 4 2 1 1.,C N seven nine zero four two one one.,c n seven nine zero four two one one
en-US,conv-37-turn-6.txt,It's Ashley Brown.,It's Ashley Brown.,it is ashley brown
en-US,conv-37-turn-7.txt,Ashley dot Brown at email dot com.,Ashley Brown at email dot com.,ashley brown at email dot com
en-US,conv-37-turn-8.txt,It's 1 2 1 2 1 2 3 4 5 6 7.,"It's one two one two, one two three four five six seven.",it is one two one two one two three four five six seven
en-US,conv-37-turn-9.txt,Yes.,Yes.,yes
en-US,conv-38-turn-0.txt,"Hi, Anna. I wanted to see if I could possibly get an increase to my credit limit.","Hi Anna, I wanted to see if I could possibly get an increase to my credit limit.",hi anna i wanted to see if i could possibly get an increase to my credit limit
en-US,conv-38-turn-1.txt,Hello? Okay.,Hello. Okay.,hello okay
en-US,conv-38-turn-10.txt,Okay.,Okay.,okay
en-US,conv-38-turn-11.txt,I'm not getting a notification. Let me check a different way here.,I'm not getting a notification. Let me check a different way here.,i am not getting a notification let me check a different way here
en-US,conv-38-turn-12.txt,Okay. No notification.,Okay. No notification.,okay no notification
en-US,conv-38-turn-13.txt,Sure.,Sure.,sure
en-US,conv-38-turn-14.txt,Thank you.,Thank you.,thank you
en-US,conv-38-turn-15.txt,What's the other method?,What's the other method?,what is the other method
en-US,conv-38-turn-16.txt,Okay. So you don't have another method to try?,Okay. So then I would need. Okay. So you don't have another method to try.,okay so then i would need okay so you do not have another method to try
en-US,conv-38-turn-17.txt,Okay.,Okay.,okay
en-US,conv-38-turn-18.txt,Okay.,Okay.,okay
en-US,conv-38-turn-2.txt,No. Could you say that one more time?,"No, could you say that one more time?",no could you say that one more time
en-US,conv-38-turn-3.txt,All right. I have C N 8 6 3 0 1 7 2.,All right. I have C N eight six three zero one seven two.,all right i have c n eight six three zero one seven two
en-US,conv-38-turn-4.txt,Okay.,Okay.,okay
en-US,conv-38-turn-5.txt,Mm-hmm.,uh-huh.,
en-US,conv-38-turn-6.txt,"First name is Ashley, and yeah, my last name is Brown.","First name is Ashley, and yeah, my last name is Brown.",first name is ashley and my last name is brown
en-US,conv-38-turn-7.txt,Email is Ashley dot Brown at email dot com.,Email is Ashley Brown at email dot com.,email is ashley brown at email dot com
en-US,conv-38-turn-8.txt,"Phone number, 2 1 2 1 2 3 4 5 6 7.",Phone number two one two one two three four five six seven.,phone number two one two one two three four five six seven
en-US,conv-38-turn-9.txt,2 1 2 1 2 3 4 5 6 7. Is that what you said?,"Two, one, two, one, two, three, four, five, six, seven. Is that what you've said?",two one two one two three four five six seven is that what you have said
en-US,conv-39-turn-0.txt,"Hi, Anna. I need to see about getting some statement copies for my Visa card.","Hi Anna, I need to see about getting some statement copies for my visa card.",hi anna i need to see about getting some statement copies for my visa card
en-US,conv-39-turn-1.txt,Okay.,Okay.,okay
en-US,conv-39-turn-10.txt,No. It's at email dot com. E M A I L dot com.,"No, it's at email dot com. E M A I L dot com.",no it is at email dot com e m a i l dot com
en-US,conv-39-turn-11.txt,"Great. Yes, go ahead.","Great. Yes, go ahead.",great yes go ahead
en-US,conv-39-turn-12.txt,"Phone number, 2 1 2 1 2 3 4 5. Were you saying something? I'm sorry. 2 1 2 1 2 3 4 5 6 7. 1 plus 1.",Phone number two one two one two three four five. Were you saying something? I'm sorry. Two one two one two three four five six seven. One plus one.,phone number two one two one two three four five were you saying something i am sorry two one two one two three four five six seven one plus one
en-US,conv-39-turn-13.txt,"Yes, it is.","Yes, it is.",yes it is
en-US,conv-39-turn-14.txt,I just need one copy. And what are the statement date ranges?,"I just need one copy, and what what are the statement date ranges?",i just need one copy and what what are the statement date ranges
en-US,conv-39-turn-15.txt,I need from September thirteenth of 2025.,I need from September thirteenth of twenty twenty-five.,i need from september thirteenth of twenty twenty five
en-US,conv-39-turn-16.txt,Yeah. What are the date ranges of the statement? What's the starting and ending date?,"Yeah, what are the date ranges of the statement? What's the the starting and ending date?",yeah what are the date ranges of the statement what is the the starting and ending date
en-US,conv-39-turn-17.txt,"Okay, thank you.",Okay. Thank you.,okay thank you
en-US,conv-39-turn-18.txt,"So they can get me the statements with the dates that I'm looking for? Yeah, that's fine.","So they can get me the statements with the dates that I'm looking for. Yeah, that's fine.",so they can get me the statements with the dates that i am looking for yeah that is fine
en-US,conv-39-turn-19.txt,Sure.,Sure.,sure
en-US,conv-39-turn-2.txt,No. That was too fast. I can't understand you. Could you do that again slowly?,"Um. No, that was too fast. I can't understand you. Could you do that again, slowly?",no that was too fast i cannot understand you could you do that again slowly
en-US,conv-39-turn-3.txt,Okay.,Okay.,okay
en-US,conv-39-turn-4.txt,"Yeah, sure. C N 4 1 7 1 3 6 9.","Yeah, sure. C in four one seven one three six nine.",yeah sure c in four one seven one three six nine
en-US,conv-39-turn-5.txt,"Okay, great. I'm sorry. You need what? Were you saying something?","Okay, great. I'm sorry. You need what? Were you saying something?",okay great i am sorry you need what were you saying something
en-US,conv-39-turn-6.txt,Three pieces?,Three pieces.,three pieces
en-US,conv-39-turn-7.txt,Okay. Okay. What would you like?,Okay. Okay. What? What would you like?,okay okay what what would you like
en-US,conv-39-turn-8.txt,"It'd be under my name, Ashley Brown. And do you want my email address?","It'll it'll be under my name, Ashley Brown. And do you want my email address?",it will it will be under my name ashley brown and do you want my email address
en-US,conv-39-turn-9.txt,Sorry. Ashley dot Brown at email dot com. Ashley dot Brown at email dot com.,"Ashley. Sorry, Ashley. Brown at email. dot com. Ashley. Brown at email. dot com.",ashley sorry ashley brown at email dot com ashley brown at email dot com
en-US,conv-4-turn-0.txt,"Good evening, Anna. I am calling because I need a copy of my latest statement, please.","Good evening, Anna. I am calling because I need a copy of my latest statement, please.",good evening anna i am calling because i need a copy of my latest statement please
en-US,conv-4-turn-1.txt,"Let me get a pen. One minute, please.","Let me get a pen. One minute, please.",let me get a pen one minute please
en-US,conv-4-turn-10.txt,"Is there a way I could get that via my home address, via postal mail?",Is there any way I could get that via my home address via postal mail?,is there any way i could get that via my home address via postal mail
en-US,conv-4-turn-11.txt,"It's 1 2 3 Main Street, Apartment 4.","It's one two three, Main Street, Apartment Four.",it is one two three main street apartment four
en-US,conv-4-turn-12.txt,"Anytown, California, 9 0 2 1 0.","Anytown, California, nine zero two one zero.",anytown california nine zero two one zero
en-US,conv-4-turn-13.txt,"Yeah, that's correct. So, I'll get it via postal mail and email?","Yeah, that's correct. So I'll get it via postal mail and email.",yeah that is correct so i will get it via postal mail and email
en-US,conv-4-turn-14.txt,"No, that's perfect. Thank you so much for your help.","No, that's perfect. Thank you so much for your help.",no that is perfect thank you so much for your help
en-US,conv-4-turn-15.txt,"You, too. Bye.",You too. Bye.,you too bye
en-US,conv-4-turn-2.txt,"Okay, I'm ready.","Okay, I'm ready.",okay i am ready
en-US,conv-4-turn-3.txt,"You went a little bit fast there. Can you please repeat it, maybe a little bit slower?",You went a little bit fast there. Can you please repeat it? Maybe a little bit slower.,you went a little bit fast there can you please repeat it maybe a little bit slower
en-US,conv-4-turn-4.txt,C N 8 0 6 5 2 3 4.,C N eight zero six five two three four.,c n eight zero six five two three four
en-US,conv-4-turn-5.txt,"Ashley. Last name, Brown.","Ashley, last name Brown.",ashley last name brown
en-US,conv-4-turn-6.txt,Ashley dot Brown at email dot com.,Ashley Brown at email dot com.,ashley brown at email dot com
en-US,conv-4-turn-7.txt,Can you repeat back to me the email just so I make sure you have the right one?,"Can you repeat back to me the email, just so I make sure you have the right one.",can you repeat back to me the email just so i make sure you have the right one
en-US,conv-4-turn-8.txt,"Yes. Okay, great. Thank you. I'll give you the phone number. It's 1 2 1 2 1 2 3 4 5 6 7.","Yes. Okay. Great. Thank you. I'll give you the phone number. It's one, two, one, two, one, two, three, four, five, six, seven.",yes okay great thank you i will give you the phone number it is one two one two one two three four five six seven
en-US,conv-4-turn-9.txt,Yes.,Yes.,yes
en-US,conv-40-turn-0.txt,"Hello Anna. I would like some information on my invoices, please.","Hello, Anna. I would like some information on my invoices, please.",hello anna i would like some information on my invoices please
en-US,conv-40-turn-1.txt,"Yes. But please, do it slow.","Yes, but please do it slow.",yes but please do it slow
en-US,conv-40-turn-10.txt,"Yes, please.","Yes, please.",yes please
en-US,conv-40-turn-11.txt,Yes.,Yes.,yes
en-US,conv-40-turn-12.txt,"So, it's C N 4 2 5 5 4 1 0.",So it's C N four two five five four one zero.,so it is c n four two five five four one zero
en-US,conv-40-turn-13.txt,No. That would be it.,"No, that would be it.",no that would be it
en-US,conv-40-turn-2.txt,C N 4 2 5 5 4 0.,C N four two five five four zero.,c n four two five five four zero
en-US,conv-40-turn-3.txt,Ashley Brown.,Ashley Brown.,ashley brown
en-US,conv-40-turn-4.txt,Ashley dot Brown at email dot com.,Ashley dot Brown at email dot com.,ashley dot brown at email dot com
en-US,conv-40-turn-5.txt,It is 1 2 1 2 1 2 3 4 5 6 7.,It is one two one two one two three four five six seven.,it is one two one two one two three four five six seven
en-US,conv-40-turn-6.txt,Yes.,Yes.,yes
en-US,conv-40-turn-7.txt,"No. I would like information on raising my credit limit, please.","Now, I would like information on raising my credit limit, please.",now i would like information on raising my credit limit please
en-US,conv-40-turn-8.txt,Okay. I've done that.,"Okay, I've done that.",okay i have done that
en-US,conv-40-turn-9.txt,"Yes. So, I'm waiting for a new replacement card. Can you please give me information on that?","Yes, I'm waiting for a new replacement card. Can you please give me information on that?",yes so i am waiting for a new replacement card can you please give me information on that
en-US,conv-41-turn-0.txt,"I would like some information on my invoices, please.","I would like some information on my invoices, please.",i would like some information on my invoices please
en-US,conv-41-turn-1.txt,"No. I need you to repeat that, please.","No, I need you to repeat that, please.",no i need you to repeat that please
en-US,conv-41-turn-10.txt,Okay. That's done.,"Okay, that's done.",okay that is done
en-US,conv-41-turn-11.txt,I need information on my new replacement card.,I need information on my new replacement card.,i need information on my new replacement card
en-US,conv-41-turn-12.txt,What if I do not receive the replacement card?,What if I do not receive the replacement card?,what if i do not receive the replacement card
en-US,conv-41-turn-13.txt,Okay. I didn't receive the card.,"Okay, I didn't receive the card.",okay i did not receive the card
en-US,conv-41-turn-14.txt,A month.,A month.,a month
en-US,conv-41-turn-15.txt,Yes.,Yes.,yes
en-US,conv-41-turn-16.txt,No. That would be it. Thank you.,"No, that would be it. Thank you.",no that would be it thank you
en-US,conv-41-turn-2.txt,C N 9 4. Nope. It's C N 9 5 4 1 5 0 6.,"C N nine four, nope. It's C N nine five four one five o six.",c n nine four nope it is c n nine five four one five o six
en-US,conv-41-turn-3.txt,Ashley Brown.,Ashley Brown.,ashley brown
en-US,conv-41-turn-4.txt,Ashley dot Brown at email dot com.,Ashley dot Brown at email dot com.,ashley dot brown at email dot com
en-US,conv-41-turn-5.txt,At email dot com.,At email dot com.,at email dot com
en-US,conv-41-turn-6.txt,It's 1 2 1 2 1 2 3 4 5 6 7.,"It's one, two, one, two, one, two, three, four, five, six, seven.",it is one two one two one two three four five six seven
en-US,conv-41-turn-7.txt,Yes.,Yes.,yes
en-US,conv-41-turn-8.txt,I need a copy of my latest invoice or statement.,I need a copy of my latest invoice or statement.,i need a copy of my latest invoice or statement
en-US,conv-41-turn-9.txt,"What about raising my credit limit, how do we go about that?",What about raising my credit limit? How do we go about that?,what about raising my credit limit how do we go about that
en-US,conv-42-turn-0.txt,"I would like my most recent invoice and statement, please.","I would like my most recent invoice and statement, please.",i would like my most recent invoice and statement please
en-US,conv-42-turn-1.txt,"It's C N 2 2 5 2 9 3 5, correct?",Is C N two two five two nine three five correct?,is c n two two five two nine three five correct
en-US,conv-42-turn-10.txt,"Yes, please.","Yes, please.",yes please
en-US,conv-42-turn-11.txt,"So, the status of my card is unavailable right now?",So the status of my card is unavailable right now.,so the status of my card is unavailable right now
en-US,conv-42-turn-12.txt,"Okay, what about my credit limit, please?","Okay. What about my credit limit, please?",okay what about my credit limit please
en-US,conv-42-turn-13.txt,"Yes, please.","Yes, please.",yes please
en-US,conv-42-turn-14.txt,No. I think that that would be it. Thank you.,"No, I think that that would be it. Thank you.",no i think that that would be it thank you
en-US,conv-42-turn-2.txt,Ashley Brown.,Ashley Brown.,ashley brown
en-US,conv-42-turn-3.txt,Ashley dot Brown at email dot com.,Ashley dot Brown at email dot com.,ashley dot brown at email dot com
en-US,conv-42-turn-4.txt,1 2 1 2 1 2 3 4 5 6 7.,"One, two, one, two, one, two, three, four, five, six, seven.",one two one two one two three four five six seven
en-US,conv-42-turn-5.txt,Absolutely.,Absolutely.,absolutely
en-US,conv-42-turn-6.txt,It can be sent to my email.,It can be sent to my email.,it can be sent to my email
en-US,conv-42-turn-7.txt,"I would like to know how to raise my credit limit, please.","I would like to know how to raise my credit limit, please.",i would like to know how to raise my credit limit please
en-US,conv-42-turn-8.txt,"No. Before we do that, I would like to know information on my new card.","No, before we do that, I would like to know information on my new card.",no before we do that i would like to know information on my new card
en-US,conv-42-turn-9.txt,How long will it take?,How long will it take?,how long will it take
en-US,conv-43-turn-0.txt,I would like information on raising my limit for my credit card.,Like information on raising my limit for my credit card.,like information on raising my limit for my credit card
en-US,conv-43-turn-1.txt,"I would like you to repeat it, please.","Could I like you to repeat it, please?",could i like you to repeat it please
en-US,conv-43-turn-10.txt,I would like my most recent invoices.,I would like my most recent invoices.,i would like my most recent invoices
en-US,conv-43-turn-11.txt,Yes.,Yes.,yes
en-US,conv-43-turn-12.txt,"Yes. I'm waiting on a new replacement card. I would like the status of that, please.","Yes, I'm waiting on a new replacement card. I would like the status of that, please.",yes i am waiting on a new replacement card i would like the status of that please
en-US,conv-43-turn-13.txt,I thought I had one on the way.,I thought I had one on the way.,i thought i had one on the way
en-US,conv-43-turn-14.txt,No. I think that would be it.,"No, I think that would be it.",no i think that would be it
en-US,conv-43-turn-15.txt,Thank you. Have a good day.,Thank you. Have a good day.,thank you have a good day
en-US,conv-43-turn-2.txt,C N 6 5 3 5 0 8 9.,C N six five three five zero eight nine.,c n six five three five zero eight nine
en-US,conv-43-turn-3.txt,C N 6 5 3 7 0 8 9.,C N six five three seven zero eight nine.,c n six five three seven zero eight nine
en-US,conv-43-turn-4.txt,Ashley Brown.,Ashley Brown.,ashley brown
en-US,conv-43-turn-5.txt,Ashley dot Brown at email dot com.,Ashley Brown at email dot com.,ashley brown at email dot com
en-US,conv-43-turn-6.txt,My phone number is 1 2 1 2 1 2 3 4 5 6 7.,My phone number is one two one two one two three four five six seven.,my phone number is one two one two one two three four five six seven
en-US,conv-43-turn-7.txt,Yes.,Yes.,yes
en-US,conv-43-turn-8.txt,Okay. I see it.,"Okay, I see it.",okay i see it
en-US,conv-43-turn-9.txt,Completed it.,Completed it.,completed it
en-US,conv-44-turn-0.txt,I would like my credit limit raised.,I would like my credit limit raised.,i would like my credit limit raised
en-US,conv-44-turn-1.txt,C N 8 7 2 4 4 6.,C N zero eight seven two four four six,c n zero eight seven two four four six
en-US,conv-44-turn-10.txt,Yes.,Yes.,yes
en-US,conv-44-turn-11.txt,Can you tell me the address on my account?,Can you tell me the address on my account?,can you tell me the address on my account
en-US,conv-44-turn-12.txt,"No, that was it.","No, that would be it.",no that would be it
en-US,conv-44-turn-13.txt,"Oh, can you repeat the tracking number, please?","Oh, can you repeat the tracking number, please?",oh can you repeat the tracking number please
en-US,conv-44-turn-14.txt,Thank you.,Thank you.,thank you
en-US,conv-44-turn-2.txt,Ashley Brown.,Ashley Brown.,ashley brown
en-US,conv-44-turn-3.txt,Ashley dot Brown at email dot com.,Ashley dot Brown at email dot com.,ashley dot brown at email dot com
en-US,conv-44-turn-4.txt,It is 1 2 1 2 1 2 3 4 5 6 7.,"It is one, two, one, two, one, two, three, four, five, six, seven.",it is one two one two one two three four five six seven
en-US,conv-44-turn-5.txt,"Yes, ma'am.","Yes, ma'am.",yes maam
en-US,conv-44-turn-6.txt,"All right, that's done. Thank you.",All right. That's done. Thank you.,all right that is done thank you
en-US,conv-44-turn-7.txt,"I would like my most recent invoices and statements, please.","I would like my most recent invoices and statements, please.",i would like my most recent invoices and statements please
en-US,conv-44-turn-8.txt,"Yes, please.","Yes, please.",yes please
en-US,conv-44-turn-9.txt,I would also like to know the status of my new card.,I would also like to know the status of my new car.,i would also like to know the status of my new car
en-US,conv-45-turn-0.txt,"I want a higher limit on my credit card, please.","I want a higher limit on my credit card, please.",i want a higher limit on my credit card please
en-US,conv-45-turn-1.txt,"Yes. Do it slow, please.","Yes, do it slow, please.",yes do it slow please
en-US,conv-45-turn-10.txt,Yes.,Yes.,yes
en-US,conv-45-turn-11.txt,Alright. I received it.,I received it.,i received it
en-US,conv-45-turn-12.txt,Already done.,Already done.,already done
en-US,conv-45-turn-13.txt,"Have a live status on my new card, please.","I would like status on my new card, please.",i would like status on my new card please
en-US,conv-45-turn-14.txt,A replacement card.,A replacement card.,a replacement card
en-US,conv-45-turn-15.txt,"I would like to know how to raise my credit limit, please.","I would like to know how to raise my credit limit, please.",i would like to know how to raise my credit limit please
en-US,conv-45-turn-16.txt,"Can you give me all my recent invoices and statements, please?","Can you give me all my recent invoices and statements, please?",can you give me all my recent invoices and statements please
en-US,conv-45-turn-17.txt,"Yes, please.","Yes, please.",yes please
en-US,conv-45-turn-18.txt,No.,No.,no
en-US,conv-45-turn-2.txt,C N 9 2 7 0 1 0.,And C N nine two seven zero one zero.,and c n nine two seven zero one zero
en-US,conv-45-turn-3.txt,C N 9 2 7 2 1 0.,C N nine two seven two one zero.,c n nine two seven two one zero
en-US,conv-45-turn-4.txt,Ashley Brown.,Ashley Brown.,ashley brown
en-US,conv-45-turn-5.txt,Ashley dot Brown at email dot com.,Ashley dot Brown at email dot com.,ashley dot brown at email dot com
en-US,conv-45-turn-6.txt,It's Ashley dot Brown at email dot com.,It's Ashley dot Brown at email dot com.,it is ashley dot brown at email dot com
en-US,conv-45-turn-7.txt,Oh.,No.,no
en-US,conv-45-turn-8.txt,"1 2 3 Main Street apartment 4, Anytown, California, 9 0 2 1 0.","One two three Main Street, Apartment Four, Anytown, California, nine zero two one zero.",one two three main street apartment four anytown california nine zero two one zero
en-US,conv-45-turn-9.txt,No. My email is Ashley dot Brown at email dot com.,"No, my email is ashley dot brown at email dot com.",no my email is ashley dot brown at email dot com
en-US,conv-46-turn-0.txt,"Hello. I would like to raise my credit limit on my credit card, please?","Hello, I would like to raise my credit limit on my credit card, please.",hello i would like to raise my credit limit on my credit card please
en-US,conv-46-turn-1.txt,"Yes. Do it slowly, please.","Yes. Do it slowly, please.",yes do it slowly please
en-US,conv-46-turn-10.txt,"Yes, please.","Yes, please.",yes please
en-US,conv-46-turn-11.txt,No. I think that will be it.,Now I think that will be it.,now i think that will be it
en-US,conv-46-turn-12.txt,"Thank you. You, too.",Thank you. You too.,thank you you too
en-US,conv-46-turn-2.txt,C N 9 8 3 5 4 1 3.,C N nine eight three five four one three.,c n nine eight three five four one three
en-US,conv-46-turn-3.txt,Ashley Brown.,Ashley Brown.,ashley brown
en-US,conv-46-turn-4.txt,Ashley dot Brown at email dot com.,Ashley Brown at email dot com.,ashley brown at email dot com
en-US,conv-46-turn-5.txt,Sure. The phone number is 1 2 1 2 1 2 3 4 5 6 7.,Sure. The phone number is one two one two one two three four five six seven.,sure the phone number is one two one two one two three four five six seven
en-US,conv-46-turn-6.txt,"Yes, that's correct.","Yes, that's correct.",yes that is correct
en-US,conv-46-turn-7.txt,That's done.,That's done.,that is done
en-US,conv-46-turn-8.txt,"Yes. I am waiting for a new replacement card, and I would really like to know the status, please.","Yes, I am waiting for a new replacement card, and I would really like to know the status, please.",yes i am waiting for a new replacement card and i would really like to know the status please
en-US,conv-46-turn-9.txt,"I need a latest copy of my statement or invoice, please.","I need a latest copy of my statement or invoice, please.",i need a latest copy of my statement or invoice please
en-US,conv-47-turn-0.txt,"Yes, hi. I was calling to see if I could get a higher limit on my credit card.",Yes. Hi. I was calling to see if I could get a higher limit on my credit card.,yes hi i was calling to see if i could get a higher limit on my credit card
en-US,conv-47-turn-1.txt,Yes.,Yes.,yes
en-US,conv-47-turn-10.txt,I'm not seeing an in-app notification.,I'm not seeing an in-app notification.,i am not seeing an in app notification
en-US,conv-47-turn-2.txt,"Can you actually repeat that back to me one more time, please?","Can you actually repeat that back to me one more time, please?",can you actually repeat that back to me one more time please
en-US,conv-47-turn-3.txt,"Okay. I have C as in cat, N as in Nancy, 0 6 7 1 7 2 7.","Okay, I have C as in cat. N is in Nancy. Zero six seven one seven two seven.",okay i have c as in cat n as in nancy zero six seven one seven two seven
en-US,conv-47-turn-4.txt,Ashley Brown.,Ashley Brown.,ashley brown
en-US,conv-47-turn-5.txt,It's Ashley period Brown at email dot com.,It's Ashley Period Brown at email dot com.,it is ashley period brown at email dot com
en-US,conv-47-turn-6.txt,1 2 1 2 1 2 3 4 5 6 7.,One two one two one two three four five six seven.,one two one two one two three four five six seven
en-US,conv-47-turn-7.txt,My email is Ashley period Brown at email dot com.,My email is ashley.period.brown at email dot com.,my email is ashley period brown at email dot com
en-US,conv-47-turn-8.txt,"No. That's not correct. It's Ashley dot Brown at email, E as in Ernie, mail dot com.","No, that's not correct. It's Ashley Brown at email. E as in Ernie. Mail dot com.",no that is not correct it is ashley brown at email e as in ernie mail dot com
en-US,conv-47-turn-9.txt,Correct.,Correct.,correct
en-US,conv-48-turn-0.txt,"Yes, hi. I was calling to see if I could get a copy of my latest statement.",Yes. Hi. I was calling to see if I could get a copy of my latest statement.,yes hi i was calling to see if i could get a copy of my latest statement
en-US,conv-48-turn-1.txt,Yes.,Yes.,yes
en-US,conv-48-turn-2.txt,"I have C as in cat, N as in Nancy, 6 2 2. And can you repeat the rest of it?","I have C is in cat, N is in Nancy, six two two, and can you repeat the rest of it?",i have c as in cat n as in nancy six two two and can you repeat the rest of it
en-US,conv-48-turn-3.txt,"Let me confirm that code. I have C as in cat, N as in Nancy, 6 2 2 6 2 0 6.","Let me confirm that code. I have C's and Cat, and is in Nancy six two two six two zero six.",let me confirm that code i have c as in cat n as in nancy six two two six two zero six
en-US,conv-48-turn-4.txt,Ashley Brown.,Ashley Brown.,ashley brown
en-US,conv-48-turn-5.txt,There is a name. It's Ashley period Brown at email dot com.,There is a name. It's Ashley Period Brown at email dot com.,there is a name it is ashley period brown at email dot com
en-US,conv-48-turn-6.txt,Yes. It's 1 2 1 2 1 2 3 4 5 6 7.,"Yes, it's one two one two one two three four five six seven.",yes it is one two one two one two three four five six seven
en-US,conv-48-turn-7.txt,"Yes, it is.","Yes, it is.",yes it is
en-US,conv-48-turn-8.txt,"Yes, please.","Yes, please.",yes please
en-US,conv-48-turn-9.txt,Thank you.,Thank you.,thank you
en-US,conv-49-turn-0.txt,I need to see about getting a higher credit limit.,I need to see about getting a higher credit limit.,i need to see about getting a higher credit limit
en-US,conv-49-turn-1.txt,Yes.,Yes.,yes
en-US,conv-49-turn-2.txt,C N 7 8 6 7 7 2 4.,C N seven eight six seven seven two four.,c n seven eight six seven seven two four
en-US,conv-49-turn-3.txt,John Brown.,John Brown.,john brown
en-US,conv-49-turn-4.txt,It's John dot Brown at email dot com.,It's John Brown at email.com.,it is john brown at email dot com
en-US,conv-49-turn-5.txt,2 1 2 1 2 3 4 5 6 7.,Two one two one two three four five six seven.,two one two one two three four five six seven
en-US,conv-49-turn-6.txt,"That's correct, yes.",That's correct. Yes.,that is correct yes
en-US,conv-49-turn-7.txt,I've got it done.,I've got it done.,i have got it done
en-US,conv-49-turn-8.txt,"No, thank you.","No, thank you.",no thank you
en-US,conv-5-turn-0.txt,"Hi Anna. I am calling, I want to know if you can help me get a higher limit on my credit card.","Hi Anna, I am calling. I want to know if you can help me get a higher limit on my credit card.",hi anna i am calling i want to know if you can help me get a higher limit on my credit card
en-US,conv-5-turn-1.txt,"Yes, please.","Yes, please.",yes please
en-US,conv-5-turn-10.txt,And that's in the app on my phone or am I doing that online?,"And that's in the app on my phone, or am I doing that online?",and that is in the app on my phone or am i doing that online
en-US,conv-5-turn-11.txt,No. I wanted to know if that was being sent to my phone or where I would find that.,"No, I I wanted to know if that was being sent to my phone or where I would find that.",no i i wanted to know if that was being sent to my phone or where i would find that
en-US,conv-5-turn-12.txt,"My mobile banking app. Okay. Can you Alright, let me just open that really quickly.","My mobile banking app. Okay, can you? All right, let me just open that really quickly.",my mobile banking app okay can you all right let me just open that really quickly
en-US,conv-5-turn-13.txt,No. I still don't see anything.,"No, I I still don't see anything.",no i i still do not see anything
en-US,conv-5-turn-14.txt,Yeah. How do I check the notification settings?,"Yeah, how do I check the notification settings?",yeah how do i check the notification settings
en-US,conv-5-turn-15.txt,Okay. 1 second.,"Okay, one second.",okay one second
en-US,conv-5-turn-16.txt,Okay. I found it but I have the notifications on already.,"Okay, I found it, but I I have the notifications on already.",okay i found it but i i have the notifications on already
en-US,conv-5-turn-17.txt,Sure.,"Uh, sure.",sure
en-US,conv-5-turn-18.txt,Thanks.,Thanks.,thanks
en-US,conv-5-turn-19.txt,No. That'll be all for today. Thank you.,"No, that'll be all for today. Thank you.",no that will be all for today thank you
en-US,conv-5-turn-2.txt,"Did I get this right, C N 6 2 1 9 4 2 5?",Did I get this right? C N six two one nine four two five.,did i get this right c n six two one nine four two five
en-US,conv-5-turn-20.txt,"You, too. Thank you. Bye.",You too. Thank you. Bye.,you too thank you bye
en-US,conv-5-turn-3.txt,"Well, sorry about that. Okay, so I have C N 6 3 1 9 4 2 5.","Well, sorry about that. Okay, so I have C N six three one nine four two five.",well sorry about that okay so i have c n six three one nine four two five
en-US,conv-5-turn-4.txt,Ashley Brown.,Ashley Brown.,ashley brown
en-US,conv-5-turn-5.txt,It's Ashley A S H L E Y dot Brown B R O W N at email E M A I L dot com.,It's Ashley A. S. H. L. E. Y. Brown B. R. O. W. N at email e m a i l dot com.,it is ashley a s h l e y brown b r o w n at email e m a i l dot com
en-US,conv-5-turn-6.txt,1 2 1 2 1 2 3 4 5 6 7.,"One, two, one, two, one, two, three, four, five, six, seven.",one two one two one two three four five six seven
en-US,conv-5-turn-7.txt,Yes.,Yes.,yes
en-US,conv-5-turn-8.txt,"Yeah, I'm ready.","Yeah, I'm ready.",yeah i am ready
en-US,conv-5-turn-9.txt,I'm not getting an app notification.,I'm not getting an an app notification.,i am not getting an an app notification
en-US,conv-6-turn-0.txt,"Good evening, Anna. My name is Ashley, and I'm calling because I need to request my latest statement be sent to me.","Good evening, Anna. My name is Ashley, and I am calling because I need to request my latest statement be sent to me.",good evening anna my name is ashley and i am calling because i need to request my latest statement be sent to me
en-US,conv-6-turn-1.txt,"Okay. Can you say it slowly, please, so I can write it down.","Okay, can you say it slowly, please, so I can write it down.",okay can you say it slowly please so i can write it down
en-US,conv-6-turn-10.txt,Can I have it sent by mail?,I'm gonna have it sent by mail.,i am going to have it sent by mail
en-US,conv-6-turn-11.txt,"It's 1 2 3 Main Street Apartment 4, Anytown, California, 9 0 2 1 0.","It's one two three Main Street, apartment four, Anytown, California nine zero two one zero.",it is one two three main street apartment four anytown california nine zero two one zero
en-US,conv-6-turn-12.txt,Ashley is fine.,Ashley is fine.,ashley is fine
en-US,conv-6-turn-13.txt,Yeah. I don't believe I gave you my last name or phone number. Do you need any other verifying information?,"Yeah, I don't believe I gave you my last name or phone number. Do you need any other verifying information?",yeah i do not believe i gave you my last name or phone number do you need any other verifying information
en-US,conv-6-turn-14.txt,Yes.,Yes.,yes
en-US,conv-6-turn-15.txt,That's all. I'll try back later.,"Uh, that's all. I'll I'll try back later.",that is all i will try back later
en-US,conv-6-turn-16.txt,"You, too. Thank you. Bye.",You too. Thank you. Bye.,you too thank you bye
en-US,conv-6-turn-2.txt,Let me get a pen and paper. Sorry.,Let me get a pen and paper. Sorry.,let me get a pen and paper sorry
en-US,conv-6-turn-3.txt,"Okay, got it. Go ahead.",Okay. Got it. Go ahead.,okay got it go ahead
en-US,conv-6-turn-4.txt,"Yes, please.","Yes, please.",yes please
en-US,conv-6-turn-5.txt,4 2 7.,"Four, two, seven.",four two seven
en-US,conv-6-turn-6.txt,Is it 4 2 7 2 9 3 8.,Is it four two seven two nine three eight?,is it four two seven two nine three eight
en-US,conv-6-turn-7.txt,"I think I got it, 4 7 2 9 3 8.","I think I got it. Four, seven, two, nine, three, eight.",i think i got it four seven two nine three eight
en-US,conv-6-turn-8.txt,Yes.,Yes.,yes
en-US,conv-6-turn-9.txt,Okay. I have 4 7 2 9 3 8.,"Okay, I have four, seven, two, nine, three, eight.",okay i have four seven two nine three eight
en-US,conv-7-turn-0.txt,Hi. I am trying to figure out when my card will be here as it's been a while since they shipped it out.,"Hi, I am trying to figure out when my card will be here, as it's been a while since they shipped it out.",hi i am trying to figure out when my card will be here as it has been a while since they shipped it out
en-US,conv-7-turn-1.txt,Yes.,Yes.,yes
en-US,conv-7-turn-10.txt,Mm-hmm.,Uh huh.,
en-US,conv-7-turn-11.txt,Yes.,Yes.,yes
en-US,conv-7-turn-12.txt,No.,No.,no
en-US,conv-7-turn-2.txt,Can you repeat that back to me?,Can you repeat that back to me?,can you repeat that back to me
en-US,conv-7-turn-3.txt,"I need you to say it again, but louder.","I need you to say it again, but louder.",i need you to say it again but louder
en-US,conv-7-turn-4.txt,Can you say it slower?,Can you say it's slower?,can you say it is slower
en-US,conv-7-turn-5.txt,"One more time, slowly.","One more time, slowly.",one more time slowly
en-US,conv-7-turn-6.txt,C N 0 2 5 0 9 5 8. Is that correct?,C N zero two five zero nine five eight. Is that correct?,c n zero two five zero nine five eight is that correct
en-US,conv-7-turn-7.txt,Ashley Brown.,Ashley Brown.,ashley brown
en-US,conv-7-turn-8.txt,Ashley dot Brown at Gmail dot com.,Ashley.Brown@gmail.com,ashley dot brown at gmail dot com
en-US,conv-7-turn-9.txt,2 1 2 1 2 3 4 5 6 7.,Two one two one two three four five six seven.,two one two one two three four five six seven
en-US,conv-8-turn-0.txt,I'm waiting on a new or replacement card and want to know its status.,"I'm waiting on a new or replacement card, and want to know its status.",i am waiting on a new or replacement card and want to know its status
en-US,conv-8-turn-1.txt,Can you say it again slowly?,Can you say it again slowly?,can you say it again slowly
en-US,conv-8-turn-2.txt,C N 0 6 6 3 2 3 5.,C N zero six six three two three five.,c n zero six six three two three five
en-US,conv-8-turn-3.txt,Ashley Brown.,Ashley Brown.,ashley brown
en-US,conv-8-turn-4.txt,Ashley dot Brown at email dot com.,Ashley Brown at email dot com.,ashley brown at email dot com
en-US,conv-8-turn-5.txt,2 1 2 1 2 3 4 5 6 7.,Two one two one two three four five six seven.,two one two one two three four five six seven
en-US,conv-8-turn-6.txt,Mm-hmm.,Uh huh.,
en-US,conv-8-turn-7.txt,"Yeah, I don't understand why it hasn't shipped yet.","Yeah, I don't understand why it hasn't shipped yet.",yeah i do not understand why it has not shipped yet
en-US,conv-8-turn-8.txt,Yes.,Yes.,yes
en-US,conv-8-turn-9.txt,Yeah.,Yeah.,yeah
en-US,conv-9-turn-0.txt,I'm looking to get a higher credit limit on my card.,I'm looking to get a higher credit limit on my card.,i am looking to get a higher credit limit on my card
en-US,conv-9-turn-1.txt,And can you repeat it slowly?,Can you repeat it slowly?,can you repeat it slowly
en-US,conv-9-turn-10.txt,Okay. Now what?,"Okay, now what?",okay now what
en-US,conv-9-turn-11.txt,And how long is that supposed to take?,And how long is that supposed to take?,and how long is that supposed to take
en-US,conv-9-turn-12.txt,Why does that have to take so long?,Why does that have to take so long?,why does that have to take so long
en-US,conv-9-turn-13.txt,I don't know how I feel about this.,I don't know how I feel about this.,i do not know how i feel about this
en-US,conv-9-turn-14.txt,I don't know.,I don't know.,i do not know
en-US,conv-9-turn-15.txt,Do we have an idea of how much higher my credit limit will be?,Do we have an idea of how much higher my credit limit will be?,do we have an idea of how much higher my credit limit will be
en-US,conv-9-turn-16.txt,Would a human agent know?,Would a human agent know?,would a human agent know
en-US,conv-9-turn-17.txt,What about a copy of my latest statement?,What about a copy of my latest statement?,what about a copy of my latest statement
en-US,conv-9-turn-18.txt,Yes.,Yes.,yes
en-US,conv-9-turn-19.txt,I'm not finding anything.,I'm not finding anything.,i am not finding anything
en-US,conv-9-turn-2.txt,How about one more time?,How about one more time?,how about one more time
en-US,conv-9-turn-20.txt,Yes.,Yes.,yes
en-US,conv-9-turn-21.txt,"No, I don't.","No, I don't.",no i do not
en-US,conv-9-turn-22.txt,Why does this have to be so hard?,Why does it have to be so hard?,why does it have to be so hard
en-US,conv-9-turn-23.txt,"Yes, please.","Yes, please.",yes please
en-US,conv-9-turn-3.txt,"1 2, okay.","One, two, okay.",one two okay
en-US,conv-9-turn-4.txt,Ashley Brown.,Ashley Brown.,ashley brown
en-US,conv-9-turn-5.txt,Ashley dot Brown at email dot com.,Ashley.Brown@email.com.,ashley dot brown at email dot com
en-US,conv-9-turn-6.txt,"Oh, you just need everything. 2 1 2 1 2 3 4 5 6 7.","Oh, you just need everything. Two, one, two, one, two, three, four, five, six, seven.",oh you just need everything two one two one two three four five six seven
en-US,conv-9-turn-7.txt,I'm sorry?,I'm sorry.,i am sorry
en-US,conv-9-turn-8.txt,Yes.,Yes.,yes
en-US,conv-9-turn-9.txt,Let's go.,Let's go.,let us go
es-MX,conv-0-turn-0.txt,"Hola, sí.",hola,hola
es-MX,conv-0-turn-1.txt,Sí. No he recibido la tarjeta nueva. La tarjeta de crédito.,"Sí, no no recibió la tarjeta nueva, la tarjeta de crédito.",sí no no recibió la tarjeta nueva la tarjeta de crédito
es-MX,conv-0-turn-10.txt,Bueno.,bueno.,bueno
es-MX,conv-0-turn-11.txt,Bien.,bien.,bien
es-MX,conv-0-turn-2.txt,C N 4 5 4.,tn cuatro cinco cuatro,tn cuatro cinco cuatro
es-MX,conv-0-turn-3.txt,C de casa.,el mercado,el mercado
es-MX,conv-0-turn-4.txt,María.,María.,maría
es-MX,conv-0-turn-5.txt,Es María López.,Es María López.,es maría lópez
es-MX,conv-0-turn-6.txt,El nombre es María López.,El nombre es María López.,el nombre es maría lópez
es-MX,conv-0-turn-7.txt,"Es. Sí, es María punto López arroba email punto com.",es sí es María punto López arroba email punto com,es sí es maría punto lópez arroba email punto com
es-MX,conv-0-turn-8.txt,"Sí, exacto.",sí exacto,sí exacto
es-MX,conv-0-turn-9.txt,Sí es más 52 55 1 2 3 4 5 6 7 8.,"Sí es más cincuenta y dos, cincuenta y cinco, uno, dos, tres, cuatro, cinco, seis, siete, ocho.",sí es más cincuenta y dos cincuenta y cinco uno dos tres cuatro cinco seis siete ocho
es-MX,conv-1-turn-0.txt,Necesito saber mi nueva tarjeta por qué no ha llegado.,necito saber mi nueva tarjeta porque no ha llegado,necito saber mi nueva tarjeta porque no ha llegado
es-MX,conv-1-turn-1.txt,Correcto.,correcto.,correcto
es-MX,conv-1-turn-10.txt,¿Hola?,Hola.,hola
es-MX,conv-1-turn-11.txt,Sí. ¿Me podrías repetir? Porque se cortó un poco.,"Sí, ¿me podrías repetir? Porque se rompió un poco.",sí me podrías repetir porque se rompió un poco
es-MX,conv-1-turn-12.txt,Sí. ¿Cómo se llama la empresa que hace el envío?,"Sí, ¿cómo se llama la empresa que se le envió?",sí cómo se llama la empresa que se le envió
es-MX,conv-1-turn-13.txt,"Bueno, perfecto.",bueno perfecto.,bueno perfecto
es-MX,conv-1-turn-14.txt,"¿Me podrías dar el número de atención al cliente, como para que por ahí pueda comunicarme con un agente?",me podría dar el número de atención al cliente como para que por ahí pueda comunicarme con un agente,me podría dar el número de atención al cliente como para que por ahí pueda comunicarme con un agente
es-MX,conv-1-turn-15.txt,Bueno. ¿Tiene algún costo el envío?,"Bueno, tiene algún costo el envío?",bueno tiene algún costo el envío
es-MX,conv-1-turn-16.txt,"No, está bien.",no está bien,no está bien
es-MX,conv-1-turn-17.txt,Igualmente.,igualmente.,igualmente
es-MX,conv-1-turn-2.txt,Quería saber qué pudo pasar.,si quería saber qué pudo pasar,si quería saber qué pudo pasar
es-MX,conv-1-turn-3.txt,Sí.,sí.,sí
es-MX,conv-1-turn-4.txt,María López.,María López.,maría lópez
es-MX,conv-1-turn-5.txt,María punto López arroba email punto com.,maría punto lópez arroba email punto com,maría punto lópez arroba email punto com
es-MX,conv-1-turn-6.txt,Más 52 55 1 2 3 4 5 6 7 8.,más cincuenta y dos cincuenta y cinco uno dos tres cuatro y cinco seis siete ocho,más cincuenta y dos cincuenta y cinco uno dos tres cuatro y cinco seis siete ocho
es-MX,conv-1-turn-7.txt,"Sí, por favor. Quisiera saber cuál es el número de envío, el seguimiento para poder verificarlo. No sé si tengo que hacerlo por la aplicación o por email.","Sí, por favor, quisiera saber cuál es el número de envío, el seguimiento, para para poder verificarlo. No sé si tengo que hacerlo en la aplicación o en por mail.",sí por favor quisiera saber cuál es el número de envío el seguimiento para para poder verificarlo no sé si tengo que hacerlo en la aplicación o en por mail
es-MX,conv-1-turn-8.txt,"Sí, eso es lo que no sé cómo encontrarlo, exacto.",sí eso es lo que no no sé cómo encontrar,sí eso es lo que no no sé cómo encontrar
es-MX,conv-1-turn-9.txt,¿Hola?,hola.,hola
es-MX,conv-10-turn-0.txt,"Sí. Necesitaría saber, que me envíen el extracto de mi cuenta. Una copia.","Si necesitaría saber que me envíen el extracto de mi cuenta, una cosa.",si necesitaría saber que me envíen el extracto de mi cuenta una cosa
es-MX,conv-10-turn-1.txt,Sí.,sí.,sí
es-MX,conv-10-turn-10.txt,¿Hola?,Hola.,hola
es-MX,conv-10-turn-11.txt,Es María punto López arroba email punto com.,maría punto lópez arroba email punto com,maría punto lópez arroba email punto com
es-MX,conv-10-turn-12.txt,Más 52 5 5 1 2 3 4 5 6 7 8.,más cincuenta y dos cinco cinco uno dos tres cuatro cinco seis siete ocho,más cincuenta y dos cinco cinco uno dos tres cuatro cinco seis siete ocho
es-MX,conv-10-turn-13.txt,"Urión, Tlatilco.",Orión.,urión
es-MX,conv-10-turn-14.txt,"Urión 30, col. Tlatilco.",Uryón treinta Coltratilco,uryón treinta coltratilco
es-MX,conv-10-turn-15.txt,"No. El correo lo tienes mal. No es Gmail, es email.","No, el correo lo tienes mal. No es el el el el el email.",no el correo lo tienes mal no es el el el el el email
es-MX,conv-10-turn-16.txt,No. Te falta el punto. María punto López arroba email punto com.,no no te falta te falt falta el punto sería sería punto lópez arroba email punto com,no no te falta te falt falta el punto sería sería punto lópez arroba email punto com
es-MX,conv-10-turn-17.txt,"No es Gmail, es email.","No, no es email.",no no es email
es-MX,conv-10-turn-18.txt,"No, no es Gmail. Está mal. El correo está mal.","No, no es Gmail. Está mal, el correo está mal.",no no es gmail esta mal el correo esta mal
es-MX,conv-10-turn-19.txt,"Es María punto López arroba email, se escribe email punto com.",es María punto López arroba m email es escribe email punto com,es maría punto lópez arroba m email es escribe email punto com
es-MX,conv-10-turn-2.txt,C N 7 8 7.,Cn siete ochocientos siete.,c n siete ochocientos siete
es-MX,conv-10-turn-20.txt,"No, solo una M. Una sola M. Email, con una sola M.",no solo una e solo una sola email con una sola m,no solo una e solo una sola email con una sola m
es-MX,conv-10-turn-21.txt,"No, email. E M A I L.",no M E M A I L,no m e m a i l
es-MX,conv-10-turn-22.txt,"No, te falta la E al principio. Es E M A I L.","No, te falta la e al principio es e m a i l",no te falta la e al principio es e m a i l
es-MX,conv-10-turn-23.txt,"Sí, ahora sí.",sí y ahora,sí y ahora
es-MX,conv-10-turn-24.txt,"No, está mal el correo de vuelta. Está mal. El correo está mal. Es María punto López arroba E.",no está mal el correo está mal es María punto López arroba,no está mal el correo está mal es maría punto lópez arroba
es-MX,conv-10-turn-25.txt,María punto López arroba E M.,María punto López arroba e m,maría punto lópez arroba e m
es-MX,conv-10-turn-26.txt,Sí.,sí.,sí
es-MX,conv-10-turn-27.txt,Arroba E M A I L punto com.,arroba m m a i l puntocom,arroba m m a i l puntocom
es-MX,conv-10-turn-3.txt,Sí. Es C N 7 8 7.,P E S C siete ocho siete,p e s c siete ocho siete
es-MX,conv-10-turn-4.txt,7 8 7.,siete ocho siete,siete ocho siete
es-MX,conv-10-turn-5.txt,Sí. Te repito el código.,Sí sí te repito el código.,sí sí te repito el código
es-MX,conv-10-turn-6.txt,"No, no, no. Te lo repito yo. Es C N 7 8 7.","No, no, no. Te lo pido yo. Es C N siete ocho siete.",no no no te lo pido yo es c n siete ocho siete
es-MX,conv-10-turn-7.txt,"María López, el nombre.","María López, el nombre.",maría lópez el nombre
es-MX,conv-10-turn-8.txt,María.,María.,maría
es-MX,conv-10-turn-9.txt,María.,María.,maría
es-MX,conv-11-turn-0.txt,"Buenos días, quiero aumentar mi límite de crédito.",Buenos días. Quiero aumentar mi límite de crédito.,buenos días quiero aumentar mi límite de crédito
es-MX,conv-11-turn-1.txt,"Sí, deja encuentro algo para anotarlo.",sí deja encuentro anotarlo,sí deja encuentro anotarlo
es-MX,conv-11-turn-10.txt,Es 5 5 1 2 3 4 5 6 7 8.,es cinco cinco uno dos tres cuatro cinco seis siete ocho,es cinco cinco uno dos tres cuatro cinco seis siete ocho
es-MX,conv-11-turn-11.txt,Sí.,sí.,sí
es-MX,conv-11-turn-12.txt,Sí.,sí.,sí
es-MX,conv-11-turn-13.txt,Oye una duda.,"Oye, una duda.",oye una duda
es-MX,conv-11-turn-14.txt,¿A cuánto me van a aumentar el crédito?,¿A cuánto me van a aumentar el crédito?,a cuánto me van a aumentar el crédito
es-MX,conv-11-turn-15.txt,Este ¿ya terminado aquí entonces?,este ya terminamos aquí entonces,ya terminamos aquí entonces
es-MX,conv-11-turn-16.txt,"Ah pues entonces no, todo bien.",ah pues entonces no todo bien,pues entonces no todo bien
es-MX,conv-11-turn-17.txt,Gracias igualmente.,gracias igualmente.,gracias igualmente
es-MX,conv-11-turn-2.txt,C N 0 1 0.,cn cero uno cero,c n cero uno cero
es-MX,conv-11-turn-3.txt,"Sí, es C N 0 1 0.",Sí es C N cero uno cero.,sí es c n cero uno cero
es-MX,conv-11-turn-4.txt,María López.,Maria Lopez.,maria lopez
es-MX,conv-11-turn-5.txt,No me acuerdo. Deja lo checo.,no me acuerdo dejarlo chico es,no me acuerdo dejarlo chico es
es-MX,conv-11-turn-6.txt,Ya.,ya.,ya
es-MX,conv-11-turn-7.txt,"Sí, es María punto López arroba email punto com.",Sí es María punto López arroba email punto com.,sí es maría punto lópez arroba email punto com
es-MX,conv-11-turn-8.txt,No.,no.,no
es-MX,conv-11-turn-9.txt,"Sí, es María punto López arroba email punto com.","Sí, es María punto López arroba email punto com.",sí es maría punto lópez arroba email punto com
es-MX,conv-12-turn-0.txt,Buenos días. Es que quiero solicitar una nueva tarjeta porque me robaron la mía.,buenos días este es que quiero solicitar una nueva tarjeta porque me robaron la mía,buenos días es que quiero solicitar una nueva tarjeta porque me robaron la mía
es-MX,conv-12-turn-1.txt,"Déjeme, encuentro dónde anotarlo.",déjeme encuentro dónde anotarlo.,déjeme encuentro dónde anotarlo
es-MX,conv-12-turn-10.txt,¿Entonces ya lo solicitaste por mí?,entonces ya lo solicitaste por mí.,entonces ya lo solicitaste por mi
es-MX,conv-12-turn-11.txt,"Muchas gracias, así está bien.",ay muchas gracias ya así está bien,ay muchas gracias ya así está bien
es-MX,conv-12-turn-12.txt,Igualmente.,igualmente,igualmente
es-MX,conv-12-turn-2.txt,Listo.,listo.,listo
es-MX,conv-12-turn-3.txt,C N 2 1 7.,cn dos uno siete,c n dos uno siete
es-MX,conv-12-turn-4.txt,María López.,María López.,maría lópez
es-MX,conv-12-turn-5.txt,Es María punto López arroba email punto com.,es María punto López arroba email punto com,es maría punto lópez arroba email punto com
es-MX,conv-12-turn-6.txt,¡Ay disculpe! No escuché. ¿Lo puede repetir?,ay disculpe no no escuché lo puedes repetir,ay disculpe no no escuché lo puedes repetir
es-MX,conv-12-turn-7.txt,Es María punto López arroba email punto com.,este es María punto López arroba email punto com,es maría punto lópez arroba email punto com
es-MX,conv-12-turn-8.txt,Es 55 1 2 3 4 56 78.,este cincuenta y cinco uno dos tres cuatro cincuenta y seis setenta y ocho,cincuenta y cinco uno dos tres cuatro cincuenta y seis setenta y ocho
es-MX,conv-12-turn-9.txt,Sí.,sí.,sí
es-MX,conv-13-turn-0.txt,"Hola Ana, gracias. Mi nombre es Aquiles, perdón, Juan. Bueno, uso los dos nombres. El registrado con ustedes es Juan, mil disculpas. Quería saber si me podías ayudar con información para poder aumentar el límite de mi tarjeta de crédito.","Hola Ana, gracias. Mi nombre es Aquiles, perdón, este Juan. Bueno, uso los dos nombres. El registrado con ustedes es Juan. Mil disculpas. Este quería saber si me podías ayudar con información para poder aumentar el límite de mi tarjeta de crédito.",hola ana gracias mi nombre es aquiles perdón juan bueno uso los dos nombres el registrado con ustedes es juan mil disculpas quería saber si me podías ayudar con información para poder aumentar el límite de mi tarjeta de crédito
es-MX,conv-13-turn-1.txt,"A ver, dame un momento. Necesito papel y lápiz. Dame un momento por favor.","A ver, dame un momento. Necito papel y lápiz. Dame un momento, por favor.",a ver dame un momento necito papel y lápiz dame un momento por favor
es-MX,conv-13-turn-10.txt,"Sí, este tengo que.",si este tengo que,si tengo que
es-MX,conv-13-turn-11.txt,"A ver, permíteme un momento, déjame abrir la aplicación en mi teléfono, ¿OK?","A ver, permíteme un momento, déjame abrirla en la aplicación en mi teléfono, ¿ok?",a ver permíteme un momento déjame abrirla en la aplicación en mi teléfono okay
es-MX,conv-13-turn-12.txt,"Muy bien, no me cuelgues por favor.",muy bien no me cuelgues por favor,muy bien no me cuelgues por favor
es-MX,conv-13-turn-13.txt,"Muy bien, estoy abriendo la aplicación y me voy a notificaciones, ¿verdad?",muy bien estoy abriendo la aplicación y me voy a notificaciones ¿verdad,muy bien estoy abriendo la aplicación y me voy a notificaciones verdad
es-MX,conv-13-turn-14.txt,"Muy bien, sí, ya la vi.",muy bien sí ya la vi,muy bien sí ya la vi
es-MX,conv-13-turn-15.txt,"A ver dame un par de minutos porque leer las indicaciones, ¿OK?",a ver dame un par de minutos porque necesito leer las indicaciones okay,a ver dame un par de minutos porque necesito leer las indicaciones okay
es-MX,conv-13-turn-16.txt,"Muy bien, creo que voy a necesitar un poco más de tiempo para terminar con lo de las instrucciones. ¿Necesito que estés conmigo en la línea para terminar el proceso o puedo colgar y hacerlo por mí mismo?","Muy bien, creo que voy a necesitar un poco de más de tiempo para terminar con lo de las instrucciones. Necesito que estés conmigo en la línea para terminar el proceso o puedo colgar y hacerlo por mí mismo.",muy bien creo que voy a necesitar un poco de más de tiempo para terminar con lo de las instrucciones necesito que estés conmigo en la línea para terminar el proceso o puedo colgar y hacerlo por mí mismo
es-MX,conv-13-turn-17.txt,"Sí, por favor.","Sí, por favor.",sí por favor
es-MX,conv-13-turn-18.txt,"Sí, oye, ¿cómo pudiera ver mi último estado de cuenta en la aplicación?","Sí, oye, cómo pudiera ver mi último estado de cuenta en la aplicación.",sí oye cómo pudiera ver mi último estado de cuenta en la aplicación
es-MX,conv-13-turn-19.txt,"Sí, por favor.","Sí, por favor.",sí por favor
es-MX,conv-13-turn-2.txt,Muy bien. ¿Me puedes dar el código por favor?,muy bien me puedes dar el código por favor,muy bien me puedes dar el código por favor
es-MX,conv-13-turn-20.txt,Sí.,Sí.,sí
es-MX,conv-13-turn-21.txt,Listo.,listo.,listo
es-MX,conv-13-turn-22.txt,"Sí, ya lo vi.",um sí ya lo vi.,sí ya lo vi
es-MX,conv-13-turn-23.txt,"A ver, déjame intentarlo. Voy a buscar el mes pasado.",a ver déjame intentarlo voy a buscar el mes pasado,a ver déjame intentarlo voy a buscar el mes pasado
es-MX,conv-13-turn-24.txt,"Sí, ya la puedo ver aquí. Oye ¿y me podrían hacer llegar también llegar el estado de cuenta por correo fisco?",sí ya la puedo ver aquí oye y me podrían hacer también llegar el estado de cuenta por correo físico,sí ya la puedo ver aquí oye y me podrían hacer también llegar el estado de cuenta por correo físico
es-MX,conv-13-turn-25.txt,"Sí, este. ¿El agente me puede ayudar también a saber cuál sería el monto para el aumento de cuenta en el límite de la tarjeta?",sí este la gente me puede ayudar también a saber cuál sería el monto para una para el aumento de cuenta en mi límite en la tarjeta,sí la gente me puede ayudar también a saber cuál sería el monto para una para el aumento de cuenta en mi límite en la tarjeta
es-MX,conv-13-turn-26.txt,"No, no el estado de cuenta ya lo pude ver. Te lo agradezco mucho.",no no no el estado de cuenta ya lo pude ver te lo agradezco mucho,no no no el estado de cuenta ya lo pude ver te lo agradezco mucho
es-MX,conv-13-turn-27.txt,"Gracias, Ana, te lo agradezco. Que estés muy bien. Hasta luego.","Gracias, Ana, te lo agradezco mucho. Que estés muy bien. Hasta luego.",gracias ana te lo agradezco mucho que estés muy bien hasta luego
es-MX,conv-13-turn-3.txt,"Sí, es C de casa, N de Nancy, número 4 número 1 y número 6.","Si es C de casa, N de Nancy, número cuatro, número uno y número seis.",sí es c de casa n de nancy número cuatro número uno y número seis
es-MX,conv-13-turn-4.txt,"Sí, es Juan López.","Sí, es Juan López.",sí es juan lópez
es-MX,conv-13-turn-5.txt,"Sí, el registrado es Juan punto López arroba email punto com.","Sí, el registrado es Juan punto López arroba e-mail punto com.",sí el registrado es juan punto lópez arroba email punto com
es-MX,conv-13-turn-6.txt,"Sí, ¿necesitas los diez dígitos o incluyo el código de país?",Si necesitas los diez dígitos o incluyó el código de país.,si necesitas los diez digitos o incluyo el codigo de pais
es-MX,conv-13-turn-7.txt,"Muy bien, es 5 5 1 2 3 4 5 6 7 8.",muy bien es cinco cinco uno dos tres cuatro cinco seis siete ocho,muy bien es cinco cinco uno dos tres cuatro cinco seis siete ocho
es-MX,conv-13-turn-8.txt,"No, el dominio del correo es email punto com.","No, el dominio del correo es email puntocom.",no el dominio del correo es email puntocom
es-MX,conv-13-turn-9.txt,"Sí, exacto, gracias.","Sí, exacto, gracias.",sí exacto gracias
es-MX,conv-14-turn-0.txt,"Buenos días. Es que noté, me llegó una notificación en la app de una transferencia pero pues yo no la hice. Y me preocupa mucha.","Buenos días. Es que noté, me llegó una notificación en la app de una transferencia, pero pues yo no la hice y me preocupa mucho.",buenos días es que noté me llegó una notificación en la app de una transferencia pero pues yo no la hice y me preocupa mucho
es-MX,conv-14-turn-1.txt,Sí.,este sí,sí
es-MX,conv-14-turn-10.txt,No.,no.,no
es-MX,conv-14-turn-11.txt,"Sí, es 5 5 1 2 3 4 5 6 7 8.",sí es cinco cinco uno dos tres cuatro cinco seis siete ocho,sí es cinco cinco uno dos tres cuatro cinco seis siete ocho
es-MX,conv-14-turn-12.txt,No.,no.,no
es-MX,conv-14-turn-13.txt,Sí. 55 12 34 56 78.,"sí, cincuenta y cinco, doce, treinta y cuatro, cincuenta y seis, setenta y ocho",sí cincuenta y cinco doce treinta y cuatro cincuenta y seis setenta y ocho
es-MX,conv-14-turn-14.txt,"Sí, ahora sí.","Sí, ahora sí.",sí ahora sí
es-MX,conv-14-turn-15.txt,"Es, el monto es de 3200 pesos. Pues la fecha es de ayer en la noche y el destinatario pues es una cuenta particular, no, no sé cuál es.",este el monto es de tres mil doscientos pesos pues la fecha es de ayer en la noche y el destinatario pues es una cuenta particular no no sé cuál es,el monto es de tres mil doscientos pesos pues la fecha es de ayer en la noche y el destinatario pues es una cuenta particular no no sé cuál es
es-MX,conv-14-turn-16.txt,Sí.,sí,sí
es-MX,conv-14-turn-17.txt,Oye. Oye.,"oye, oye",oye oye
es-MX,conv-14-turn-18.txt,El código de seguimiento es C N 171.,el código de seguimiento era C N ciento setenta y uno.,el código de seguimiento era c n ciento setenta y uno
es-MX,conv-14-turn-19.txt,¿Me lo puedes repetir?,"Ay, me me lo puedes repetir.",me lo puedes repetir
es-MX,conv-14-turn-2.txt,Es C N 171.,es C N ciento setenta y uno,es c n ciento setenta y uno
es-MX,conv-14-turn-20.txt,"Ah, sí, es que me confundí porque lo dijiste diferente.","Ah, sí, es que me confundí porque lo dijiste diferente.",sí es que me confundí porque lo dijiste diferente
es-MX,conv-14-turn-21.txt,OK. Adiós.,ok adiós,okay adiós
es-MX,conv-14-turn-3.txt,Me llamo María López.,me llamo María López.,me llamo maría lópez
es-MX,conv-14-turn-4.txt,Es en el banco. Ah ya. Es María punto López arroba email punto com.,es en el banco ah ya es maría punto lópez arroba email punto com,es en el banco ah ya es maría punto lópez arroba email punto com
es-MX,conv-14-turn-5.txt,Ay perdón. Es 5 5 1 2 3 4 5 6 7 8.,ay perdón es cinco cinco uno dos tres cuatro cinco seis siete ocho,ay perdón es cinco cinco uno dos tres cuatro cinco seis siete ocho
es-MX,conv-14-turn-6.txt,No. De hecho anotaste mal el correo y el teléfono.,no de hecho anoté este mal el correo y el teléfono,no de hecho anoté mal el correo y el teléfono
es-MX,conv-14-turn-7.txt,Sí. El correo es María punto López arroba email punto com.,sí el correo es maria punto lopez arroba mail punto com,sí el correo es maria punto lopez arroba mail punto com
es-MX,conv-14-turn-8.txt,"Sí, es 5 5 1 2 3 4 5 6 7 8.",es cinco cinco uno dos tres cuatro cinco seis siete ocho,es cinco cinco uno dos tres cuatro cinco seis siete ocho
es-MX,conv-14-turn-9.txt,¿Me repite cómo anotó mi teléfono?,me me repite cómo anoto mi teléfono,me me repite cómo anoto mi teléfono
es-MX,conv-15-turn-0.txt,"Buenas días, quiero solicitar, bueno es que me voy a mudar y quiero hacer el cambio de domicilio para cualquier trámite futuro que vaya a hacer aquí con el banco.","Buenos días. Quiero solicitar, bueno es que me voy a mudar y quiero hacer el cambio de domicilio para cualquier trámite futuro que vaya a hacer aquí con el banco.",buenos días quiero solicitar bueno es que me voy a mudar y quiero hacer el cambio de domicilio para cualquier trámite futuro que vaya a hacer aquí con el banco
es-MX,conv-15-turn-1.txt,"Em, sí.",sí,sí
es-MX,conv-15-turn-2.txt,"Sí, es C N 205.",S C N doscientos cinco.,s c n doscientos cinco
es-MX,conv-15-turn-3.txt,María López.,María López.,maría lópez
es-MX,conv-15-turn-4.txt,Es María punto López arroba email punto com.,es María punto López arroba email punto com,es maría punto lópez arroba email punto com
es-MX,conv-15-turn-5.txt,55 12 34 56 78.,cincuenta y cinco doce treinta y cuatro cincuenta y seis setenta y ocho,cincuenta y cinco doce treinta y cuatro cincuenta y seis setenta y ocho
es-MX,conv-15-turn-6.txt,Sí.,sí,sí
es-MX,conv-15-turn-7.txt,Sí.,sí,sí
es-MX,conv-15-turn-8.txt,Sí.,um sí,sí
es-MX,conv-15-turn-9.txt,"No, gracias, igualmente.","No, gracias. Igualmente.",no gracias igualmente
es-MX,conv-16-turn-0.txt,Buenos días. Es que fui a una tienda y se bloqueó mi tarjeta porque puse el NIF mal muchas veces.,buenos días es que fui a una tienda y y se bloqueó mi tarjeta porque puse el NIF mal muchas veces,buenos días es que fui a una tienda y y se bloqueó mi tarjeta porque puse el nif mal muchas veces
es-MX,conv-16-turn-1.txt,Sí.,Sí.,sí
es-MX,conv-16-turn-10.txt,"No, muchas gracias.",ah muchas gracias.,muchas gracias
es-MX,conv-16-turn-11.txt,Gracias.,sí sí,sí sí
es-MX,conv-16-turn-2.txt,C N 5 9 1.,C N cinco nueve uno,c n cinco nueve uno
es-MX,conv-16-turn-3.txt,María López.,Maria Lopez.,maria lopez
es-MX,conv-16-turn-4.txt,Es María punto López arroba email punto com.,es maria punto lópez arroba email punto com,es maria punto lópez arroba email punto com
es-MX,conv-16-turn-5.txt,55 12 34 56 78.,cincuenta y cinco doce treinta cuatro cincuenta y seis setenta y ocho,cincuenta y cinco doce treinta cuatro cincuenta y seis setenta y ocho
es-MX,conv-16-turn-6.txt,Creo que le correo lo anotaste mal.,Creo que el correo lo anotaste mal.,creo que el correo lo anotaste mal
es-MX,conv-16-turn-7.txt,María punto López arroba email punto com.,maría punto lópez arroba email punto com,maría punto lópez arroba email punto com
es-MX,conv-16-turn-8.txt,Minúscula.,minúscula,minúscula
es-MX,conv-16-turn-9.txt,"Sí, por favor.",sí por favor,sí por favor
es-MX,conv-17-turn-0.txt,"Buenos días. Es que compré una cosa y se duplicó el cargo y no sé cómo, qué hacer.",buenos días es es que compré una cosa y se duplicó el cargo y no sé cómo qué hacer,buenos días es es que compré una cosa y se duplicó el cargo y no sé cómo qué hacer
es-MX,conv-17-turn-1.txt,Fue en línea.,fue en línea,fue en línea
es-MX,conv-17-turn-10.txt,"Sí, sí. Es 55 12 34 56 78.","sí, sí, eh, cincuenta y cinco doce treinta y cuatro cincuenta y seis setenta y ocho",sí sí cincuenta y cinco doce treinta y cuatro cincuenta y seis setenta y ocho
es-MX,conv-17-turn-11.txt,Sí.,sí.,sí
es-MX,conv-17-turn-12.txt,5 6 7 8.,cinco seis siete ocho,cinco seis siete ocho
es-MX,conv-17-turn-13.txt,Sí.,sí,sí
es-MX,conv-17-turn-14.txt,"No, es que sí recibí todo pero se duplicó la cantidad.",no es que sí recibí todos pero se duplicó la cantidad,no es que sí recibí todos pero se duplicó la cantidad
es-MX,conv-17-turn-15.txt,Por el total del pedido.,por el total del pedido.,por el total del pedido
es-MX,conv-17-turn-16.txt,"Sí, es ese.",sí es ese.,sí es ese
es-MX,conv-17-turn-17.txt,¿Mande?,mande,mande
es-MX,conv-17-turn-18.txt,"Sí, por favor.","sí, por favor.",sí por favor
es-MX,conv-17-turn-19.txt,Pues creo que no.,mm pues creo que no.,pues creo que no
es-MX,conv-17-turn-2.txt,Es que ya me llegó el artículo pero pues solo se duplicó el pago. No me enviaron 2.,es que es que ya me llegó el artículo pero pues solo se duplicó el pago no me enviaron dos,ya me llegó el artículo pero pues solo se duplicó el pago no me enviaron dos
es-MX,conv-17-turn-20.txt,Gracias.,no es,no es
es-MX,conv-17-turn-3.txt,¡Bájeme la tele!,bájela la tele.,bajela la tele
es-MX,conv-17-turn-4.txt,¿Mande?,mande,mande
es-MX,conv-17-turn-5.txt,Sí.,sí.,sí
es-MX,conv-17-turn-6.txt,"Espera deja. Ahora sí, ya.",espera deja ahora sí ya.,espera deja ahora sí ya
es-MX,conv-17-turn-7.txt,"Sí, es C N 5 7 3.",sí es cn cinco siete tres,sí es c n cinco siete tres
es-MX,conv-17-turn-8.txt,Es María López.,es María López,es maría lópez
es-MX,conv-17-turn-9.txt,"Sí, es María López arroba email punto com.",sí es maria punto lópez arroba email punto com,sí es maria punto lópez arroba email punto com
es-MX,conv-18-turn-0.txt,"Hola. Es que intenté acceder a la app pero, pues no me acuerdo de la contraseña. Quiero restablecerla.",hola es que intenté acceder a la app pero pues no me acuerdo de mi contraseña quiero restablecerla,hola es que intenté acceder a la app pero pues no me acuerdo de mi contraseña quiero restablecerla
es-MX,conv-18-turn-1.txt,Sí.,sí.,sí
es-MX,conv-18-turn-10.txt,Es que hice una compra según yo la puse a meses sin intereses pero al final se puso toda de contado. ¿No hay forma de arreglar eso?,"Ah, es que hice una compra, según yo, según yo la puse a meses sin intereses, pero al final se puso toda de contado. No hay forma de arreglar eso.",es que hice una compra según yo según yo la puse a meses sin intereses pero al final se puso toda de contado no hay forma de arreglar eso
es-MX,conv-18-turn-11.txt,"Sí, fue el 5 de noviembre en Soriana y creo que el monto fue de 5800.","Sí, fue el cinco de noviembre en Soriana y creo que el monto fue de cinco mil ochocientos.",sí fue el cinco de noviembre en soriana y creo que el monto fue de cinco mil ochocientos
es-MX,conv-18-turn-12.txt,"Sí, por favor.","Sí, por favor.",sí por favor
es-MX,conv-18-turn-13.txt,"Sí, es C N 8 5 2.",S C N ocho cinco dos.,s c n ocho cinco dos
es-MX,conv-18-turn-14.txt,"Sí, C N 8 5 2.","Sí, C N ocho cinco dos.",sí c n ocho cinco dos
es-MX,conv-18-turn-15.txt,Pues no.,es no,es no
es-MX,conv-18-turn-2.txt,Por correo.,por correo.,por correo
es-MX,conv-18-turn-3.txt,Es Juan punto López arroba email punto com.,es Juan punto López arroba email punto com,es juan punto lópez arroba email punto com
es-MX,conv-18-turn-4.txt,"No. Sí, ayúdeme. Deja que encuentre un lugar para anotar.","No, sí, ayúdame. Deja, encuentro un lugar para anotar.",no sí ayúdame deja encuentro un lugar para anotar
es-MX,conv-18-turn-5.txt,Primero me vas a dar un código de.,este primero me vas a dar un código de,primero me vas a dar un código de
es-MX,conv-18-turn-6.txt,Pues sí.,pues sí.,pues sí
es-MX,conv-18-turn-7.txt,"Sí, por favor.",sí por favor,sí por favor
es-MX,conv-18-turn-8.txt,Pues creo que no.,pues creo que no,pues creo que no
es-MX,conv-18-turn-9.txt,"De hecho sí pero, a ver es que no me acuerdo bien cómo estuvo.",de hecho sí pero a ver es que no me acuerdo bien cómo estuvo,de hecho sí pero a ver es que no me acuerdo bien cómo estuvo
es-MX,conv-19-turn-0.txt,"Buenos días, Ana. Estoy esperando la tarjeta nueva de reemplazo, y quiero saber el estado, por favor.","Buenos días Ana. Estoy esperando la tarjeta nueva de reemplazo. Quiero saber el estado, por favor.",buenos días ana estoy esperando la tarjeta nueva de reemplazo quiero saber el estado por favor
es-MX,conv-19-turn-1.txt,"Ok, sí.",ok sí.,okay sí
es-MX,conv-19-turn-10.txt,"Sería todo, gracias.","Sería todo, gracias.",sería todo gracias
es-MX,conv-19-turn-11.txt,"Ok, muchas gracias.","Ok, muchas gracias.",okay muchas gracias
es-MX,conv-19-turn-2.txt,C N 1 8 5 2 3 2 7.,C N uno ocho cinco dos tres dos siete.,c n uno ocho cinco dos tres dos siete
es-MX,conv-19-turn-3.txt,Juan López.,Juan López.,juan lópez
es-MX,conv-19-turn-4.txt,"Sí, este es correcto.","Sí, esto es correcto.",sí esto es correcto
es-MX,conv-19-turn-5.txt,Juan punto López arroba email punto com.,Juan punto López arroba email punto com,juan punto lópez arroba email punto com
es-MX,conv-19-turn-6.txt,"Sí, así es.","Sí, así es.",sí así es
es-MX,conv-19-turn-7.txt,5 2 5 5 1 2 3 4 5 6 7 8.,cinco dos cinco cinco uno dos tres cuatro cinco seis siete ocho,cinco dos cinco cinco uno dos tres cuatro cinco seis siete ocho
es-MX,conv-19-turn-8.txt,"Sí, sí.","sí, sí.",sí sí
es-MX,conv-19-turn-9.txt,"¿Me puedes repetir de nuevo el correo de confirmación, por favor? Digo, ¿el número de confirmación?","Me puedes repetir de nuevo el correo de confirmación, por favor. Digo, el número de confirmación.",me puedes repetir de nuevo el correo de confirmación por favor digo el número de confirmación
es-MX,conv-2-turn-0.txt,"Sí, buenos días. Quería saber si podía tener una copia del extracto o la factura del servicio.","Sí, buenos días. Quería saber si podía tener una copia del extracto o la factura del servicio.",sí buenos días quería saber si podía tener una copia del extracto o la factura del servicio
es-MX,conv-2-turn-1.txt,Serían C N 9 2 4.,Sería E C N nueve dos cuatro.,seria e c n nueve dos cuatro
es-MX,conv-2-turn-10.txt,¿Me podrías adelantar el monto?,me podrías adelantar el monto,me podrías adelantar el monto
es-MX,conv-2-turn-11.txt,Hola. ¿Estás ahí?,"Hola, ¿estás ahí?",hola estás ahí
es-MX,conv-2-turn-12.txt,"Sí. ¿Me podrías transferir, por favor?","Sí, me podrías transferir, por favor.",sí me podrías transferir por favor
es-MX,conv-2-turn-13.txt,Bueno no importa. Llamaré más tarde.,bueno no importa samaré más tarde,bueno no importa samaré más tarde
es-MX,conv-2-turn-2.txt,María López.,María López.,maría lópez
es-MX,conv-2-turn-3.txt,María punto López arroba email punto com.,maría punto lópez arroba email punto com,maría punto lópez arroba email punto com
es-MX,conv-2-turn-4.txt,Más 52.,más cincuenta y dos,más cincuenta y dos
es-MX,conv-2-turn-5.txt,Más 52 55 1 2 3 4 5 6 7 8.,sí más cincuenta y dos cincuenta y cinco uno dos tres cuatro cinco seis siete ocho,sí más cincuenta y dos cincuenta y cinco uno dos tres cuatro cinco seis siete ocho
es-MX,conv-2-turn-6.txt,Sí.,sí,sí
es-MX,conv-2-turn-7.txt,Colonia Tlatilco.,Colonia Tlatilco.,colonia tlatilco
es-MX,conv-2-turn-8.txt,"Del mes de octubre, en realidad.","Del mes de octubre, en realidad.",del mes de octubre en realidad
es-MX,conv-2-turn-9.txt,"Sí, por favor.",sí por favor,sí por favor
es-MX,conv-20-turn-0.txt,"Hola, este es que estoy en el banco y estaba intentando sacar dinero del cajero pero hubo un problema, no no saqué el dinero pero si me lo descontó de mi cuenta.","Hola, este es que estoy en estoy en el banco y pues estaba intentando sacar dinero del cajero pero hubo un problema no no saca el dinero pero sí me lo descontó de mi cuenta.",hola es que estoy en estoy en el banco y pues estaba intentando sacar dinero del cajero pero hubo un problema no no saca el dinero pero si me lo descontó de mi cuenta
es-MX,conv-20-turn-1.txt,"Sí, ya.",sí um yeah,sí yeah
es-MX,conv-20-turn-10.txt,Gracias.,Gracias.,gracias
es-MX,conv-20-turn-2.txt,Es C N 4 2 9.,S C N cuatro dos nueve.,s c n cuatro dos nueve
es-MX,conv-20-turn-3.txt,Es María López.,es María López.,es maría lópez
es-MX,conv-20-turn-4.txt,Sí es María punto López arroba email punto com.,Sí es María punto López arroba email punto com,sí es maría punto lópez arroba email punto com
es-MX,conv-20-turn-5.txt,Es 55 12 34 56 78.,es cincuenta y cinco doce treinta y cuatro cincuenta y seis setenta y ocho,es cincuenta y cinco doce treinta y cuatro cincuenta y seis setenta y ocho
es-MX,conv-20-turn-6.txt,Sí.,sí.,sí
es-MX,conv-20-turn-7.txt,"Este sí, la fecha pues fue el 16 de noviembre de 2025. La hora fue pues aproximadamente 11 de la mañana y la sucursal pues es de ustedes en Azcapotzalco.",sí la fecha pues fue el 16 de noviembre de 2025 la hora fue pues aproximadamente once de la mañana y la sucursal pues es de ustedes en la que estén es Capuzalco,sí la fecha fue el dieciséis de noviembre de dos mil veinticinco la hora fue aproximadamente once de la mañana y la sucursal es de ustedes en la que estén es capuzalco
es-MX,conv-20-turn-8.txt,"Sí, este fueron ocho mil.","Sí, este, fueron ocho mil.",sí fueron ocho mil
es-MX,conv-20-turn-9.txt,Pues creo que no.,pues creo que no,pues creo que no
es-MX,conv-21-turn-0.txt,"Hola, pues es que quiero mejorar mi cuenta a una Gold.","Hola, este, es que quiero mejorar mi cuenta a una Gold.",hola es que quiero mejorar mi cuenta a una gold
es-MX,conv-21-turn-1.txt,Ayúdame a buscarlo por favor.,"Ayúdame a buscarlo, por favor.",ayúdame a buscarlo por favor
es-MX,conv-21-turn-2.txt,"Es María López, salud.",Es María López. Salud.,es maría lópez salud
es-MX,conv-21-turn-3.txt,El número de teléfono es 55 12 34 56 78.,el número de teléfono es cincuenta y cinco doce treinta y cuatro cincuenta y seis setenta y ocho,el número de teléfono es cincuenta y cinco doce treinta y cuatro cincuenta y seis setenta y ocho
es-MX,conv-21-turn-4.txt,Sí.,sí,sí
es-MX,conv-21-turn-5.txt,Yeah.,"um, yeah.",yeah
es-MX,conv-21-turn-6.txt,88.,ochenta y ocho,ochenta y ocho
es-MX,conv-21-turn-7.txt,Quiero saber los beneficios.,Quiero saber los beneficios.,quiero saber los beneficios
es-MX,conv-21-turn-8.txt,"Sí, por favor.","Sí, por favor.",sí por favor
es-MX,conv-22-turn-0.txt,"Hola, es que quiero cambiar los beneficiarios de mi cuenta.",hola es que quiero cambiar los beneficiarios de mi de mi cuenta,hola es que quiero cambiar los beneficiarios de mi de mi cuenta
es-MX,conv-22-turn-1.txt,"Em pues, supongo.",um pues supongo,pues supongo
es-MX,conv-22-turn-2.txt,Sí.,sí,sí
es-MX,conv-22-turn-3.txt,No.,no.,no
es-MX,conv-23-turn-0.txt,Buenos días. Quiero establecer un límite de retiro diario y no sé cómo.,buenos días este es que quiero establecer un límite de retiro diario y no sé cómo,buenos días es que quiero establecer un límite de retiro diario y no sé cómo
es-MX,conv-23-turn-1.txt,De crédito.,de crédito.,de crédito
es-MX,conv-23-turn-10.txt,OK.,ok.,okay
es-MX,conv-23-turn-11.txt,"Sí, por favor.","Sí, por favor.",sí por favor
es-MX,conv-23-turn-2.txt,Espere. Deje y lo anoto.,ay ay ay espere déjela anoto,ay ay ay espere dejela anoto
es-MX,conv-23-turn-3.txt,"Sí, es C N 6 2 4.",Sí es C N seis dos cuatro.,sí es c n seis dos cuatro
es-MX,conv-23-turn-4.txt,Juan López.,Juan López.,juan lópez
es-MX,conv-23-turn-5.txt,Es Juan punto López arroba email punto com.,es Juan punto López arroba email punto com,es juan punto lópez arroba email punto com
es-MX,conv-23-turn-6.txt,Es 55 12 34 56 78.,es cincuenta y cinco doce treinta y cuatro cincuenta y seis setenta y ocho,es cincuenta y cinco doce treinta y cuatro cincuenta y seis setenta y ocho
es-MX,conv-23-turn-7.txt,Sí.,sí.,sí
es-MX,conv-23-turn-8.txt,Pues reducirlo.,pues reducirlo.,pues reducirlo
es-MX,conv-23-turn-9.txt,Yo creo que sería en 4000.,"Sí, yo creo que serían cuatro mil.",sí yo creo que serían cuatro mil
es-MX,conv-24-turn-0.txt,"Hola, pues quiero solicitar el cierre de mi cuenta.",hola quiero solicitar el cierre de mi cuenta,hola quiero solicitar el cierre de mi cuenta
es-MX,conv-24-turn-1.txt,"O sea, ¿realmente no hay nada en lo que me puedas ayudar tú?","O sea, realmente no hay nada en lo que me puedas ayudar tú.",o sea realmente no hay nada en lo que me puedas ayudar tú
es-MX,conv-24-turn-2.txt,Sí.,sí.,sí
es-MX,conv-24-turn-3.txt,Pues sí.,pues sí.,pues sí
es-MX,conv-24-turn-4.txt,"No, ya va ahí.",no ya veis,no ya veis
es-MX,conv-25-turn-0.txt,"Buenos días, es que quiero hacer el cambio de nómina. Quiero pasar mi nómina con ustedes.",Buenos días. Es que quiero hacer el cambio de nómina. Quiero pasar mi nómina con ustedes.,buenos días es que quiero hacer el cambio de nómina quiero pasar mi nómina con ustedes
es-MX,conv-25-turn-1.txt,Sí.,sí.,sí
es-MX,conv-25-turn-10.txt,Ay ¿qué?,ay qué,ay qué
es-MX,conv-25-turn-11.txt,Necesito que me ayuden a crear una.,necesito que me ayuden a crear una,necesito que me ayuden a crear una
es-MX,conv-25-turn-12.txt,Pues creo que no.,"um, pues creo que no.",pues creo que no
es-MX,conv-25-turn-13.txt,"Gracias, igualmente.","Gracias, igualmente.",gracias igualmente
es-MX,conv-25-turn-2.txt,Sí.,sí,sí
es-MX,conv-25-turn-3.txt,"Sí, C N 5 6 4.",sí es C N cinco seis cuatro,sí c n cinco seis cuatro
es-MX,conv-25-turn-4.txt,Juan López.,Juan López.,juan lópez
es-MX,conv-25-turn-5.txt,Es Juan punto López arroba email punto com.,es Juan punto López arroba email punto com,es juan punto lópez arroba email punto com
es-MX,conv-25-turn-6.txt,"Sí, es más 52 55 12 34 56 78.","Sí es más cincuenta y dos, cincuenta y cinco, doce setenta y cuatro, cincuenta y seis setenta y ocho.",sí es más cincuenta y dos cincuenta y cinco doce setenta y cuatro cincuenta y seis setenta y ocho
es-MX,conv-25-turn-7.txt,Anotaste mal el número.,Anotaste mal el número.,anotaste mal el número
es-MX,conv-25-turn-8.txt,55 12 34 56 78.,cincuenta y cinco doce treinta y cuatro cincuenta y seis setenta y ocho,cincuenta y cinco doce treinta y cuatro cincuenta y seis setenta y ocho
es-MX,conv-25-turn-9.txt,Sí.,sí.,sí
es-MX,conv-26-turn-0.txt,"Hola, quiero aumentar mi línea de crédito. Una línea de crédito más alta en mi tarjeta.","Hola, quiero aumentar mi línea de crédito, una línea de crédito más alta en mi tarjeta.",hola quiero aumentar mi línea de crédito una línea de crédito más alta en mi tarjeta
es-MX,conv-26-turn-1.txt,C N 6 4 9.,Cn seis cuatro nueve.,c n seis cuatro nueve
es-MX,conv-26-turn-10.txt,M A R I A punto L O P.,M a r i a punto l o p,m a r i a punto l o p
es-MX,conv-26-turn-11.txt,M A R I A punto L O P E Z arroba E M A I L.,m a r i a punto l o p e z arroba e m a i l,m a r i a punto l o p e z arroba e m a i l
es-MX,conv-26-turn-12.txt,No.,No.,no
es-MX,conv-26-turn-13.txt,M A R I A punto L O P E Z arroba E M A I L punto com.,m a r i a punto l o p e z arroba e m a i l punto com,m a r i a punto l o p e z arroba e m a i l punto com
es-MX,conv-26-turn-14.txt,"Sí, correcto.","Sí, correcto.",sí correcto
es-MX,conv-26-turn-15.txt,"Sí, claro.",sí claro,sí claro
es-MX,conv-26-turn-16.txt,"No, nada más.",oh nada más.,nada más
es-MX,conv-26-turn-17.txt,Adiós.,adiós,adiós
es-MX,conv-26-turn-2.txt,María López.,María López.,maría lópez
es-MX,conv-26-turn-3.txt,María punto López arroba email punto com.,maría punto lópez arroba email punto com,maría punto lópez arroba email punto com
es-MX,conv-26-turn-4.txt,55 12 34 56 7 8.,cincuenta y cinco doce treinta y cuatro cincuenta y seis siete ocho,cincuenta y cinco doce treinta y cuatro cincuenta y seis siete ocho
es-MX,conv-26-turn-5.txt,"No, el correo está mal.","No, el correo está mal.",no el correo está mal
es-MX,conv-26-turn-6.txt,María punto López arroba email punto com.,María punto López arroba email punto com,maría punto lópez arroba email punto com
es-MX,conv-26-turn-7.txt,Minúscula.,minúscula,minúscula
es-MX,conv-26-turn-8.txt,¡No! Le recibo.,no no le recibo,no no le recibo
es-MX,conv-26-turn-9.txt,Pero. ¡No! Está mal la dirección de correo electrónico.,"Ay, pero no, está mal la dirección de correo electrónico.",ay pero no esta mal la direccion de correo electronico
es-MX,conv-27-turn-0.txt,Necesito el estatus o cómo está mi línea.,necesito la el status o cómo está mi,necesito la el status o como esta mi
es-MX,conv-27-turn-1.txt,La tarjeta de crédito.,en la tarjeta de crédito.,en la tarjeta de crédito
es-MX,conv-27-turn-10.txt,Sí.,sí,sí
es-MX,conv-27-turn-11.txt,¿Y a qué se refiere el proceso?,"Sí, ¿a qué se refiere en proceso?",sí a qué se refiere en proceso
es-MX,conv-27-turn-12.txt,"Sí, aunque también quisiera saber cuándo se va a enviar.","Sí, aunque también quisiera saber cuándo se va a enviar.",sí aunque también quisiera saber cuándo se va a enviar
es-MX,conv-27-turn-13.txt,"Sí, ¿este número de folio o de reporte es para rastrear la tarjeta?","Sí, este número de de folio o de reporte es para rastrear la tarjeta.",sí número de folio o de reporte es para rastrear la tarjeta
es-MX,conv-27-turn-14.txt,"No, quiero saber si tienen bien mi dirección.",No quiero saber si tienen bien mi dirección.,no quiero saber si tienen bien mi dirección
es-MX,conv-27-turn-15.txt,O sea que no la tienen.,O sea que no la tienen.,o sea que no la tienen
es-MX,conv-27-turn-16.txt,"Urión 30, Colonia Tlatilco, Azcapotzalco, Ciudad de México, 0 2 860.","Urión treinta Colonia Atlatico, Azcapotzalco, Ciudad de México, cero dos ochocientos sesenta.",urión treinta colonia atlatico azcapotzalco ciudad de méxico cero dos ochocientos sesenta
es-MX,conv-27-turn-17.txt,Sí.,sí,sí
es-MX,conv-27-turn-18.txt,"No, gracias.",no gracias,no gracias
es-MX,conv-27-turn-19.txt,"Hola, quiero ver cómo aumentar mi línea de crédito.","Hola, quiero ver cómo puedo aumentar mi mi línea de crédito.",hola quiero ver como puedo aumentar mi mi linea de credito
es-MX,conv-27-turn-2.txt,Sí.,sí,sí
es-MX,conv-27-turn-3.txt,C N 2 47.,cn dos cuarenta y siete.,c n dos cuarenta y siete
es-MX,conv-27-turn-4.txt,María López.,María López.,maría lópez
es-MX,conv-27-turn-5.txt,María punto López arroba email punto com.,maría punto lópez arroba email punto com,maría punto lópez arroba email punto com
es-MX,conv-27-turn-6.txt,Sí.,sí,sí
es-MX,conv-27-turn-7.txt,55.,cincuenta y cinco,cincuenta y cinco
es-MX,conv-27-turn-8.txt,2.,do.,do
es-MX,conv-27-turn-9.txt,55 12 34 56 7 8.,cincuenta y cinco doce treinta y cuatro cincuenta y seis siete ocho,cincuenta y cinco doce treinta y cuatro cincuenta y seis siete ocho
es-MX,conv-28-turn-0.txt,"Hola, quiero una copia de mi último factura o estado de cuenta.","Hola, quiero una copia de mi última factura o estado de cuenta.",hola quiero una copia de mi ultima factura o estado de cuenta
es-MX,conv-28-turn-1.txt,Sí.,sí,sí
es-MX,conv-28-turn-10.txt,55 12 34 56 7 8.,cincuenta y cinco doce treinta y cuatro cincuenta y seis siete ocho,cincuenta y cinco doce treinta y cuatro cincuenta y seis siete ocho
es-MX,conv-28-turn-11.txt,Sí.,sí,sí
es-MX,conv-28-turn-12.txt,"Sí, me urge.","Sí, me urge.",sí me urge
es-MX,conv-28-turn-13.txt,"No, creo que no.",no creo que no,no creo que no
es-MX,conv-28-turn-14.txt,Sí. Gracias.,"sí, gracias.",sí gracias
es-MX,conv-28-turn-2.txt,C N 7 6 3.,Cn siete seis tres.,c n siete seis tres
es-MX,conv-28-turn-3.txt,C N de Naranja 7 6 3.,C N de naranjas siete seis tres.,c n de naranjas siete seis tres
es-MX,conv-28-turn-4.txt,María López.,María López.,maría lópez
es-MX,conv-28-turn-5.txt,María punto López arroba email punto com.,María punto López arroba mail punto com,maría punto lópez arroba mail punto com
es-MX,conv-28-turn-6.txt,Sí.,sí.,sí
es-MX,conv-28-turn-7.txt,Sí. Es el 55 12.,"Sí, es el cincuenta y cinco doce.",sí es el cincuenta y cinco doce
es-MX,conv-28-turn-8.txt,34 55.,treinta y cuatro cincuenta y cinco,treinta y cuatro cincuenta y cinco
es-MX,conv-28-turn-9.txt,No.,No.,no
es-MX,conv-29-turn-0.txt,"Quiero saber el estado de, del envío de mi tarjeta de reemplazo.",Quiero saber el estado del envío de mi tarjeta de reemplazo.,quiero saber el estado del envío de mi tarjeta de reemplazo
es-MX,conv-29-turn-1.txt,Sí.,sí,sí
es-MX,conv-29-turn-10.txt,"Sí, este, sí, ver si tienen bien la dirección porque ya han enviado las tarjetas a otra dirección diferente que no es la mía.",y este ver si tienen bien la dirección porque ya me han ya han enviado las tarjetas a otra dirección diferente que no era la mía,ver si tienen bien la dirección porque ya me han ya han enviado las tarjetas a otra dirección diferente que no era la mía
es-MX,conv-29-turn-11.txt,"Es Urión, 30 Colonia Tlatilco, Delegación Azcapotzalco, en la Ciudad de México. Código postal 0 2 860.","Es Uruión 30, Colonia Atlatico, Delegación Azcapotzalco, en la Ciudad de México, Código Postal 02860.",es uruión treinta colonia atlatico delegación azcapotzalco en la ciudad de méxico código postal cero dos ocho seis cero
es-MX,conv-29-turn-12.txt,"No, código postal 0 2 860.","No, código postal cero dos ochocientos sesenta.",no código postal cero dos ochocientos sesenta
es-MX,conv-29-turn-13.txt,Sí.,sí,sí
es-MX,conv-29-turn-14.txt,"Sí, quiero saber cuándo va a llegar.","Sí, quiero saber cuándo va a llegar.",sí quiero saber cuándo va a llegar
es-MX,conv-29-turn-15.txt,"Sí, está bien.","Sí, está bien.",sí está bien
es-MX,conv-29-turn-16.txt,No.,oh.,oh
es-MX,conv-29-turn-17.txt,"No, nada.",no nada,no nada
es-MX,conv-29-turn-2.txt,C N 3 4 7.,C N tres cuatro siete.,c n tres cuatro siete
es-MX,conv-29-turn-3.txt,"María López. No, Juan López.","María López. Juan. No, Juan López.",maría lópez juan no juan lópez
es-MX,conv-29-turn-4.txt,Juan punto López email punto com.,juan.lópez@gmail.com,juan punto lópez arroba gmail punto com
es-MX,conv-29-turn-5.txt,"No, email punto com.","No, email punto com.",no email punto com
es-MX,conv-29-turn-6.txt,"Sí, sí, ese es.",sí sí sí es ese,sí sí sí es ese
es-MX,conv-29-turn-7.txt,"No, el correo es Juan punto López arroba email punto com.","No, el correo es Juan. López@gmail.com.",no el correo es juan punto lópez arroba email punto com
es-MX,conv-29-turn-8.txt,55 12 34 56 7 8.,cincuenta y cinco doce treinta y cuatro cincuenta y seis siete ocho,cincuenta y cinco doce treinta y cuatro cincuenta y seis siete ocho
es-MX,conv-29-turn-9.txt,Sí.,Sí.,sí
es-MX,conv-3-turn-0.txt,"Sí, quería saber para poder aumentar el límite de mi tarjeta de crédito, cómo puedo hacer.","Sí, quería saber para poder aumentar el límite de mi tarjeta de crédito, cómo puedo hacer.",sí quería saber para poder aumentar el límite de mi tarjeta de crédito cómo puedo hacer
es-MX,conv-3-turn-1.txt,María López.,María López.,maría lópez
es-MX,conv-3-turn-10.txt,"Bueno, transfiéreme, por favor.","Bueno, transfíreme, por favor.",bueno transfiereme por favor
es-MX,conv-3-turn-11.txt,"Sí, sí. ¿Me puedes transferir?","Sí, sí, me puedes transferir.",sí sí me puedes transferir
es-MX,conv-3-turn-12.txt,"No, muchas gracias.",no mucho agradecía.,no mucho agradecia
es-MX,conv-3-turn-2.txt,María punto López arroba email punto com.,maría punto lópez arroba email punto com,maría punto lópez arroba email punto com
es-MX,conv-3-turn-3.txt,Más.,más.,más
es-MX,conv-3-turn-4.txt,"Sí, más.","Sí, más.",sí más
es-MX,conv-3-turn-5.txt,Más.,Max.,max
es-MX,conv-3-turn-6.txt,Más 52 55 1 2 3 4 5 6 7 8.,más cincuenta y dos cincuenta y cinco uno dos tres cuatro cinco seis siete ocho,más cincuenta y dos cincuenta y cinco uno dos tres cuatro cinco seis siete ocho
es-MX,conv-3-turn-7.txt,"Sí, ya lo he verificado. ¿Me podrías decir cuánto es el importe total?","Sí, la lo he verificado. ¿Me podría decir cuánto es el importe total?",sí la lo he verificado me podría decir cuánto es el importe total
es-MX,conv-3-turn-8.txt,¿El importe total quieres saber?,El importe total quiere saber.,el importe total quiere saber
es-MX,conv-3-turn-9.txt,"Sí, pero antes me podrías decir a ver.","Sí, pero antes me podrías decir",sí pero antes me podrías decir
es-MX,conv-30-turn-0.txt,Quiero saber cómo puedo aumentar mi línea de crédito.,Quiero saber qué vamos puedo aumentar mi línea de crédito.,quiero saber que vamos puedo aumentar mi linea de credito
es-MX,conv-30-turn-1.txt,Sí.,sí.,sí
es-MX,conv-30-turn-10.txt,¿No puedo hacer eso con una persona? Es muy complicado.,No puedo hacer eso con una persona. Es muy complicado.,no puedo hacer eso con una persona es muy complicado
es-MX,conv-30-turn-11.txt,Así.,así,así
es-MX,conv-30-turn-12.txt,Lo intento después.,lo intento después.,lo intento después
es-MX,conv-30-turn-13.txt,"No, nada más, gracias.","No, nada más, gracias.",no nada más gracias
es-MX,conv-30-turn-2.txt,C N 5 4 8.,Cn cinco cuatro ocho.,c n cinco cuatro ocho
es-MX,conv-30-turn-3.txt,Juan López.,López.,lópez
es-MX,conv-30-turn-4.txt,"No, no, Juan López.","No, no, Juan López.",no no juan lópez
es-MX,conv-30-turn-5.txt,Juan punto López arroba email punto com.,Juan punto López arroba email punto com,juan punto lópez arroba email punto com
es-MX,conv-30-turn-6.txt,55 12 34 este 56 este 78.,cincuenta y cinco doce treinta y cuatro este cincuenta y seis este setenta y ocho,cincuenta y cinco doce treinta y cuatro cincuenta y seis setenta y ocho
es-MX,conv-30-turn-7.txt,Sí.,sí,sí
es-MX,conv-30-turn-8.txt,¿Qué app?,qué app,qué app
es-MX,conv-30-turn-9.txt,Ah sí.,ah sí.,ah sí
es-MX,conv-31-turn-0.txt,Quiero saber cuándo llega mi tarjeta de reemplazo.,"Quiero saber dónde, cuándo llega mi tarjeta de reemplazo.",quiero saber donde cuando llega mi tarjeta de reemplazo
es-MX,conv-31-turn-1.txt,Sí.,sí,sí
es-MX,conv-31-turn-10.txt,No.,no.,no
es-MX,conv-31-turn-11.txt,Adiós.,Adiós.,adiós
es-MX,conv-31-turn-2.txt,C N 2 7 7.,Cn dos siete siete.,c n dos siete siete
es-MX,conv-31-turn-3.txt,Juan López.,Juan López.,juan lópez
es-MX,conv-31-turn-4.txt,Juan punto López.,Juan Punto López.,juan punto lópez
es-MX,conv-31-turn-5.txt,Es 55 12.,cincuenta y cinco doce,cincuenta y cinco doce
es-MX,conv-31-turn-6.txt,34 56 7 8.,"Treinta y cuatro, cincuenta y seis, siete, ocho.",treinta y cuatro cincuenta y seis siete ocho
es-MX,conv-31-turn-7.txt,Sí.,mhm sí.,sí
es-MX,conv-31-turn-8.txt,Bueno es que quiero saber en qué parte está. En dónde está.,bueno es que quiero saber en qué parte está en dónde está,bueno es que quiero saber en que parte esta en donde esta
es-MX,conv-31-turn-9.txt,"Sí, está bien. Gracias.","Sí, está bien, gracias.",sí está bien gracias
es-MX,conv-32-turn-0.txt,"Sí, es que necesito mi estado de cuenta, el último. Siempre me llega a principios de mes, a finales de mes y esta vez no ha llegado.","Sí, es que necesito mi estado de cuenta el último. Siempre me llega a principios de mes, a finales de mes y esta vez no ha llegado.",sí es que necesito mi estado de cuenta el último siempre me llega a principios de mes a finales de mes y esta vez no ha llegado
es-MX,conv-32-turn-1.txt,Aha.,ajá,ajá
es-MX,conv-32-turn-10.txt,Es que.,ah es que,es que
es-MX,conv-32-turn-11.txt,Nada más.,nada más.,nada más
es-MX,conv-32-turn-12.txt,"Adiós, gracias.",adios gracias,adios gracias
es-MX,conv-32-turn-2.txt,C N 2 6 4.,Cn dos seis cuatro.,c n dos seis cuatro
es-MX,conv-32-turn-3.txt,Juan López.,Juan López.,juan lópez
es-MX,conv-32-turn-4.txt,Es Juan López arroba arroba email punto com.,es Juan Juan López arroba arroba email punto com,es juan juan lópez arroba arroba email punto com
es-MX,conv-32-turn-5.txt,"No, es Juan punto López.","No, es Juan Punto López.",no es juan punto lópez
es-MX,conv-32-turn-6.txt,"Sí, es el 55 2.",sí es el cincuenta y cinco dos,sí es el cincuenta y cinco dos
es-MX,conv-32-turn-7.txt,"Sí, 55 12.","Sí, cincuenta y cinco doce.",sí cincuenta y cinco doce
es-MX,conv-32-turn-8.txt,"Sí, faltan muchos dígitos. Es el 55 12 34 56 7 8.","Sí, faltan muchos dígitos. Es el cincuenta y cinco doce treinta y cuatro cincuenta y seis siete ocho.",sí faltan muchos dígitos es el cincuenta y cinco doce treinta y cuatro cincuenta y seis siete ocho
es-MX,conv-32-turn-9.txt,Sí.,sí,sí
es-MX,conv-33-turn-0.txt,Un aumento de mi línea de crédito y quería ver si me podías ayudar.,Un aumento de mi línea de crédito y quería ver si me pudieras ayudar.,un aumento de mi línea de crédito y quería ver si me pudieras ayudar
es-MX,conv-33-turn-1.txt,"Sí, claro.","Sí, claro.",sí claro
es-MX,conv-33-turn-10.txt,5 2 5 5 1 2 3 4 5 6 7 8.,cinco dos cinco cinco uno dos tres cuatro cinco seis siete ocho,cinco dos cinco cinco uno dos tres cuatro cinco seis siete ocho
es-MX,conv-33-turn-11.txt,Sí.,sí.,sí
es-MX,conv-33-turn-12.txt,"No, no tengo. ¿Me podías mandar un correo electrónico?","No, no tengo este acceso. La me podrías mandar un correo electrónico.",no no tengo acceso la me podrías mandar un correo electrónico
es-MX,conv-33-turn-13.txt,Gracias.,Gracias.,gracias
es-MX,conv-33-turn-14.txt,"Sí, por favor.","Sí, por favor.",sí por favor
es-MX,conv-33-turn-15.txt,"No, nada más. Muchísimas gracias.","No, nada más. Muchísimas gracias.",no nada más muchísimas gracias
es-MX,conv-33-turn-16.txt,Igualmente. Adiós.,Igualmente a Dios.,igualmente a dios
es-MX,conv-33-turn-2.txt,C N 0 4 4.,Cn cero cuatro cuatro.,c n cero cuatro cuatro
es-MX,conv-33-turn-3.txt,María López.,María López.,maría lópez
es-MX,conv-33-turn-4.txt,María punto López arroba email punto com.,María punto López arroba email punto com,maría punto lópez arroba email punto com
es-MX,conv-33-turn-5.txt,"No, es María punto López arroba email punto com.","No, es María punto López arroba email punto com.",no es maría punto lópez arroba email punto com
es-MX,conv-33-turn-6.txt,55 1.,cincuenta y cinco uno,cincuenta y cinco uno
es-MX,conv-33-turn-7.txt,5 2 5 5 1 2.,cinco dos cinco cinco uno dos,cinco dos cinco cinco uno dos
es-MX,conv-33-turn-8.txt,1 2 3 4 5 6 7 8.,uno dos tres cuatro cinco seis siete ocho,uno dos tres cuatro cinco seis siete ocho
es-MX,conv-33-turn-9.txt,No.,No.,no
es-MX,conv-34-turn-0.txt,"Hola, Ana. ¿Cómo estás? Quería obtener una copia de mi estado de cuenta de mi tarjeta.","Hola Ana, cómo estás? Este quería obtener una copia de mi del estado de cuenta de mi tarjeta.",hola ana cómo estás quería obtener una copia de mi del estado de cuenta de mi tarjeta
es-MX,conv-34-turn-1.txt,Sí.,sí.,sí
es-MX,conv-34-turn-10.txt,"Claro, 5 2 5 5 1 2 3 4 5 6 7 8.","Claro, cinco dos cinco cinco uno dos tres cuatro cinco seis siete ocho.",claro cinco dos cinco cinco uno dos tres cuatro cinco seis siete ocho
es-MX,conv-34-turn-11.txt,No.,no.,no
es-MX,conv-34-turn-12.txt,5 2 5 5 1 2 3 4 5 6 7 8.,cinco dos cinco cinco uno dos tres cuatro cinco seis siete ocho,cinco dos cinco cinco uno dos tres cuatro cinco seis siete ocho
es-MX,conv-34-turn-13.txt,Falta un 5. 5 6 7 8.,falta un cinco cinco seis siete ocho,falta un cinco cinco seis siete ocho
es-MX,conv-34-turn-14.txt,"Claro, 5 6 7 8.","Claro, cinco, seis, siete, ocho.",claro cinco seis siete ocho
es-MX,conv-34-turn-15.txt,No.,No.,no
es-MX,conv-34-turn-16.txt,5 2 5 5 1 2 3 4 5 6 7 8.,"cinco, dos, cinco, cinco, uno, dos, tres, cuatro, cinco, seis, siete, ocho.",cinco dos cinco cinco uno dos tres cuatro cinco seis siete ocho
es-MX,conv-34-turn-17.txt,Sí.,sí.,sí
es-MX,conv-34-turn-18.txt,Muchísimas gracias.,Muchísimas gracias.,muchísimas gracias
es-MX,conv-34-turn-19.txt,"Sí, por favor.","Sí, por favor.",sí por favor
es-MX,conv-34-turn-2.txt,C N 2 0 4.,CN dos cero cuatro.,c n dos cero cuatro
es-MX,conv-34-turn-20.txt,"Nada más, muchísimas gracias.","No, nada más. Muchísimas gracias.",no nada más muchísimas gracias
es-MX,conv-34-turn-21.txt,Hasta luego.,hasta luego.,hasta luego
es-MX,conv-34-turn-3.txt,María López.,María López.,maría lópez
es-MX,conv-34-turn-4.txt,María punto López arroba email punto com.,María punto López arroba email punto com,maría punto lópez arroba email punto com
es-MX,conv-34-turn-5.txt,No.,No.,no
es-MX,conv-34-turn-6.txt,"Sí, es mi nombre, María punto López arroba e.","Sí, es mi nombre María. Punto López. Arroba e",sí es mi nombre maría punto lópez arroba e
es-MX,conv-34-turn-7.txt,No.,No.,no
es-MX,conv-34-turn-8.txt,5 2 5 5 1 2 3 4 5 6 7 8.,cinco dos cinco cinco uno dos tres cuatro cinco seis siete ocho,cinco dos cinco cinco uno dos tres cuatro cinco seis siete ocho
es-MX,conv-34-turn-9.txt,No.,no.,no
es-MX,conv-35-turn-0.txt,"¿Ana, cómo estás? Pedí una reposición de mi tarjeta de crédito y quería ver cuál era el estatus. ¿Me podrías ayudar?","Ana, cómo estás? Que pedí una reposición de mi tarjeta de crédito y quería ver cuál es el status. ¿Me podías ayudar?",ana cómo estás que pedí una reposición de mi tarjeta de crédito y quería ver cuál es el status me podías ayudar
es-MX,conv-35-turn-1.txt,"Permíteme un momento, por favor.","Permítame un momento, por favor.",permítame un momento por favor
es-MX,conv-35-turn-10.txt,"Genial, sí. Muchas gracias.","Genial, sí, muchas gracias.",genial sí muchas gracias
es-MX,conv-35-turn-11.txt,¿Cuánto tiempo tardaría en llegar?,¿Cuánto tiempo tardarían en llegar?,cuanto tiempo tardarian en llegar
es-MX,conv-35-turn-12.txt,¿Sabes tu a qué dirección la están enviando?,Sabes tú a qué dirección la están enviando?,sabes tú a qué dirección la están enviando
es-MX,conv-35-turn-13.txt,Gracias.,Gracias.,gracias
es-MX,conv-35-turn-14.txt,"Sí, por favor.",sí por favor,sí por favor
es-MX,conv-35-turn-15.txt,¿Sabes qué límite tiene mi tarjeta?,Sabes qué límite tiene mi tarjeta.,sabes qué límite tiene mi tarjeta
es-MX,conv-35-turn-16.txt,No. Sería todo. Te lo agradezco mucho.,"No, sería todo. Te lo agradezco mucho.",no sería todo te lo agradezco mucho
es-MX,conv-35-turn-17.txt,Igualmente. Hasta luego.,igualmente hasta luego,igualmente hasta luego
es-MX,conv-35-turn-2.txt,Listo. ¿Cuál es el código?,"Listo, ¿cuál es el código?",listo cuál es el código
es-MX,conv-35-turn-3.txt,¿C N 9 0?,Cn nueve cero.,c n nueve cero
es-MX,conv-35-turn-4.txt,María López.,María López.,maría lópez
es-MX,conv-35-turn-5.txt,Mi nombre María punto López arroba email.,Mi nombre María punto López arroba email.,mi nombre maría punto lópez arroba email
es-MX,conv-35-turn-6.txt,"Sí, el dominio es email punto com.","Sí, el dominio es email.com.",sí el dominio es email punto com
es-MX,conv-35-turn-7.txt,Sí. Es el 5 2 55 1 2 3 4 5 6 7 8.,"Sí, es el cinco dos cinco cinco uno dos tres cuatro cinco seis siete ocho.",sí es el cinco dos cinco cinco uno dos tres cuatro cinco seis siete ocho
es-MX,conv-35-turn-8.txt,No.,No.,no
es-MX,conv-35-turn-9.txt,Sí. Es el 5 2 5 5 1 2 3 4 5 6 7 8.,"Sí, es el cinco dos cinco cinco uno dos tres cuatro cinco seis siete ocho.",sí es el cinco dos cinco cinco uno dos tres cuatro cinco seis siete ocho
es-MX,conv-36-turn-0.txt,"Ana, quisiera saber qué necesito para poder aumentar el límite de mi tarjeta de crédito.",Ana quisiera saber qué necesito para poder aumentar el límite de mi tarjeta de crédito.,ana quisiera saber qué necesito para poder aumentar el límite de mi tarjeta de crédito
es-MX,conv-36-turn-1.txt,"A ver, permíteme un momentito, por favor. Necesito papel y pluma.","A ver, permíteme un momentito, por favor, necesito papel y pluma.",a ver permíteme un momentito por favor necesito papel y pluma
es-MX,conv-36-turn-10.txt,Muy bien. Es 5 2 5 5 1 2 3 4 5 6 7 8.,muy bien es cinco dos cinco cinco uno dos tres cuatro cinco seis siete ocho,muy bien es cinco dos cinco cinco uno dos tres cuatro cinco seis siete ocho
es-MX,conv-36-turn-11.txt,"¡Genial! Sí, muy bien. Gracias.","Genial, sí, muy bien, gracias.",genial sí muy bien gracias
es-MX,conv-36-turn-12.txt,Espero.,espera.,espera
es-MX,conv-36-turn-13.txt,¿Me podrías tu ayudar con los límites de crédito?,me podrías tú ayudar con los límites de crédito,me podrías tú ayudar con los límites de crédito
es-MX,conv-36-turn-14.txt,¿No sabes los montos tampoco?,No sabes los montos tampoco.,no sabes los montos tampoco
es-MX,conv-36-turn-15.txt,"Bueno, sí claro.",bueno sí claro,bueno sí claro
es-MX,conv-36-turn-16.txt,"No, no, no. Sería todo. Gracias Ana por tomar la llamada.",no no no sería todo gracias Ana por tomar la llamada,no no no sería todo gracias ana por tomar la llamada
es-MX,conv-36-turn-17.txt,Adiós.,Adiós.,adiós
es-MX,conv-36-turn-2.txt,"Muy bien. ¿Me podrías dar el código, por favor?",muy bien me podrías dar el código por favor,muy bien me podrías dar el código por favor
es-MX,conv-36-turn-3.txt,"Sí. C de Casa, N de Nancy, 1 1 7.","Sí, sede casa en el Nancy uno uno siete.",sí c de casa en el nancy uno uno siete
es-MX,conv-36-turn-4.txt,María López.,María López.,maría lópez
es-MX,conv-36-turn-5.txt,Claro. Mi correo electrónico es María punto López arroba email punto com.,"Claro, mi no, mi correo electrónico es maría punto lópez arroba email punto com.",claro mi no mi correo electrónico es maría punto lópez arroba email punto com
es-MX,conv-36-turn-6.txt,¿Me podrías repetir el correo que te acabo de dar?,me podría repetir el correo que te acabo de dar.,me podría repetir el correo que te acabo de dar
es-MX,conv-36-turn-7.txt,"Gracias, nada más quería confirmarlo.","Gracias, nada más quería confirmarlo.",gracias nada más quería confirmarlo
es-MX,conv-36-turn-8.txt,"Sí, claro. Es el número de registrador el que necesitas, ¿verdad?","Sí, claro. Es el número de registrador que necesitas, ¿verdad?",sí claro es el número de registrador que necesitas verdad
es-MX,conv-36-turn-9.txt,¿Necesitas el código del país o solamente el número?,Necesitas el código del país o solamente el número.,necesitas el código del país o solamente el número
es-MX,conv-37-turn-0.txt,"Ana, gracias. Quería solicitar el estado de cuenta de mi tarjeta de crédito. ¿Tú me podrías ayudar con eso?","Ana, gracias. Quería solicitar el estado de cuenta de mi tarjeta de crédito. ¿Tú me podrías ayudar con eso?",ana gracias queria solicitar el estado de cuenta de mi tarjeta de credito tu me podrias ayudar con eso
es-MX,conv-37-turn-1.txt,"Pero, ¿por qué no tienes acceso a mi estado de cuenta? ¿No sabes siquiera quién soy?",pero ¿por qué no tienes acceso a mi estado de cuenta? no sabes ni siquiera quién soy.,pero por que no tienes acceso a mi estado de cuenta no sabes ni siquiera quien soy
es-MX,conv-37-turn-10.txt,"Sí, estoy en la Ciudad de México.","Sí, estoy en la Ciudad de México.",sí estoy en la ciudad de méxico
es-MX,conv-37-turn-11.txt,No. ¿No me vas a dar ningún número de caso o de referencia?,"No, no me vas a dar ningún número de caso o de referencia.",no no me vas a dar ningún número de caso o de referencia
es-MX,conv-37-turn-12.txt,"A ver, ¿me lo puedes repetir, por favor?","A ver, me lo puedes repetir, por favor.",a ver me lo puedes repetir por favor
es-MX,conv-37-turn-13.txt,"Sí, muchísimas gracias.","Sí, muchísimas gracias.",sí muchísimas gracias
es-MX,conv-37-turn-14.txt,Muy bien. Se lo agradezco mucho Ana. Me puedes transferir. Gracias.,"Muy bien, te lo agradezco mucho, Ana. Me puedes transferir, gracias.",muy bien te lo agradezco mucho ana me puedes transferir gracias
es-MX,conv-37-turn-15.txt,¿Habrá algún correo electrónico al que yo pueda escribir al banco?,Habrá algún correo electrónico al que yo pueda escribir al banco.,habrá algún correo electrónico al que yo pueda escribir al banco
es-MX,conv-37-turn-16.txt,¿WhatsApp? ¿No hay número de WhatsApp?,"WhatsApp, no hay número de WhatsApp.",whatsapp no hay número de whatsapp
es-MX,conv-37-turn-17.txt,Pues no. Te lo agradezco mucho. Que tengas muy buen día Ana.,pues no pero gracias como mucho que tengas muy buen día Ana,pues no pero gracias como mucho que tengas muy buen día ana
es-MX,conv-37-turn-2.txt,¿Por qué no tienes acceso si no sabes ni siquiera cuál es mi nombre?,¿Por qué no no tienes acceso si no sabes ni siquiera cuál es mi nombre?,por que no no tienes acceso si no sabes ni siquiera cual es mi nombre
es-MX,conv-37-turn-3.txt,"¿Ni tampoco si te doy mi número de teléfono, mi nombre y mi dirección?","ni tampoco si te doy mi número de teléfono, mi nombre y mi dirección.",ni tampoco si te doy mi número de teléfono mi nombre y mi dirección
es-MX,conv-37-turn-4.txt,Sí. Quisiera darte mis datos para que me transfieras con el agente.,"Sí, quisiera darte mis datos para que me transfieras con el agente.",sí quisiera darte mis datos para que me transfieras con el agente
es-MX,conv-37-turn-5.txt,María López.,María López.,maría lópez
es-MX,conv-37-turn-6.txt,¿Lo necesitas con el código del país o solamente el número?,lo necesitas con el código del país o solamente el número.,lo necesitas con el código del país o solamente el número
es-MX,conv-37-turn-7.txt,5 5 1 2 3 4 5 6 7 8.,cinco cinco uno dos tres cuatro cinco seis siete ocho,cinco cinco uno dos tres cuatro cinco seis siete ocho
es-MX,conv-37-turn-8.txt,"Sí. Es calle Urión 30, Colonia Tlatilco, Azcapotzalco.","Sí es calle Urión treinta, colonia Atlatico, Azcapotzalco.",sí es calle urión treinta colonia atlatico azcapotzalco
es-MX,conv-37-turn-9.txt,"Sí, es 0 2 8 60.","Sí, es cero dos ocho sesenta.",sí es cero dos ocho sesenta
es-MX,conv-38-turn-0.txt,"Ana, como estás. Oye, quería tener una copia de mi estado de cuenta de la tarjeta de crédito. ¿Me puedes ayudar?","Ana, cómo estás? Oye, quería tener una copia de mi estado de cuenta de la tarjeta de crédito. ¿Me puedes ayudar?",ana como estas oye queria tener una copia de mi estado de cuenta de la tarjeta de credito me puedes ayudar
es-MX,conv-38-turn-1.txt,A ver espérame un tantito. Déjame ir a por pluma y papel. ¿OK?,"A ver, espérame un tantito, déjame ir por pluma y papel, ¿ok?",a ver espérame un tantito déjame ir por pluma y papel okay
es-MX,conv-38-turn-10.txt,Claro. 5 5 1 2 3 4 5 6 7 8.,"Claro, cinco cinco, uno dos tres cuatro, cinco seis siete ocho.",claro cinco cinco uno dos tres cuatro cinco seis siete ocho
es-MX,conv-38-turn-11.txt,No.,No.,no
es-MX,conv-38-turn-12.txt,"Sí, claro. Es 5 5 1 2 3 4 5 6 7 8.","Sí, claro, es cinco cinco uno dos tres cuatro cinco seis siete ocho.",sí claro es cinco cinco uno dos tres cuatro cinco seis siete ocho
es-MX,conv-38-turn-13.txt,No.,No.,no
es-MX,conv-38-turn-14.txt,Sí. Es muy fácil. Es 5 5 1 2 3 4 5 6 7 8.,"Sí, es muy fácil. Es cinco cinco uno dos tres cuatro cinco seis siete ocho.",sí es muy fácil es cinco cinco uno dos tres cuatro cinco seis siete ocho
es-MX,conv-38-turn-15.txt,No. Ahora sí está bien. Gracias.,"No, ahora sí está bien. Gracias.",no ahora sí está bien gracias
es-MX,conv-38-turn-16.txt,"Del mes anterior, por favor.","Del mes anterior, por favor.",del mes anterior por favor
es-MX,conv-38-turn-17.txt,¿Sabes cuál es la dirección adónde se tendría que enviar?,Sabes cuál es el la dirección a donde se tendría que enviar?,sabes cuál es el la dirección a donde se tendría que enviar
es-MX,conv-38-turn-18.txt,"No, la dirección física.",no a la la dirección física,no a la la dirección física
es-MX,conv-38-turn-19.txt,"Sí, por favor.","Sí, por favor.",sí por favor
es-MX,conv-38-turn-2.txt,"Claro, permíteme un momento.","Claro, permítame un momento.",claro permíteme un momento
es-MX,conv-38-turn-20.txt,"Sí. Es Urión, número 30, Colonia Tlatilco.","Sí, es Urión número treinta, Colonia Latilco.",sí es urión número treinta colonia latilco
es-MX,conv-38-turn-21.txt,"Sí, es Colonia Tlatilco.",sí es es Colonia Latilco,sí es es colonia latilco
es-MX,conv-38-turn-22.txt,"Sí es en la alcaldía Azcapotzalco, código postal 0 2 8 6 0 Ciudad de México.","Si es en la alcaldía Azcapotzalco, código postal 02860, Ciudad de México.",sí es en la alcaldía azcapotzalco código postal cero dos ocho seis cero ciudad de méxico
es-MX,conv-38-turn-23.txt,"Muy bien. Sí, genial. Gracias.","Muy bien, sí, genial, gracias.",muy bien sí genial gracias
es-MX,conv-38-turn-24.txt,No. ¿Entonces me vas a transferir con algún agente?,"No, entonces me vas a transferir con alguna gente.",no entonces me vas a transferir con alguna gente
es-MX,conv-38-turn-25.txt,"Pues si se pueden comunicar conmigo lo antes posible, por favor.",pues si me se pueden comunicar conmigo lo antes posible por favor,pues si me se pueden comunicar conmigo lo antes posible por favor
es-MX,conv-38-turn-26.txt,No. Nada más. Te lo agradezco mucho Ana.,"No, nada más te lo agradezco mucho, Ana.",no nada más te lo agradezco mucho ana
es-MX,conv-38-turn-27.txt,Igualmente. Hasta luego.,igualmente hasta luego,igualmente hasta luego
es-MX,conv-38-turn-3.txt,Dame un minutito más porque necesito papel y pluma. ¿OK?,"Dame un minutito más porque necesito este papel y pluma, ¿ok?",dame un minutito más porque necesito papel y pluma okay
es-MX,conv-38-turn-4.txt,Muy bien. ¿Me puedes dictar el número?,muy bien me puedes decir el número,muy bien me puedes decir el número
es-MX,conv-38-turn-5.txt,"Claro C de casa, N de Nancy, 1 6 1.","Claro, C de casa, N de Nancy, uno seis uno.",claro c de casa n de nancy uno seis uno
es-MX,conv-38-turn-6.txt,Juan López.,Juan López.,juan lópez
es-MX,conv-38-turn-7.txt,"Es mi nombre, Juan punto López arroba email punto com.",es mi nombre Juan punto López arroba email punto com,es mi nombre juan punto lópez arroba email punto com
es-MX,conv-38-turn-8.txt,"Así es, gracias.","Así es, gracias.",así es gracias
es-MX,conv-38-turn-9.txt,Sí. ¿Necesitas solamente los 10 dígitos del número o te necesito dar el código del país?,Si necesitas solamente los diez dígitos del nom del número o necesito dar el el código del país.,sí necesitas solamente los diez dígitos del nom del número o necesito dar el el código del país
es-MX,conv-39-turn-0.txt,"Ana, ¿cómo estás? Necesito que me ayudes con el aumento de mi límite de crédito de mi tarjeta. ¿Me podrías dar información?","Ana, cómo estás? Este, necesito que me ayudes con el aumento de mi línea de crédito de mi tarjeta. ¿Me podrías, este, dar información?",ana cómo estás necesito que me ayudes con el aumento de mi línea de crédito de mi tarjeta me podrías dar información
es-MX,conv-39-turn-1.txt,"Repítelo, por favor.","Repítelo, por favor.",repítelo por favor
es-MX,conv-39-turn-10.txt,"Sí, muy bien, este, entonces, tú me vas a enviar un correo, ¿verdad? O un mensaje a la aplicación del banco.","Sí, muy bien, este, entonces, tú me vas a enviar un correo, ¿verdad? O una un mensaje a la aplicación del banco.",sí muy bien entonces tú me vas a enviar un correo verdad o una un mensaje a la aplicación del banco
es-MX,conv-39-turn-11.txt,Sí.,Sí.,sí
es-MX,conv-39-turn-12.txt,"Sí, ¿tengo que esperar en la línea contigo o tengo que esperar unos minutos más después de haber colgado la llamada?",Si tengo que esperar en la línea contigo o tengo que esperar unos minutos más después de haber colgado la llamada.,sí tengo que esperar en la línea contigo o tengo que esperar unos minutos más después de haber colgado la llamada
es-MX,conv-39-turn-13.txt,"Sí, ¿sabes tú cuál sería el nuevo límite?",Si sabes tú cuál sería el nuevo límite.,sí sabes tú cuál sería el nuevo límite
es-MX,conv-39-turn-14.txt,Gracias.,gracias,gracias
es-MX,conv-39-turn-15.txt,"Eh no por el momento, ¿pudieras hacer alguna anotación para que el agente se comunique conmigo?",no por el momento pudieras hacer alguna anotación para que la gente se comunique conmigo,no por el momento pudieras hacer alguna anotacion para que la gente se comunique conmigo
es-MX,conv-39-turn-16.txt,"Este, sí. ¿Me podrías nada más repetir cuál es el número teléfono que tengo registrado con ustedes?",este sí me podrías nada más repetir cuál es el número de teléfono que tenemos registrado con ustedes,sí me podrías nada más repetir cuál es el número de teléfono que tenemos registrado con ustedes
es-MX,conv-39-turn-17.txt,"No, está muy bien. Te lo agradezco mucho.",no está muy bien te lo agradezco mucho,no está muy bien te lo agradezco mucho
es-MX,conv-39-turn-18.txt,"Muy bien, entonces voy a colgar la llamada, ¿eh?",muy bien entonces voy a colgar la llamada,muy bien entonces voy a colgar la llamada
es-MX,conv-39-turn-19.txt,"Hasta luego, Ana, gracias.","Hasta luego, Ana. Gracias.",hasta luego ana gracias
es-MX,conv-39-turn-2.txt,"A ver, este es el código de seguimiento, ¿verdad?",a ver este es el código de seguimiento verdad,a ver es el código de seguimiento verdad
es-MX,conv-39-turn-3.txt,"Oye me dijiste C N 7 9 1, ¿es C N 1 9 1?","Oye, pero me dijiste S N siete nueve uno, S N uno nueve uno.",oye pero me dijiste s n siete nueve uno s n uno nueve uno
es-MX,conv-39-turn-4.txt,"Muy bien. C de casa, N de Nancy, 7 9 1.","Muy bien, C de casa, N de Nancy, siete nueve uno.",muy bien c de casa n de nancy siete nueve uno
es-MX,conv-39-turn-5.txt,"Sí, mi nombre es Juan López.","Sí, mi nombre es Juan López.",sí mi nombre es juan lópez
es-MX,conv-39-turn-6.txt,Juan punto López arroba email punto com.,Juan punto López arroba email punto com,juan punto lópez arroba email punto com
es-MX,conv-39-turn-7.txt,"Sí, gracias.","sí, gracias.",sí gracias
es-MX,conv-39-turn-8.txt,Muy bien el código de país es 5 2 5 5 1 2 3 4 5 6 7 8.,"Muy bien, el código de país es cinco dos cinco cinco uno dos tres cuatro cinco seis siete ocho.",muy bien el código de país es cinco dos cinco cinco uno dos tres cuatro cinco seis siete ocho
es-MX,conv-39-turn-9.txt,"Sí, muy bien, gracias.","Sí, muy bien, gracias.",sí muy bien gracias
es-MX,conv-4-turn-0.txt,"Sí, quería solicitar la extensión de mi tarjeta de crédito. Una extensión.","Sí, quería solicitar la extensión de mi tarjeta de crédito, una extensión.",sí quería solicitar la extensión de mi tarjeta de crédito una extensión
es-MX,conv-4-turn-1.txt,¿Puedes repetirlo?,Puedes repetirlo.,puedes repetirlo
es-MX,conv-4-turn-10.txt,"Sí, correcto.",sí correcto,sí correcto
es-MX,conv-4-turn-11.txt,"Perdón. Quería solicitar una extensión de la tarjeta, no una extensión del límite.","Perdón, quería solicitar una extensión de la tarjeta, no una extensión del límite.",perdón quería solicitar una extensión de la tarjeta no una extensión del límite
es-MX,conv-4-turn-12.txt,Exacto.,exacto.,exacto
es-MX,conv-4-turn-13.txt,Para otra persona.,para otra persona.,para otra persona
es-MX,conv-4-turn-14.txt,Lucila López.,Lucila López.,lucila lópez
es-MX,conv-4-turn-2.txt,¿Hola?,hola.,hola
es-MX,conv-4-turn-3.txt,C N 7 8 3.,Cn siete ocho tres.,c n siete ocho tres
es-MX,conv-4-turn-4.txt,María López.,María López.,maría lópez
es-MX,conv-4-turn-5.txt,María punto López arroba email punto com.,maría punto lópez arroba email punto com,maría punto lópez arroba email punto com
es-MX,conv-4-turn-6.txt,"Sí, es correcto.",Sí es correcto.,sí es correcto
es-MX,conv-4-turn-7.txt,"Bueno, más 52 55 1 2 3 4 5 6 7 8.","Bueno, más cincuenta y dos, más cincuenta y dos, cincuenta y cinco, uno, dos, tres, cuatro, cinco, seis, siete, ocho.",bueno más cincuenta y dos más cincuenta y dos cincuenta y cinco uno dos tres cuatro cinco seis siete ocho
es-MX,conv-4-turn-8.txt,Más 52.,más cincuenta y dos.,más cincuenta y dos
es-MX,conv-4-turn-9.txt,Más 52 5 5 1 2 3 4 5 6 7 8.,más cincuenta y dos cinco cinco uno dos tres cuatro cinco seis siete ocho,más cincuenta y dos cinco cinco uno dos tres cuatro cinco seis siete ocho
es-MX,conv-40-turn-0.txt,"Ana, como estás. Me gustaría ver si me pudiera dar información de una reposición de una tarjeta de crédito.","Ana, cómo estás. Este, me gustaría ver si me pudiera dar información de una reposición de tarjeta de crédito.",ana como estás me gustaría ver si me pudiera dar información de una reposición de tarjeta de crédito
es-MX,conv-40-turn-1.txt,"No. Dame un momento. Necesito conseguir papel y una pluma, por favor.",no dame un momento necesito conseguir papel y y una pluma por favor,no dame un momento necesito conseguir papel y y una pluma por favor
es-MX,conv-40-turn-10.txt,¿Sabes si el ejecutivo o en el sistema está bien la dirección física de mi domicilio para mandarla?,"Sí, este, ¿sabe si el ejecutivo, este, o si usted en el sistema está bien la dirección física de, de mi domicilio para mandarla?",sí sabe si el ejecutivo o si usted en el sistema está bien la dirección física de de mi domicilio para mandarla
es-MX,conv-40-turn-11.txt,"Sí. Es calle Urión 30, Colonia Tlatilco, alcaldía Azcapotzalco, código postal 0 2 8 6 0 en la Ciudad de México.","Sí, es calle Urión, treinta, Colonia Platilco, Alcaldías Capozalco, código postal cero dos ocho seis cero en la Ciudad de México.",sí es calle urión treinta colonia platilco alcaldías capozalco código postal cero dos ocho seis cero en la ciudad de méxico
es-MX,conv-40-turn-12.txt,Sí pero la alcaldía es Azcapotzalco.,"Sí, pero la alcaldía es Ascapotzalco.",sí pero la alcaldía es ascapotzalco
es-MX,conv-40-turn-13.txt,"Sí, muy bien. ¿Cuánto tiempo tarda la tarjeta en llegar al domicilio físico?","Sí, muy bien. ¿Qué cuánto tiempo tarda en llegar la tarjeta al domicilio físico?",sí muy bien qué cuánto tiempo tarda en llegar la tarjeta al domicilio físico
es-MX,conv-40-turn-14.txt,Sí. ¿Él también me podría dar informes sobre un aumento en mi línea de crédito?,sí él también me podría dar informes sobre un aumento en mi línea de de crédito,sí él también me podría dar informes sobre un aumento en mi línea de de crédito
es-MX,conv-40-turn-15.txt,"Sí, por favor. Muchísimas gracias Ana.","Sí, por favor. Muchísimas gracias, Ana.",sí por favor muchísimas gracias ana
es-MX,conv-40-turn-16.txt,"Sí, por favor.","Sí, por favor.",sí por favor
es-MX,conv-40-turn-17.txt,"A ver. Permíteme un momento, es que vas muy rápido. Dame un par de segundos.","A ver, permítanos un momento. Es que vas muy rápido. Dame este, uno, un par de segundos, ¿ok?",a ver permítanos un momento es que vas muy rápido dame uno un par de segundos okay
es-MX,conv-40-turn-18.txt,Muy bien Ana. Acabo de revisar la aplicación y tengo el mensaje.,"Muy bien, acabo de revisar la aplicación y tengo el mensaje.",muy bien acabo de revisar la aplicación y tengo el mensaje
es-MX,conv-40-turn-19.txt,Bueno. ¿Necesito hacerlo contigo en la llamada o puedo colgar y hacer la confirmación por mi cuenta?,"No, necesito hacerlo contigo en la llamada o puedo colgar y hacer la confirmación por mi cuenta.",no necesito hacerlo contigo en la llamada o puedo colgar y hacer la confirmacion por mi cuenta
es-MX,conv-40-turn-2.txt,Listo. ¿Me podrías dar otra vez el número del caso?,"Listo, me podrías dar otra vez el número del caso.",listo me podrías dar otra vez el número del caso
es-MX,conv-40-turn-20.txt,No. ¿Entonces me puedes transferir con algún agente?,"No, entonces me pudieras transferir con alguna gente.",no entonces me pudieras transferir con alguna gente
es-MX,conv-40-turn-21.txt,"No, nada más. Te lo agradezco mucho. Yo llamo más tarde.","No, nada más. Te lo agradezco mucho. Yo llamo más tarde.",no nada más te lo agradezco mucho yo llamo más tarde
es-MX,conv-40-turn-22.txt,Gracias Ana. Hasta luego.,"Gracias Ana, hasta luego.",gracias ana hasta luego
es-MX,conv-40-turn-3.txt,Sí es. ¿Quieres que te lo repita o nada más con que te diga que lo tengo?,si es quieres que te lo repita o nada más con que te diga que lo tengo,si es quieres que te lo repita o nada mas con que te diga que lo tengo
es-MX,conv-40-turn-4.txt,Juan López.,Juan López.,juan lópez
es-MX,conv-40-turn-5.txt,Juan punto López arroba email punto com.,Juan punto López arroba email punto com,juan punto lópez arroba email punto com
es-MX,conv-40-turn-6.txt,Sí. Te voy a dar los 10 dígitos de mi número de teléfono. Es 5 5 1 2 3 4 5 6 7 8.,Si te voy a dar los diez dígitos de mi número de teléfono es cinco cinco uno dos tres cuatro cinco seis siete ocho.,sí te voy a dar los diez dígitos de mi número de teléfono es cinco cinco uno dos tres cuatro cinco seis siete ocho
es-MX,conv-40-turn-7.txt,"Sí, muy bien. Gracias.","Sí, muy bien, gracias.",sí muy bien gracias
es-MX,conv-40-turn-8.txt,Sí. ¿Me vas a mandar un correo? ¿Me van a llamar? ¿Cómo me van a hacer saber cuándo esté listo?,"Si me vas a mandar un correo, me van a llamar, cómo me van a hacer saber cuándo esté lista.",sí me vas a mandar un correo me van a llamar cómo me van a hacer saber cuándo esté lista
es-MX,conv-40-turn-9.txt,"Ah muy bien. ¿Me podrían marcar por teléfono, por favor?","Ah, muy bien. Sí, me podrían marcar por teléfono, por favor.",ah muy bien sí me podrían marcar por teléfono por favor
es-MX,conv-41-turn-0.txt,"Ana, ¿cómo estás? Mi nombre es Juan y necesito ayuda para saber si ya ha procesado una reposición de mi tarjeta de crédito.","Ana, cómo estás? Este, mi nombre es Juan y necesito ayuda para saber si este ya ha procesado una reposición de mi tarjeta de crédito.",ana cómo estás mi nombre es juan y necesito ayuda para saber si ya ha procesado una reposición de mi tarjeta de crédito
es-MX,conv-41-turn-1.txt,"A ver, dame un momentito porque necesito algo con qué apuntar, ¿OK?","A ver, dame un momentito porque necesito algo con que apuntar, ¿ok?",a ver dame un momentito porque necesito algo con que apuntar okay
es-MX,conv-41-turn-10.txt,5 5 1 2 3 4 5 6 7 8.,cinco cinco uno dos tres cuatro cinco seis siete ocho,cinco cinco uno dos tres cuatro cinco seis siete ocho
es-MX,conv-41-turn-11.txt,Sí. Lo van a. ¿Me podrías ayudar a confirmar la dirección adónde van a mandar la tarjeta?,"Sí, lo van a, me podrías ayudar a confirmar la dirección a donde van a mandar la tarjeta.",sí lo van a me podrías ayudar a confirmar la dirección a donde van a mandar la tarjeta
es-MX,conv-41-turn-12.txt,"Sí. Es calle Urión, número 30, Colonia Tlatilco.","Sí, es calle Urión número treinta, colonia Platílco.",sí es calle urión número treinta colonia platílco
es-MX,conv-41-turn-13.txt,"Sí, la alcaldía es Azcapotzalco, código postal 0 2 860 en la Ciudad de México.","Si la alcaldía es Ascapotzalco, código postal cero dos ochocientos sesenta en la Ciudad de México.",si la alcaldía es ascapotzalco código postal cero dos ochocientos sesenta en la ciudad de méxico
es-MX,conv-41-turn-14.txt,El código postal es 0 2 8 6 0.,El código postal es cero dos ocho seis cero.,el código postal es cero dos ocho seis cero
es-MX,conv-41-turn-15.txt,Sí. ¿Sabes tú cuántos días tarda en llegar?,si sabes tú cuántos días tardan en llegar,si sabes tú cuántos días tardan en llegar
es-MX,conv-41-turn-16.txt,Gracias.,gracias.,gracias
es-MX,conv-41-turn-17.txt,¿El agente me podría ayudar también a saber si puedo tramitar un aumento a mi línea de crédito?,el agente me puede ayudar también a saber si puedo tramitar un aumento en mi línea de crédito.,el agente me puede ayudar también a saber si puedo tramitar un aumento en mi línea de crédito
es-MX,conv-41-turn-18.txt,"¿Sabes si también, si puedo chequear en la aplicación el estado de cuenta del último mes?",este sabes si también si puedo checar en la aplicación el estado de cuenta del último mes,sabes si también si puedo checar en la aplicación el estado de cuenta del último mes
es-MX,conv-41-turn-19.txt,"No, por el momento. Necesito chequear primero mi estado de cuenta para poder chequear los detalles con el agente. Por el momento sería todo.",No por el momento necesito checar primero mis estados de cuenta para poder checar los detalles con el agente. Por el momento sería todo.,no por el momento necesito checar primero mis estados de cuenta para poder checar los detalles con el agente por el momento sería todo
es-MX,conv-41-turn-2.txt,"Muy bien. ¿Me puedes dictar el código una vez más, por favor?",muy bien me puedes dictar el código una vez más por favor,muy bien me puedes dictar el código una vez más por favor
es-MX,conv-41-turn-20.txt,"Te lo agradezco mucho Ana. Igualmente, hasta luego.","te lo agradezco mucho Ana, igualmente hasta luego.",te lo agradezco mucho ana igualmente hasta luego
es-MX,conv-41-turn-3.txt,"Sí, es C de casa, N de Nancy, número 6, número 4 y número 5.",Sí es sede casa en el de Nancy número seis número cuatro y número cinco.,sí es c de casa n de nancy número seis número cuatro y número cinco
es-MX,conv-41-turn-4.txt,"A ver, creo que estoy mal o me diste un número diferente. ¿Es C N 6 4 5 o C N 6 4 4?","A ver, creo que me estoy mal o me diste un número diferente, es C N seis cuatro cinco o C N seis cuatro cuatro.",a ver creo que me estoy mal o me diste un número diferente es c n seis cuatro cinco o c n seis cuatro cuatro
es-MX,conv-41-turn-5.txt,"Sí, es Juan López.","Sí, es Juan López.",sí es juan lópez
es-MX,conv-41-turn-6.txt,"Claro. Es el que tengo registrado con el banco, ¿verdad?","Claro, es el que tengo registrado con el banco, ¿verdad?",claro es el que tengo registrado con el banco verdad
es-MX,conv-41-turn-7.txt,"Sí, es Juan punto López arroba email punto com.","Sí, es Juan punto López arroba email punto com.",sí es juan punto lópez arroba email punto com
es-MX,conv-41-turn-8.txt,"Sí, es 5 5 1 2 3 4 5 6 7 8.",si es cinco cinco uno dos tres cuatro cinco seis siete ocho,si es cinco cinco uno dos tres cuatro cinco seis siete ocho
es-MX,conv-41-turn-9.txt,El teléfono le faltó un número. Los últimos 4 dígitos son 5 6 7 8.,El teléfono le faltó un número. Los últimos cuatro dígitos son cinco seis siete ocho.,el teléfono le faltó un número los últimos cuatro dígitos son cinco seis siete ocho
es-MX,conv-42-turn-0.txt,"Ana, este necesito saber, solicité un aumento en mi línea de crédito de la tarjeta y quería ver si me podrías ayudar a saber cuál es el estatus.","Ana, hola, este, necesito solicité un un aumento en mi línea de crédito de la tarjeta y quería ver si me podías ayudar a saber cuál es el status.",ana hola necesito solicité un un aumento en mi línea de crédito de la tarjeta y quería ver si me podías ayudar a saber cuál es el status
es-MX,conv-42-turn-1.txt,"Sí, a ver dame un momento porque necesito abrir mi computadora para anotarlo.",sí a ver damos un momento porque necesito abrir mi computadora para anotarlo okay,sí a ver damos un momento porque necesito abrir mi computadora para anotarlo okay
es-MX,conv-42-turn-10.txt,"Sí, por favor.","Sí, por favor.",sí por favor
es-MX,conv-42-turn-11.txt,"Sí, en la app, ¿a dónde puedo ir para ver el último estado de cuenta?","Sí, en la a dónde puedo ir para ver el último estado de cuenta.",sí en la a dónde puedo ir para ver el último estado de cuenta
es-MX,conv-42-turn-12.txt,"No, a ver, dame un momento a ver si encuentro el menú en la aplicación, ¿OK?",no a ver dame un momento para ver si encuentro el menú en la aplicación okay,no a ver dame un momento para ver si encuentro el menú en la aplicación okay
es-MX,conv-42-turn-13.txt,"No, OK, ya lo encontré. ¿Sabes más o menos cuánto tiempo tarda en que se me aprueba el aumento de mi línea de crédito o recibir mensaje en la aplicación?","No, ya lo encontré. Entonces, ¿sabes más o menos cuánto tiempo tarda en que se me apruebe el aumento de mi línea de crédito o recibir el mensaje, la aplicación?",no ya lo encontré entonces sabes más o menos cuánto tiempo tarda en que se me apruebe el aumento de mi línea de crédito o recibir el mensaje la aplicación
es-MX,conv-42-turn-14.txt,"Sí, por favor, pero antes ¿me podrías confirmar cuál es la dirección registrada en el sistema?","Sí, por favor. Este, pero antes me podrías confirmar cuál es la dirección registrada en el sistema.",sí por favor pero antes me podrías confirmar cuál es la dirección registrada en el sistema
es-MX,conv-42-turn-15.txt,"Eh sí, no te preocupes. Yo intento más tarde. Gracias, Ana.","Sí, no te preocupes. Yo intento más tarde. Gracias, Ana.",sí no te preocupes yo intento más tarde gracias ana
es-MX,conv-42-turn-16.txt,"Igualmente, hasta luego.",igualmente hasta luego,igualmente hasta luego
es-MX,conv-42-turn-2.txt,"Listo, ¿me lo puedes dictar?",listo me lo puedes dictar.,listo me lo puedes dictar
es-MX,conv-42-turn-3.txt,"Sí, es C N número 3 número 8 número 9.",Sí es C N número tres número ocho número nueve.,sí es c n número tres número ocho número nueve
es-MX,conv-42-turn-4.txt,"Sí, mi nombre es Juan López.","Sí, mi nombre es Juan López.",sí mi nombre es juan lópez
es-MX,conv-42-turn-5.txt,"Está registrado con el banco, ¿verdad?","el que está registrado con el banco, ¿verdad?",el que está registrado con el banco verdad
es-MX,conv-42-turn-6.txt,Sí es Juan punto López arroba email punto com.,"Sí, es Juan punto López arroba email punto com.",sí es juan punto lópez arroba email punto com
es-MX,conv-42-turn-7.txt,"Sí, es el 55 1 2 3 4 5 6 7 8.","Sí, claro, es el cincuenta y cinco uno dos tres cuatro cinco seis siete ocho.",sí claro es el cincuenta y cinco uno dos tres cuatro cinco seis siete ocho
es-MX,conv-42-turn-8.txt,"Sí, genial, Muchísimas gracias.",sí genial muchísimas gracias,sí genial muchísimas gracias
es-MX,conv-42-turn-9.txt,Eh ¿me podrías decir en qué menú en la app puedo checar la notificación?,¿Me podrías decir en qué menú en la en la app puedo checar la notificación?,me podrías decir en qué menú en la en la app puedo checar la notificación
es-MX,conv-43-turn-0.txt,"Hola, quiero saber cómo aumentar mi línea de crédito.","Hola, quiero saber cómo incrementar mi línea de crédito.",hola quiero saber como incrementar mi linea de credito
es-MX,conv-43-turn-1.txt,C N 770.,Cn setecientos setenta.,c n setecientos setenta
es-MX,conv-43-turn-10.txt,"Pues si me transfieres mejor, con un asesor para las opciones. Estaría perfecto.",Pues si me transfieres mejor con un asesor para las opciones estaría perfecto.,pues si me transfieres mejor con un asesor para las opciones estaria perfecto
es-MX,conv-43-turn-11.txt,"Sí, gracias.",sí gracias,sí gracias
es-MX,conv-43-turn-12.txt,"No, gracias.","No, gracias.",no gracias
es-MX,conv-43-turn-2.txt,Juan López.,Juan López.,juan lópez
es-MX,conv-43-turn-3.txt,Juan punto López arroba email punto com.,Juan punto López arroba gmail punto com,juan punto lópez arroba gmail punto com
es-MX,conv-43-turn-4.txt,55 12 34 56 7 8.,cincuenta y cinco doce treinta y cuatro cincuenta y seis siete ocho,cincuenta y cinco doce treinta y cuatro cincuenta y seis siete ocho
es-MX,conv-43-turn-5.txt,Sí.,sí.,sí
es-MX,conv-43-turn-6.txt,Sí.,sí,sí
es-MX,conv-43-turn-7.txt,"Sí, un momento.","Sí, un momento.",sí un momento
es-MX,conv-43-turn-8.txt,"Ya, ya, yo ya lo recibí.",ya ya el chorro ya está ya la recibí,ya ya el chorro ya esta ya la recibi
es-MX,conv-43-turn-9.txt,"Pero es que es muy poco, necesito más.",pero es que es muy poco necesito más,pero es que es muy poco necesito más
es-MX,conv-44-turn-0.txt,Hola quiero saber si este cómo.,"Hola, quiero saber si este, cómo",hola quiero saber si como
es-MX,conv-44-turn-1.txt,"Sí es que no me ha llegado el este, ¿cómo se llama? El estado de cuenta de este mes.","Sí, es que no me ha llegado el, el, este, ¿cómo se llama? El estado de cuenta de este mes.",sí es que no me ha llegado el cómo se llama el estado de cuenta de este mes
es-MX,conv-44-turn-10.txt,"Sí, está bien.",sí sí,sí sí
es-MX,conv-44-turn-11.txt,"Pero, ¿por qué no ha sido enviado? No entiendo. Cada mes tendrían que enviarlo después del día quince y estamos a veintitantos y no llega.",Pero ¿por qué no ha sido enviado? No entiendo. Cada mes tendrían que enviarlo después del día quince y ya estamos a veinte tantos y no llega.,pero por que no ha sido enviado no entiendo cada mes tendrian que enviarlo despues del dia quince y ya estamos a veinte tantos y no llega
es-MX,conv-44-turn-12.txt,Sí.,sí,sí
es-MX,conv-44-turn-13.txt,Gracias.,gracias.,gracias
es-MX,conv-44-turn-14.txt,"Intento más tarde, gracias.","Intento más tarde, gracias.",intento más tarde gracias
es-MX,conv-44-turn-2.txt,"C, ¿sí?",Sí.,sí
es-MX,conv-44-turn-3.txt,C N 6 7 8.,"Sí, C N seis siete ocho.",sí c n seis siete ocho
es-MX,conv-44-turn-4.txt,María punto López.,es María Puntolopes,es maría puntolopes
es-MX,conv-44-turn-5.txt,"Lo siento, Juan López.",no es cierto Juan López perdón,no es cierto juan lópez perdón
es-MX,conv-44-turn-6.txt,Juan punto López arroba email punto com.,Juan.Punto.López@gmail.com,juan punto lópez arroba gmail punto com
es-MX,conv-44-turn-7.txt,55 12 34 56 7 8.,cincuenta y cinco doce treinta y cuatro cincuenta y seis siete ocho,cincuenta y cinco doce treinta y cuatro cincuenta y seis siete ocho
es-MX,conv-44-turn-8.txt,"No, el correo electrónico está mal.","No, es el correo electrónico está mal.",no es el correo electrónico está mal
es-MX,conv-44-turn-9.txt,Es Juan punto López arroba email punto com.,es Juan punto López arroba e-mail punto com,es juan punto lópez arroba email punto com
es-MX,conv-45-turn-0.txt,"Hola, quiero saber qué hago para aumentar mi el límite de crédito de mi tarjeta.","Hola, quiero saber qué hago para aumentar mi límite de crédito de mi tarjeta.",hola quiero saber qué hago para aumentar mi límite de crédito de mi tarjeta
es-MX,conv-45-turn-1.txt,¿Otra vez?,otra vez,otra vez
es-MX,conv-45-turn-10.txt,Está bien.,está bien,está bien
es-MX,conv-45-turn-11.txt,"Está bien, gracias.",no está bien gracias.,no esta bien gracias
es-MX,conv-45-turn-2.txt,C N 7 24.,cn siete veinticuatro,c n siete veinticuatro
es-MX,conv-45-turn-3.txt,Juan López.,Juan López.,juan lópez
es-MX,conv-45-turn-4.txt,Juan punto López y email punto com.,Juan punto López y email punto com,juan punto lópez y email punto com
es-MX,conv-45-turn-5.txt,"Sí, correcto.","Sí, correcto.",sí correcto
es-MX,conv-45-turn-6.txt,55 12 34 56 7 8.,cincuenta y cinco doce treinta y cuatro cincuenta y seis siete ocho,cincuenta y cinco doce treinta y cuatro cincuenta y seis siete ocho
es-MX,conv-45-turn-7.txt,Sí.,sí.,sí
es-MX,conv-45-turn-8.txt,"Aha, sí.",ajá sí,sí
es-MX,conv-45-turn-9.txt,No tengo ninguna notificación.,No tengo ninguna notificación.,no tengo ninguna notificación
es-MX,conv-46-turn-0.txt,"Hola, buenas tardes Ana. Quiero que me envíes mi estado de cuenta bancaria por correo, por favor.","Hola, buenas tardes, Ana. Quiero que me envies mi estado de cuenta bancaria por correo, por favor.",hola buenas tardes ana quiero que me envies mi estado de cuenta bancaria por correo por favor
es-MX,conv-46-turn-1.txt,Sí.,sí.,sí
es-MX,conv-46-turn-10.txt,"Sí, quiero confirmar mi dirección.","Sí, quiero confirmar mi dirección.",sí quiero confirmar mi dirección
es-MX,conv-46-turn-11.txt,"Urión 30, Colonia Tlatilco, Azcapotzalco, 0 2 86 0, Ciudad de México, México.",Uryón treinta Colonia Platilco Ascapotzalco cero dos ochenta y seis cero Ciudad de México México,uryón treinta colonia platilco ascapotzalco cero dos ochenta y seis cero ciudad de méxico méxico
es-MX,conv-46-turn-12.txt,Es correcto.,es correcto.,es correcto
es-MX,conv-46-turn-13.txt,"Sí, solo quería confirmar en que rango de fechas está mi estado de cuenta de diciembre.","Sí, solo quería confirmar en qué rango de fechas está mi estado de cuentas de diciembre.",sí solo quería confirmar en qué rango de fechas está mi estado de cuentas de diciembre
es-MX,conv-46-turn-14.txt,No. Solamente sería todo por hoy. Muchas gracias.,"No, solamente sería todo por hoy. Muchas gracias.",no solamente sería todo por hoy muchas gracias
es-MX,conv-46-turn-2.txt,D T 0 9 3 6.,dt cero nueve tres seis,d t cero nueve tres seis
es-MX,conv-46-turn-3.txt,"Sí, mi nombre completo es Juan López.","Sí, mi nombre completo es Juan López.",sí mi nombre completo es juan lópez
es-MX,conv-46-turn-4.txt,Mi correo electrónico es Juan punto López arroba email punto com.,mi correo electrónico es juan punto lópez arroba email punto com,mi correo electrónico es juan punto lópez arroba email punto com
es-MX,conv-46-turn-5.txt,"Sí, claro. El número de teléfono.","Sí, claro. El número de teléfono",sí claro el número de teléfono
es-MX,conv-46-turn-6.txt,34 56 78.,"treinta y cuatro, cincuenta y seis, setenta y ocho.",treinta y cuatro cincuenta y seis setenta y ocho
es-MX,conv-46-turn-7.txt,52 55 12 34 56 78.,"cincuenta y dos, cincuenta y cinco, doce, treinta y cuatro, cincuenta y seis, setenta y ocho.",cincuenta y dos cincuenta y cinco doce treinta y cuatro cincuenta y seis setenta y ocho
es-MX,conv-46-turn-8.txt,"Sí, todo correcto.","Sí, todo correcto.",sí todo correcto
es-MX,conv-46-turn-9.txt,"Sí, por favor.","Sí, por favor.",sí por favor
es-MX,conv-47-turn-0.txt,Buenas tardes.,Buenas tardes.,buenas tardes
es-MX,conv-47-turn-1.txt,"Mi nombre es Juan López. Mi correo electrónico es Juan punto López arroba email punto com. Mi teléfono es 52 55 1 2 3 4 5 6 7 8. Mi dirección es Urión 30, Colonia Tlatilco, Azcapotzalco, 0 2 0 0 2 8 60, Ciudad de México, México.","Mi nombre es Juan López. Mi correo electrónico es juan.punto.lopez@ymail.com. Mi número de teléfono es 52 55 1234 5678. Mi dirección es Urión 30, Colonia Platilco, Azcapotzalco 02002 860, Ciudad de México, México.",mi nombre es juan lópez mi correo electrónico es juan punto lopez arroba ymail punto com mi número de teléfono es cincuenta y dos cincuenta y cinco uno dos tres cuatro cinco seis siete ocho mi dirección es urión treinta colonia platilco azcapotzalco cero dos cero cero dos ochocientos sesenta ciudad de méxico méxico
es-MX,conv-47-turn-10.txt,Gracias.,gracias,gracias
es-MX,conv-47-turn-2.txt,Quisiera hacer un pago.,quisiera hacer un pago.,quisiera hacer un pago
es-MX,conv-47-turn-3.txt,"Sí, por favor.","Sí, por favor.",sí por favor
es-MX,conv-47-turn-4.txt,"Sí, necesito información adicional.","Sí, necesito información adicional.",sí necesito información adicional
es-MX,conv-47-turn-5.txt,"¿Me podías transferir con un agente, por favor?","Me podrías transferir con un agente, por favor.",me podrías transferir con un agente por favor
es-MX,conv-47-turn-6.txt,"Me gustaría saber mi número de cuenta. Sí, mi número de cuenta, por favor.","Me gustaría saber mi número de cuenta. Sí, mi número de cuenta, por favor.",me gustaría saber mi número de cuenta sí mi número de cuenta por favor
es-MX,conv-47-turn-7.txt,"Solo necesito mi número de cuenta, por favor.","Solo necesito mi número de cuenta, por favor.",solo necesito mi número de cuenta por favor
es-MX,conv-47-turn-8.txt,"Quisiera confirmar mi pago, por favor.","Quisiera confirmar confirmar mi pago, por favor.",quisiera confirmar confirmar mi pago por favor
es-MX,conv-47-turn-9.txt,"Es todo, muchas gracias.",es todo muchas gracias,es todo muchas gracias
es-MX,conv-48-turn-0.txt,"Buenas. Buenos días. Quisiera que me dieras una copia de mi último estado de cuenta, por favor.",buenos buenos días este quisiera que me que me dieras una copia de mi último estado de cuenta por favor,buenos buenos días quisiera que me que me dieras una copia de mi último estado de cuenta por favor
es-MX,conv-48-turn-1.txt,Juan López.,Juan López.,juan lópez
es-MX,conv-48-turn-10.txt,Sí.,sí.,sí
es-MX,conv-48-turn-11.txt,"¿Me puedes dar otra vez el número, el tracking number, por favor?","Me puedes dar otra vez el número de cuenta, el tracking number, por favor.",me puedes dar otra vez el numero de cuenta el tracking number por favor
es-MX,conv-48-turn-12.txt,"Sí, gracias.","Sí, gracias.",sí gracias
es-MX,conv-48-turn-13.txt,No. Es todo.,no es todo.,no es todo
es-MX,conv-48-turn-14.txt,Gracias.,gracias,gracias
es-MX,conv-48-turn-2.txt,Juan punto López arroba email punto com.,Juan punto López arroba gmail punto com.,juan punto lópez arroba gmail punto com
es-MX,conv-48-turn-3.txt,52 55 1 2 3 4 5 6 7 8.,cincuenta y dos cincuenta y cinco uno dos tres cuatro cinco seis siete ocho,cincuenta y dos cincuenta y cinco uno dos tres cuatro cinco seis siete ocho
es-MX,conv-48-turn-4.txt,"No. Mi correo electrónico es Juan López, Juan punto López. Deja y te lo digo de nuevo.","No, mi correo electrónico es Juan López, Juan punto López. Déjate lo digo de nuevo.",no mi correo electrónico es juan lópez juan punto lópez dejate lo digo de nuevo
es-MX,conv-48-turn-5.txt,Es Juan punto López arroba email punto com.,es Juan punto López arroba email punto com,es juan punto lópez arroba email punto com
es-MX,conv-48-turn-6.txt,No. Es arroba email punto com.,"No, es arroba email punto com.",no es arroba email punto com
es-MX,conv-48-turn-7.txt,Sí.,sí.,sí
es-MX,conv-48-turn-8.txt,"Sí, por favor.","Sí, por favor.",sí por favor
es-MX,conv-48-turn-9.txt,"¿Me lo puedes repetir, por favor, pero más lentamente?","Me lo puedes repetir, por favor, pero más lentamente.",me lo puedes repetir por favor pero más lentamente
es-MX,conv-49-turn-0.txt,"Buenas tardes. Necesito una copia de mi último estado de cuenta, por favor.","Buenas tardes. Necito una copia de mi último estado de cuenta, por favor.",buenas tardes necito una copia de mi último estado de cuenta por favor
es-MX,conv-49-turn-1.txt,"Sí, pero dímelo lentamente, por favor.","Sí, pero dímelo lentamente, por favor.",sí pero dímelo lentamente por favor
es-MX,conv-49-turn-2.txt,C N 3 4 2 3 6 2 4.,C N tres cuatro dos tres seis dos cuatro.,c n tres cuatro dos tres seis dos cuatro
es-MX,conv-49-turn-3.txt,Mi nombre es Juan López.,Mi nombre es Juan López.,mi nombre es juan lópez
es-MX,conv-49-turn-4.txt,Juan punto López arroba email punto com.,Juan punto López arroba email punto com.,juan punto lópez arroba email punto com
es-MX,conv-49-turn-5.txt,Es Juan punto López arroba email punto com.,es no es Juan punto López arroba email punto com,es no es juan punto lópez arroba email punto com
es-MX,conv-49-turn-6.txt,52 55 1 2 3 4 5 6 7 8.,cincuenta y dos cincuenta y cinco uno dos tres cuatro cinco seis siete ocho,cincuenta y dos cincuenta y cinco uno dos tres cuatro cinco seis siete ocho
es-MX,conv-49-turn-7.txt,"Sí, es correcto.","Sí, es correcto.",sí es correcto
es-MX,conv-49-turn-8.txt,Por correo electrónico está bien.,por correo electrónico está bien.,por correo electrónico está bien
es-MX,conv-49-turn-9.txt,"No, sería todo, gracias.","No, sería todo, gracias.",no sería todo gracias
es-MX,conv-5-turn-0.txt,"Sí, eh.",sí,sí
es-MX,conv-5-turn-1.txt,Quería solicitar una ascensión de la tarjeta.,quería solicitar una extensión de la tarjeta.,quería solicitar una extensión de la tarjeta
es-MX,conv-5-turn-10.txt,"Sí, ¿podrías notificar?","sí, podría notificar",sí podría notificar
es-MX,conv-5-turn-11.txt,"¿En dónde lo harías, por mail o la app?","¿En dónde lo harías, por mail o por la app?",en dónde lo harías por mail o por la app
es-MX,conv-5-turn-12.txt,¿Tiene el límite de la tarjeta original o es límite menor?,Tiene el mismo límite que la tarjeta original o es un límite menor?,tiene el mismo limite que la tarjeta original o es un limite menor
es-MX,conv-5-turn-13.txt,"Sí, prefiero.","Sí, prefiero.",sí prefiero
es-MX,conv-5-turn-14.txt,Bueno.,bueno.,bueno
es-MX,conv-5-turn-15.txt,"No, está bien, gracias.","No está bien, gracias.",no está bien gracias
es-MX,conv-5-turn-2.txt,C N 1 9 7.,Cn uno nueve siete.,c n uno nueve siete
es-MX,conv-5-turn-3.txt,María López.,María López.,maría lópez
es-MX,conv-5-turn-4.txt,María punto López arroba email punto com.,maría punto lópez arroba email punto com,maría punto lópez arroba email punto com
es-MX,conv-5-turn-5.txt,Más 52 55 1 2 3 4 5 6 7 8.,más cincuenta y dos cincuenta y cinco uno dos tres cuatro cinco seis siete ocho,más cincuenta y dos cincuenta y cinco uno dos tres cuatro cinco seis siete ocho
es-MX,conv-5-turn-6.txt,"Mm, no le escuché el correo.",No lo escuché del correo.,no lo escuche del correo
es-MX,conv-5-turn-7.txt,María punto López arroba email punto com.,María punto López arroba email punto com,maría punto lópez arroba email punto com
es-MX,conv-5-turn-8.txt,Sin acento.,sin ascendón.,sin ascendon
es-MX,conv-5-turn-9.txt,"Sí, continúo con la solicitud.","Sí, continúo con la solicitud.",sí continúo con la solicitud
es-MX,conv-6-turn-0.txt,Necesito averiguar por qué no me llegó la tarjeta nueva. La tarjeta de crédito. ¿Qué pudo pasar?,necesito averiguar porque no me llegó la tarjeta nueva la tarjeta de crédito qué puedo pasar,necesito averiguar porque no me llego la tarjeta nueva la tarjeta de credito que puedo pasar
es-MX,conv-6-turn-1.txt,Sí.,sí.,sí
es-MX,conv-6-turn-10.txt,¿Dónde la recojo? ¿Dónde la busco?,dónde la dónde la recojo dónde la busco,donde la donde la recojo donde la busco
es-MX,conv-6-turn-11.txt,Bueno.,bueno.,bueno
es-MX,conv-6-turn-2.txt,C N 7 3 0.,tnttt tres cero,tnttt tres cero
es-MX,conv-6-turn-3.txt,C N 7 3 0.,C N siete tres cero.,c n siete tres cero
es-MX,conv-6-turn-4.txt,María López.,Malo López.,malo lópez
es-MX,conv-6-turn-5.txt,María punto López arroba email punto com.,María punto López arroba email punto com,maría punto lópez arroba email punto com
es-MX,conv-6-turn-6.txt,Más 52 55 1 2 3 4 5 6 7 8.,"más cincuenta y dos, cincuenta y cinco, uno, dos, tres, cuatro, cinco, seis, siete, ocho.",más cincuenta y dos cincuenta y cinco uno dos tres cuatro cinco seis siete ocho
es-MX,conv-6-turn-7.txt,Más 52 55 1 2 3 4 5 6 7 8.,más cinco dos cinco cinco uno dos tres cuatro cinco seis siete ocho,más cinco dos cinco cinco uno dos tres cuatro cinco seis siete ocho
es-MX,conv-6-turn-8.txt,"No, el correo es María punto López arroba email punto com.",El correo es María punto López arroba email punto com.,el correo es maría punto lópez arroba email punto com
es-MX,conv-6-turn-9.txt,Más 52 55 1 2 3 4 5 6 7 8.,más cinco dos cinco cinco uno dos tres cuatro cinco seis siete ocho,más cinco dos cinco cinco uno dos tres cuatro cinco seis siete ocho
es-MX,conv-7-turn-0.txt,"Quisiera solicitar la extensión de una tarjeta, de crédito.","Gracias por llamar. Soy Ana, el asistente de IA en una línea grabada. ¿Cómo puedo ayudarte? Quisiera solicitar la extensión de una tarjeta de crédito.",gracias por llamar soy ana el asistente de ia en una linea grabada como puedo ayudarte quisiera solicitar la extension de una tarjeta de credito
es-MX,conv-7-turn-1.txt,Sí.,sí.,sí
es-MX,conv-7-turn-10.txt,Es más 5 2 5 5 1 2 3 4 5 6 7 8.,es más cinco dos cinco cinco uno dos tres cuatro cinco seis siete ocho,es más cinco dos cinco cinco uno dos tres cuatro cinco seis siete ocho
es-MX,conv-7-turn-11.txt,Más 5 2 5 5 1 2.,más cinco dos cinco cinco uno dos,más cinco dos cinco cinco uno dos
es-MX,conv-7-turn-12.txt,Más 5.,más cinco,más cinco
es-MX,conv-7-turn-2.txt,C N 8 3 9.,Cn ocho tres nueve.,c n ocho tres nueve
es-MX,conv-7-turn-3.txt,María López.,María López.,maría lópez
es-MX,conv-7-turn-4.txt,Sí.,sí.,sí
es-MX,conv-7-turn-5.txt,María punto López arroba email punto com.,maría punto lópez arroba email punto com,maría punto lópez arroba email punto com
es-MX,conv-7-turn-6.txt,"No es Gmail, es email.","No es Gmail, es email.",no es gmail es email
es-MX,conv-7-turn-7.txt,Sí.,sí,sí
es-MX,conv-7-turn-8.txt,Más 2 55 1 2 3 4 5 6 7 8.,dos cinco cinco uno dos tres cuatro cinco seis siete ocho,dos cinco cinco uno dos tres cuatro cinco seis siete ocho
es-MX,conv-7-turn-9.txt,"No, es incorrecto. El número es.",número es cinco cinco uno dos cuatro siete siete ocho ¿te puedes confirmar si está correcto no es es incorrecto el número es,número es cinco cinco uno dos cuatro siete siete ocho te puedes confirmar si está correcto no es es incorrecto el número es
es-MX,conv-8-turn-0.txt,Quisiera pedir una tarjeta de crédito nueva.,Quisiera pedir una tarjeta de crédito nueva.,quisiera pedir una tarjeta de crédito nueva
es-MX,conv-8-turn-1.txt,C N 9 5 3.,T C N nueve cinco tres,t c n nueve cinco tres
es-MX,conv-8-turn-10.txt,¿Dónde puedo verificar eso? ¿O me avisarás tú de qué manera? ¿Por email?,¿Dónde puedo verificar eso o me avisarás tú de qué manera por mail?,donde puedo verificar eso o me avisaras tu de que manera por mail
es-MX,conv-8-turn-11.txt,"¿Cómo me avisas que ya está en proceso, que ya está en camino?","Cómo me avisa que ya está en proceso, que ya está en camino.",cómo me avisa que ya está en proceso que ya está en camino
es-MX,conv-8-turn-12.txt,"No, nada más, gracias.",no nada más gracias.,no nada más gracias
es-MX,conv-8-turn-13.txt,Igualmente.,igualmente.,igualmente
es-MX,conv-8-turn-2.txt,María López.,María López,maría lópez
es-MX,conv-8-turn-3.txt,María punto López arroba email punto com.,María Pundo López @email.com,maría pundo lópez arroba email punto com
es-MX,conv-8-turn-4.txt,Más 52 55 1 2 3 4 5 6 7 8.,más cincuenta y dos cincuenta y cinco uno dos cinco seis siete ocho,más cincuenta y dos cincuenta y cinco uno dos cinco seis siete ocho
es-MX,conv-8-turn-5.txt,"Urión, perdón. Urión 30, col. Tlatilco.","Unión, perdón, no es Unión, Urión treinta col Platilco.",unión perdón no es unión urión treinta col platilco
es-MX,conv-8-turn-6.txt,¿Dirección de mi domicilio o el mail?,La dirección de mi domicilio o de mail.,la dirección de mi domicilio o de mail
es-MX,conv-8-turn-7.txt,"Urión 30, col. Tlatilco.",Urión treinta Col Platílco,urión treinta col platílco
es-MX,conv-8-turn-8.txt,"Sí, ¿me podrías decir el estado de mi tarjeta de crédito?","Sí, me podrías decir el estado de mi tarjeta de crédito.",sí me podrías decir el estado de mi tarjeta de crédito
es-MX,conv-8-turn-9.txt,"Bueno, sí.","Bueno, sí.",bueno sí
es-MX,conv-9-turn-0.txt,Sí. Necesito la copia de la factura.,"Sí, necesito la copia de de la factura.",sí necesito la copia de la factura
es-MX,conv-9-turn-1.txt,De este mes.,de este mes.,de este mes
es-MX,conv-9-turn-10.txt,María punto López arroba email punto com.,María punto López arroba email punto com,maría punto lópez arroba email punto com
es-MX,conv-9-turn-11.txt,El correo es María punto López arroba email punto com.,el correo es maria punto lópez arroba email punto com,el correo es maria punto lópez arroba email punto com
es-MX,conv-9-turn-12.txt,María.,María.,maría
es-MX,conv-9-turn-13.txt,El correo es María punto López email punto com.,El correo es María punto López arroba email punto com.,el correo es maría punto lópez arroba email punto com
es-MX,conv-9-turn-14.txt,"Urión 30, Tlatilco.",Unión Treinta Platílogo.,unión treinta platílogo
es-MX,conv-9-turn-15.txt,"No, Tlatilco.",No platílco.,no platilco
es-MX,conv-9-turn-16.txt,Sí.,sí.,sí
es-MX,conv-9-turn-17.txt,¿Me la enviarás por email?,me la enviarás por mail.,me la enviarás por mail
es-MX,conv-9-turn-18.txt,¿Me podrías adelantar el monto de la factura?,¿Me podrías adelantar el monto de la factura?,me podrías adelantar el monto de la factura
es-MX,conv-9-turn-19.txt,¿Puedo verla en la aplicación?,Puedo verla en la aplicación.,puedo verla en la aplicación
es-MX,conv-9-turn-2.txt,Sí.,sí,sí
es-MX,conv-9-turn-20.txt,Sí. ¿Me podrías orientar?,sí me puedes orientar,sí me puedes orientar
es-MX,conv-9-turn-21.txt,¿Podría pedir un pago en cuotas de la factura?,Podría recibir un pago en cuotas de la factura.,podría recibir un pago en cuotas de la factura
es-MX,conv-9-turn-22.txt,No. Un pago en cuotas.,"no, no, no, no, pago en cuotas.",no no no no pago en cuotas
es-MX,conv-9-turn-23.txt,"Sí, pero quiero saber en cuántas cuotas lo puedo pagar.","Sí, pero quiero saber cuotas, cuotas, en cuántas cuotas lo puedo pagar.",sí pero quiero saber cuotas cuotas en cuántas cuotas lo puedo pagar
es-MX,conv-9-turn-24.txt,Bueno.,bueno.,bueno
es-MX,conv-9-turn-25.txt,Bueno. ¿Me transfieres?,"Bueno, me transfieres.",bueno me transfieres
es-MX,conv-9-turn-26.txt,"OK, gracias.","Okay, gracias.",okay gracias
es-MX,conv-9-turn-3.txt,C N 2 2 2.,C es dos dos dos dos dos.,c es dos dos dos dos dos
es-MX,conv-9-turn-4.txt,El código te lo digo es C N 7 0 2.,El código te lo digo es cn siete cero dos.,el código te lo digo es c n siete cero dos
es-MX,conv-9-turn-5.txt,María López.,María López.,maría lópez
es-MX,conv-9-turn-6.txt,María punto López arroba email punto com.,maría punto pérez arroba email puntocom,maría punto pérez arroba email puntocom
es-MX,conv-9-turn-7.txt,Más 52 5 5 1 2 3 4 5 6 7 8.,más cincuenta y dos cinco cinco uno dos tres cuatro cinco seis siete ocho,más cincuenta y dos cinco cinco uno dos tres cuatro cinco seis siete ocho
es-MX,conv-9-turn-8.txt,El correo está mal.,El correo está mal.,el correo está mal
es-MX,conv-9-turn-9.txt,Sí.,sí,sí
tr-TR,conv-0-turn-0.txt,Merhaba.,merhaba,merhaba
tr-TR,conv-0-turn-1.txt,"Merhaba, yeni bir kredi kartı başvurusunda bulunmuştum da ne zaman elime ulaşır acaba?","Merhaba, yeni bir kredi kartı başvurusunda bulunmuştum da ne zaman elime ulaşır acaba?",merhaba yeni bir kredi kartı başvurusunda bulunmuştum da ne zaman elime ulaşır acaba
tr-TR,conv-0-turn-10.txt,"Tabii, isterim. Aktarırsanız sevinirim.","Tabi isterim, aktarırsanız sevinirim.",tabii isterim aktarırsanız sevinirim
tr-TR,conv-0-turn-11.txt,"İyi günler dilerim. İyi günler, teşekkür ederim.",İyi günler diyorum. İyi günler teşekkür ederim.,iyi günler diyorum iyi günler teşekkür ederim
tr-TR,conv-0-turn-2.txt,Heceleyerek tekrar edebilir misiniz acaba?,Hecelerek tekrar erebilir misiniz acaba?,hecelerek tekrar erebilir misiniz acaba
tr-TR,conv-0-turn-3.txt,C N 1 2 2. C N 122.,C N bir iki iki C N yüz yirmi iki.,c n bir iki iki c n yüz yirmi iki
tr-TR,conv-0-turn-4.txt,Ahmet Arslan.,Ahmet Arslan.,ahmet arslan
tr-TR,conv-0-turn-5.txt,Ahmet nokta Arslan at email nokta com.,Ahmet Arslan et email.com,ahmet arslan et email nokta com
tr-TR,conv-0-turn-6.txt,Artı 90 123 0 90 45 67.,"Artı doksan, yüz yirmi üç, sıfır doksan, kırk beş, altmış yedi.",artı doksan yüz yirmi üç sıfır doksan kırk beş altmış yedi
tr-TR,conv-0-turn-7.txt,Doğrudur.,Doğrudur.,doğrudur
tr-TR,conv-0-turn-8.txt,Alırken kendim mi almam gerekiyor yoksa yakın çevremden birisi alsa da olur mu?,Alırken kendim mi almam gerekiyor yoksa yakın çevremden birisi alsa olur mu?,alırken kendim mi almam gerekiyor yoksa yakın çevremden birisi alsa olur mu
tr-TR,conv-0-turn-9.txt,Kredi kartını teslim almanın bir ücreti var mı?,Kredi kartını teslim almamın bir ücreti var mı?,kredi kartını teslim almamın bir ücreti var mı
tr-TR,conv-1-turn-0.txt,"Merhaba, kredi kartımın limitini artırmak istiyorum.","Merhaba, kredi kartımın limitini arttırmak istiyorum.",merhaba kredi kartımın limitini artırmak istiyorum
tr-TR,conv-1-turn-1.txt,C N 3 5 1.,JN üç beş bir.,j n üç beş bir
tr-TR,conv-1-turn-10.txt,"İyi, onlara ihtiyacım yok. Çok teşekkür ederim yardımınız için.",Yok onlara ihtiyacım yok çok teşekkür ederim yardımınızın.,yok onlara ihtiyacım yok çok teşekkür ederim yardımınızın
tr-TR,conv-1-turn-11.txt,İyi günler.,İlgilendir,ilgilendir
tr-TR,conv-1-turn-2.txt,"İsmim Ahmet, soyismim Arslan.",Ahmet nokta ismim Ahmet soyisimim Arslan.,ahmet ismim ahmet soyisimim arslan
tr-TR,conv-1-turn-3.txt,Ahmet nokta Arslan at email nokta com.,Ahmet Arslan et email.com,ahmet arslan et email nokta com
tr-TR,conv-1-turn-4.txt,Artı 90 123 0 90 45 67.,"Artı doksan, yüz yirmi üç, sıfır doksan, kırk beş altmış yedi.",artı doksan yüz yirmi üç sıfır doksan kırk beş altmış yedi
tr-TR,conv-1-turn-5.txt,"Evet, onaylıyorum hepsi olur.","Evet onaylıyorum, hepsi doğrudur.",evet onaylıyorum hepsi doğrudur
tr-TR,conv-1-turn-6.txt,"Uygulama. Tamam gönderin, ben bildirimi tıklayacağım hemen şimdi.",Uygulama tabi gönderin. Ben bildirimi tıklayacağım hemen şimdi.,uygulama tabi gönderin ben bildirimi tıklayacağım hemen şimdi
tr-TR,conv-1-turn-7.txt,Kredi limitimi ne kadara kadar artırabilirim peki?,Kredi limitimi ne kadar kadar artırabiliyorum pekâ?,kredi limitimi ne kadar kadar artırabiliyorum peki
tr-TR,conv-1-turn-8.txt,"Tabii, bekliyorum.",Tabi bekliyorum.,tabii bekliyorum
tr-TR,conv-1-turn-9.txt,Bana başka nasıl yardım edebilirsiniz?,Bana başka nasıl yardım edebilirsiniz?,bana başka nasıl yardım edebilirsiniz
tr-TR,conv-10-turn-0.txt,Merhaba. Ben kredi kartı başvurusunda bulunmuştum ama kartım hala elime ulaşmadı.,"Merhaba, ben kredi kartı başvurusunda bulunmuştum ama kartım hala elime ulaşmadı.",merhaba ben kredi kartı başvurusunda bulunmuştum ama kartım hala elime ulaşmadı
tr-TR,conv-10-turn-1.txt,Tekrar alabilir miyim?,Tekrar tekrar alabilir miyim?,tekrar tekrar alabilir miyim
tr-TR,conv-10-turn-10.txt,"Tabii. Z A Y N E P nokta A R S L A N at işareti, E M A İ L nokta C O M.",Tabi. Z A Y N E P nokta A R S L A N et işareti E M A I L nokta C O M,tabii z a y n e p nokta a r s l a n at işareti e m a i l nokta c o m
tr-TR,conv-10-turn-11.txt,"Tabii, söylüyorum. Artı 9 0 1 2 3 0 9 0 4 5 6 7.",Tabi söylüyorum artı dokuz sıfır bir iki üç sıfır dokuz sıfır dört beş altı yedi.,tabi söylüyorum artı dokuz sıfır bir iki üç sıfır dokuz sıfır dört beş altı yedi
tr-TR,conv-10-turn-12.txt,"Hayır email ve telefon numarası yanlış. Emailde adımın son harfi P olacak. T değil, P. Zaynep, P.","Hayır, email ve telefon numarası yanlış. Emailde adımın son harfi T olacak, T değil, T. Zaynet T.",hayır email ve telefon numarası yanlış emailde adımın son harfi t olacak t değil t zaynet t
tr-TR,conv-10-turn-2.txt,S N 92.,SN 92.,s n doksan iki
tr-TR,conv-10-turn-3.txt,Pardon anlayamadım. Siz tekrar eder misiniz?,Pardon anlayamadım sizi tekrar eder misiniz?,pardon anlayamadım sizi tekrar eder misiniz
tr-TR,conv-10-turn-4.txt,"Tabii, Zaynep Arslan.",Tabi Zeynep Arslan.,tabii zeynep arslan
tr-TR,conv-10-turn-5.txt,Zaynep nokta Arslan at email nokta com.,Zeynep.arslan@gmail.com,zeynep nokta arslan at gmail nokta com
tr-TR,conv-10-turn-6.txt,Tabii. Artı 90 123 0 90 45 67.,"Tabi artı 90, 123, 090, 45, 67.",tabi artı doksan yüz yirmi üç sıfır doksan kırk beş altmış yedi
tr-TR,conv-10-turn-7.txt,"Hayır yanlış, maalesef bazı hatalar var. Baştan tekrar isterseniz ben tek tek kodlayayım.",Hayır yanlış maalesef bazı hatalar var. Baştan tekrar isterseniz ben tek tek kodlayayım.,hayır yanlış maalesef bazı hatalar var baştan tekrar isterseniz ben tek tek kodlayayım
tr-TR,conv-10-turn-8.txt,"Tabii, Z A Y N E P.",Tabi. Z a y n e p.,tabii z a y n e p
tr-TR,conv-10-turn-9.txt,Tabii. A R S L A N.,Tabi. A R C L A N.,tabi a r c l a n
tr-TR,conv-11-turn-0.txt,Merhaba. Benim banka kartımın süresi dolmuştu. Yenisini istemiştim ama hala elime ulaşmadı.,Merhaba. Benim banka kartımın süresi dolmuştu. Yenisini istemiştim ama hala 20 ulaşmadı.,merhaba benim banka kartımın süresi dolmuştu yenisini istemiştim ama hala yirmi ulaşmadı
tr-TR,conv-11-turn-1.txt,"Evet, evet.","Evet, evet.",evet evet
tr-TR,conv-11-turn-10.txt,Tabii ki.,tabii ki.,tabii ki
tr-TR,conv-11-turn-11.txt,Tamam. Atatürk Caddesi No 45 bölü 6. Kazım Karabekir Mahallesi Üsküdar İstanbul 34 660 Türkiye.,"Tamam. Atatürk Caddesi No 45/6 Kazım Karabekir Mahallesi Üsküdar, İstanbul 34660 Türkiye.",tamam atatürk caddesi no kırk beş bölü altı kazım karabekir mahallesi üsküdar istanbul otuz dört altı yüz altmış türkiye
tr-TR,conv-11-turn-12.txt,"Evet, doğru.",Evet doğru.,evet doğru
tr-TR,conv-11-turn-13.txt,Hayır çok teşekkür ederim.,"Hayır, çok teşekkür ederim.",hayır çok teşekkür ederim
tr-TR,conv-11-turn-14.txt,İyi günler.,i günler.,i günler
tr-TR,conv-11-turn-2.txt,C N 0 9 4.,C N sıfır dokuz dört.,c n sıfır dokuz dört
tr-TR,conv-11-turn-3.txt,Zaynep Arslan.,Zeynet Arslan.,zeynet arslan
tr-TR,conv-11-turn-4.txt,Yalnız adımı yanlış söylediniz. Altıncı harfi P olacak. T değil.,"Yalnız adımı yanlış söylediniz. Altıncı harfi P olacak, T değil.",yalnız adımı yanlış söylediniz altıncı harfi p olacak t değil
tr-TR,conv-11-turn-5.txt,Zaynep Arslan.,Zaynet Plan.,zaynet plan
tr-TR,conv-11-turn-6.txt,"Hayır ikinci harfim, bu defa ikinci harfini yanlış söylediniz. A değil. İkinci harfi E değil A olacak. Zaynep Arslan.",Hayır ikinci harfin bu defa ikinci harfini yanlış söylediniz. A di ikinci harfi E değil A olacak. Zeynep Arslan,hayır ikinci harfin bu defa ikinci harfini yanlış söylediniz a di ikinci harfi e değil a olacak zeynep arslan
tr-TR,conv-11-turn-7.txt,"Tabii, Zaynep nokta Arslan at email nokta com.",Tabi. Zeynep.arslan@gmail.com,tabi zeynep nokta arslan at gmail nokta com
tr-TR,conv-11-turn-8.txt,Tabii. Artı 90 123 0 90 45 67.,"Tabi artı 90, 123, 090, 45, 67.",tabi artı doksan yüz yirmi üç sıfır doksan kırk beş altmış yedi
tr-TR,conv-11-turn-9.txt,Bir de adresimi kontrol edebilir misiniz? Yanlış yere gitmesin kargo.,Ha bir de adresimi kontrol edebilir misiniz yanlış yere gitmesin karbo.,bir de adresimi kontrol edebilir misiniz yanlış yere gitmesin karbo
tr-TR,conv-12-turn-0.txt,"Kredi kartımı kaybettim, iptal etmek istiyorum.",Kredi kartımı kaybettim. İptal etmek istiyorum.,kredi kartımı kaybettim iptal etmek istiyorum
tr-TR,conv-12-turn-1.txt,C N 211.,JN 211.,j n iki bir bir
tr-TR,conv-12-turn-10.txt,"Hayır, barslan değil Arslan. Oradaki B harfi fazla.","Hayır, Barslan değil Arslan. Oradaki B harfi fazla.",hayır barslan değil arslan oradaki b harfi fazla
tr-TR,conv-12-turn-11.txt,"Yine yanlış oldu, tekrarlıyorum ben. Harf harf kodlayayım, belki daha iyi olacak. A H M E T nokta A R S L A N at işareti E M A I L nokta C O M.",Hayır yine yanlış oldu. Tekrar diyorum ben harf harf kodlayayım belki daha iyi olacak. A H M E T nokta A R S L A N et işareti E M A I L nokta G O M,hayır yine yanlış oldu tekrar diyorum ben harf harf kodlayayım belki daha iyi olacak a h m e t nokta a r s l a n et işareti e m a i l nokta g o m
tr-TR,conv-12-turn-12.txt,"Hayır doğru değil, Ahmet ve Arslan arasında nokta var. Ahmet nokta Arslan.",Hayır doğru değil Ahmetle aslan arasında nokta var Ahmet nokta aslan.,hayır doğru değil ahmetle aslan arasında nokta var ahmet nokta aslan
tr-TR,conv-12-turn-13.txt,"Evet, nokta var.","Evet, nokta var.",evet nokta var
tr-TR,conv-12-turn-14.txt,"Tabii. Atatürk Caddesi No 45 bölü 6, Kazım Karabekir Mahallesi, Üsküdar, İstanbul. Posta kodu 34 660.",Tabi Atatürk Caddesi No 45/6 Kazım Karabekir Mahallesi Üsküdar İstanbul Posta Kodu 34606,tabi atatürk caddesi no kırk beş bölü altı kazım karabekir mahallesi üsküdar istanbul posta kodu üç yüz kırk altı sıfır altı
tr-TR,conv-12-turn-15.txt,Hayır numara yanlış oldu. Numara 45 bölü 6.,Hayır numara yanlış oldu. Numara 45 bölü 6.,hayır numara yanlış oldu numara kırk beş bölü altı
tr-TR,conv-12-turn-16.txt,Hayır. Posta kodu 34 660 olacak.,Hayır. Posta kodu 34 660 olacak.,hayır posta kodu otuz dört altı yüz altmış olacak
tr-TR,conv-12-turn-17.txt,"Hayır numara yanlış oldu yine, 45 bölü 6.","Hayır, numara yanlış oldu yine. 45 bölü 6.",hayır numara yanlış oldu yine kırk beş bölü altı
tr-TR,conv-12-turn-18.txt,Posta kodu yanlış. Posta kodunu isterseniz ben tek tek söyleyeyim. 3 4 6 6 0.,"Posta kodu yanlış. Posta kodunu isterseniz ben tek tek söyleyeyim. 3, 4, 6, 6, 0.",posta kodu yanlış posta kodunu isterseniz ben tek tek söyleyeyim üç dört altı altı sıfır
tr-TR,conv-12-turn-19.txt,"Hayır, posta kodunu sonunda bir de 0 var. 3466 0.","Hayır, posta kodun sonunda bize sıfır var. 3466 sıfır.",hayır posta kodun sonunda bize sıfır var üç dört altı altı sıfır
tr-TR,conv-12-turn-2.txt,Ahmet Arslan.,Ahmet Arslan.,ahmet arslan
tr-TR,conv-12-turn-20.txt,Hayır. Hayır posta kodu yine yanlış oldu. Bakın posta kodunu tek tek söylüyorum. 3 4 6 6 0.,"Hayır, hayır posta kodu yine yanlış oldu. Bakın posta kodunu tek tek söylüyorum. 3, 4, 6, 6, 0.",hayır hayır posta kodu yine yanlış oldu bakın posta kodunu tek tek söylüyorum üç dört altı altı sıfır
tr-TR,conv-12-turn-21.txt,Hayır.,ayıp.,ayıp
tr-TR,conv-12-turn-22.txt,Hayır 34660.,"Hayır, 34.660.",hayır otuz dört bin altı yüz altmış
tr-TR,conv-12-turn-23.txt,Tamam bekliyorum.,"Tamam, bekliyorum.",tamam bekliyorum
tr-TR,conv-12-turn-24.txt,Hayır yok çok teşekkür ederim.,"Hayır, yok. Çok teşekkür ederim.",hayır yok çok teşekkür ederim
tr-TR,conv-12-turn-25.txt,İyi günler.,İyi günler.,iyi günler
tr-TR,conv-12-turn-3.txt,"Tabii, Ahmet nokta Arslan at email nokta com.",Tabi. Ahmet.Arslan@e-mail.com,tabi ahmet nokta arslan at e mail nokta com
tr-TR,conv-12-turn-4.txt,"Yalnız e-posta adresim yanlış oldu. Sonu Gmail değil email, yani E, Edirne'nin E'si ile, email nokta com.","Yalnız e posta adresim yanlış oldu. Sonu Gmail değil, İmail yani e Edirne'nin e'siyle, email. com",yalnız e posta adresim yanlış oldu sonu gmail değil imail yani e edirnenin e siyle email com
tr-TR,conv-12-turn-5.txt,"Pardon bir dakika, e-posta adresim gene yanlış oldu. Ahmet nokta Arslan at email nokta com.","Pardon bir dakika, e-posta adresim yine yanlış oldu. Ahmet.Arslan@email.com",pardon bir dakika e posta adresim yine yanlış oldu ahmet nokta arslan at email nokta com
tr-TR,conv-12-turn-6.txt,"Evet, değil şöyle, Ahmet Arslan dediniz ama Ahmet ve Arslan arasında nokta olacak. Ahmet nokta Arslan.","Evet, yalnız değil. Şöyle Ahmet Arslan dediniz ama Ahmetler Arslan az daha nokta olacak. Ahmet nokta Arslan.",evet yalnız değil şöyle ahmet arslan dediniz ama ahmetler arslan az daha nokta olacak ahmet nokta arslan
tr-TR,conv-12-turn-7.txt,Evet.,Evet.,evet
tr-TR,conv-12-turn-8.txt,Tabii. Artı 90 123 0 90 45 67.,"Tabi artı 90, 123, 090, 45, 67.",tabii artı doksan yüz yirmi üç sıfır doksan kırk beş altmış yedi
tr-TR,conv-12-turn-9.txt,E-posta adresinde nokta eksik yine. Ahmet nokta Arslan olacak.,E-posta adresinde nokta eksik yine Ahmet nokta Arslan olacak.,e posta adresinde nokta eksik yine ahmet nokta arslan olacak
tr-TR,conv-13-turn-0.txt,Merhaba ben eşim için ek kart çıkartmak istiyorum.,"Merhaba, ben eşim için ek kart çıkatmak istiyorum.",merhaba ben eşim için ek kart çıkatmak istiyorum
tr-TR,conv-13-turn-1.txt,Evet.,Evet.,evet
tr-TR,conv-13-turn-10.txt,Evet şimdi doğru.,"Evet, şimdi doğru.",evet şimdi doğru
tr-TR,conv-13-turn-11.txt,Tabii. Artı 90 123 0 90 45 67.,"Tabi artı 90, 123, 090, 45, 67.",tabii artı doksan yüz yirmi üç sıfır doksan kırk beş altmış yedi
tr-TR,conv-13-turn-12.txt,Hayır. Hayır yanlış söylediniz. Telefon numarasını tekrar söylüyorum. Artı 90 123 0 90 45 67.,"Hayır, hayır yanlış söylediniz. Telefon numarasını tekrar söylüyorum. Artı doksan yüz yirmi üç sıfır doksan kırk beş altmış yedi.",hayır hayır yanlış söylediniz telefon numarasını tekrar söylüyorum artı doksan yüz yirmi üç sıfır doksan kırk beş altmış yedi
tr-TR,conv-13-turn-13.txt,"Hayır son rakam 7 değil, 8 değil, 7 olacak. 45 67 ile bitecek.","Hayır, son rakam yedi değil, sekiz değil yedi olacak. Kırk beş altmış yedi ile bitecek.",hayır son rakam yedi değil sekiz değil yedi olacak kırk beş altmış yedi ile bitecek
tr-TR,conv-13-turn-14.txt,Hayır yine yanlış oldu. Bu sefer arada başka yalnız. Tek tek ben bir daha söylüyorum. Tek tek söylüyorum. Artı 9 0 1 2 3 0 9 0 4 5 6 7.,Hayır yine yanlış oldu bu sefer arada başka bir yanlış tek tek ben bir daha söylüyorum tek tek söylüyorum artı dokuz sıfır bir iki üç sıfır dokuz dört beş altı yedi,hayır yine yanlış oldu bu sefer arada başka bir yanlış tek tek ben bir daha söylüyorum tek tek söylüyorum artı dokuz sıfır bir iki üç sıfır dokuz dört beş altı yedi
tr-TR,conv-13-turn-15.txt,Hayır maalesef yine yanlış oldu.,Hayır maalesef ne yanlış oldu.,hayır maalesef ne yanlış oldu
tr-TR,conv-13-turn-16.txt,Tabii. Söylüyorum. Artı 9 0 1 2 3 0 9 0 4 5 6 7.,"Tabi, söylüyorum. Artı dokuz sıfır bir iki üç sıfır dokuz sıfır dört beş altı yedi.",tabi söylüyorum artı dokuz sıfır bir iki üç sıfır dokuz sıfır dört beş altı yedi
tr-TR,conv-13-turn-17.txt,Maalesef yine yanlış oldu.,Maalesef yine yanlış oldu.,maalesef yine yanlış oldu
tr-TR,conv-13-turn-18.txt,Tabii söylüyorum. Artı 9 0 1 2 3 0 9 0 4 5 6 7.,"Tabii, söylüyorum. Artı dokuz sıfır bir iki üç sıfır dokuz sıfır dört beş altı yedi.",tabii söylüyorum artı dokuz sıfır bir iki üç sıfır dokuz sıfır dört beş altı yedi
tr-TR,conv-13-turn-19.txt,Değil yine yanlış oldu.,Değil yine yanlış oldu.,değil yine yanlış oldu
tr-TR,conv-13-turn-2.txt,Pardon. İlk söylediğiniz ve ikinci söylediğiniz farklı oldu. Siz bir daha söyler misiniz?,"Pardon, ilk söylediğinizle ikinci söylediğiniz farklı oldu. Siz bir daha söyler misiniz?",pardon ilk söylediğinizle ikinci söylediğiniz farklı oldu siz bir daha söyler misiniz
tr-TR,conv-13-turn-20.txt,Tabii söylüyorum. Artı 9 0 1 2 3 0 9 0 4 5 6 7.,"Tabi, söylüyorum. Artı dokuz sıfır bir iki üç sıfır dokuz sıfır dört beş altı yedi.",tabii söylüyorum artı dokuz sıfır bir iki üç sıfır dokuz sıfır dört beş altı yedi
tr-TR,conv-13-turn-21.txt,Doğru.,Doğru.,doğru
tr-TR,conv-13-turn-22.txt,Tamam bekliyorum.,"Tamam, bekliyorum.",tamam bekliyorum
tr-TR,conv-13-turn-23.txt,Yok hayır teşekkür ederim.,"Yok, hayır, teşekkür ederim.",yok hayır teşekkür ederim
tr-TR,conv-13-turn-24.txt,İyi günler.,İgnar.,ignar
tr-TR,conv-13-turn-3.txt,S N 864.,S N 864,s n sekiz yüz altmış dört
tr-TR,conv-13-turn-4.txt,C N 6 6 2.,CNE altı altı iki.,c n e altı altı iki
tr-TR,conv-13-turn-5.txt,"Tabii, Ahmet Arslan.",Tabi Ahmet Arslan.,tabii ahmet arslan
tr-TR,conv-13-turn-6.txt,"Tabii, Ahmet nokta Arslan at email nokta com.",Tabi. Ahmet.Arslan@e-mail.com,tabi ahmet nokta arslan at e mail nokta com
tr-TR,conv-13-turn-7.txt,Hayır pardon. Yanlış söylediniz. Tekrar söylüyorum. Tabii.,"Hayır, pardon, yanlış söylediniz. Tekrar söylüyorum. Tabii.",hayır pardon yanlış söylediniz tekrar söylüyorum tabii
tr-TR,conv-13-turn-8.txt,Tabii. Ahmet nokta Arslan at email nokta com.,Tabi Ahmet nokta Arslan at email nokta com,tabi ahmet nokta arslan at email nokta com
tr-TR,conv-13-turn-9.txt,"Yalnız, pardon e-posta adresimde bir noktayı unuttunuz. Ahmet ve Arslan arasında nokta olacak. Ahmet nokta Arslan.","Yanı, pardon, e-posta adresinde bir noktayı unuttunuz. Ahmetli Arslan asla nokta olacak. Ahmet nokta Arslan.",pardon e posta adresinde bir noktayı unuttunuz ahmetli arslan asla nokta olacak ahmet nokta arslan
tr-TR,conv-14-turn-0.txt,"Merhaba. Ben kredi kartımın şifresini unuttum, yeniden şifre almak istiyorum.",Merhaba. Ben kredi kartımın şifresini unuttum. Yeniden şifre almak istiyorum.,merhaba ben kredi kartımın şifresini unuttum yeniden şifre almak istiyorum
tr-TR,conv-14-turn-1.txt,"Tabii, Zaynep.",Tabii Zeynep.,tabii zeynep
tr-TR,conv-14-turn-10.txt,"E-posta adresi doğru ama adımda ve telefon numarasında hata var. Adımda son harf Zaynep, P olacak. Pırasanın P'si, siz T ile söylediniz. Zaynep Arslan olacak.",Yani e-posta adresi doğru ama adımda ve telefon numarasında hata var. Adımda son harf Zeynep P olacak. Prasanın P'si siz T ile söylediniz. Zeynep Arslan olacak.,e posta adresi doğru ama adımda ve telefon numarasında hata var adımda son harf zeynep p olacak pırasanın p si siz t ile söylediniz zeynep arslan olacak
tr-TR,conv-14-turn-11.txt,Tabii. Artı 90 123. Tamam baştan alıyorum. Artı 90 123 0 90 45 67.,"Tabi. Artı 90, 123. Tam baştan alıyorum. Artı 90, 123, 090, 45, 67.",tabi artı doksan bir yüz yirmi üç tam baştan alıyorum artı doksan bir yüz yirmi üç sıfır doksan kırk beş altmış yedi
tr-TR,conv-14-turn-12.txt,"67 olacak, sonu 68 değil 67.",67 olacak. Sonu 68 değil 67.,altmış yedi olacak sonu altmış sekiz değil altmış yedi
tr-TR,conv-14-turn-13.txt,"Hayır onaylamıyorum, yine yanlış oldu.",Hayır onaylamıyorum yine yanlış oldu.,hayır onaylamıyorum yine yanlış oldu
tr-TR,conv-14-turn-14.txt,Tamam önce e-postayı tekrar ediyorum. Z A Y N E P nokta A R S L A N at.,Tamam. Önce e-postayı tekrarlıyorum. Z a y n e p nokta a r c l a n et,tamam önce e postayı tekrarlıyorum z a y n e p nokta a r c l a n et
tr-TR,conv-14-turn-15.txt,"Evet, Arslan doğru. Sonrasında at E M A İ L nokta C O M.","Evet, Arslan doğru. Sonrasında E T E M A I L nokta C O M.",evet arslan doğru sonrasında e t e m a i l nokta c o m
tr-TR,conv-14-turn-16.txt,"Zaynep. Altıncı harf P olacak. Pırasanın P'si, T değil.",Zainep altıncı harf P olacak. Prasa'nın P'si T değil.,zainep altıncı harf p olacak pırasanın p'si t değil
tr-TR,conv-14-turn-17.txt,"Tamam, daha iyi anlamanız için tek tek veriyorum. Artı 9 0 1 2 3 0 9 0 4 5 6 7.","Tamam, daha iyi anlamamız için tek tek söylüyorum. Artı dokuz sıfır bir iki üç sıfır dokuz sıfır dört beş altı yedi.",tamam daha iyi anlamamız için tek tek söylüyorum artı dokuz sıfır bir iki üç sıfır dokuz sıfır dört beş altı yedi
tr-TR,conv-14-turn-18.txt,Onaylamıyorum yine yanlış oldu.,Onaylamıyorum yine yanlış oldu.,onaylamıyorum yine yanlış oldu
tr-TR,conv-14-turn-19.txt,"Yani, özellikle telefon numarasında çok hata var, diğerlerini bilemem ama telefon numarası tamamen neredeyse yanlış. Tekrar söylüyorum telefon numarasını. Artı 90 123 0 90 45 67.",Özellikle telefon numarasında çok hata var. Diğerlerinde birer hata ama telefon numarası tamamen neredeyse yanlış. Tekrar söylüyorum telefon numarasını. Artı 90 123 090 45 67,özellikle telefon numarasında çok hata var diğerlerinde birer hata ama telefon numarası tamamen neredeyse yanlış tekrar söylüyorum telefon numarasını artı doksan bir iki üç sıfır doksan kırk beş altmış yedi
tr-TR,conv-14-turn-2.txt,"Tabii, Zaynep Arslan.",Tabii Zeynep Arslan.,tabii zeynep arslan
tr-TR,conv-14-turn-20.txt,"Hayır, yine yanlış.","Hayır, yine yanlış.",hayır yine yanlış
tr-TR,conv-14-turn-21.txt,"Tabii, söylüyorum. Artı 9 0 1 2.","Tabi, söylüyorum artı dokuz sıfır bir iki.",tabi söylüyorum artı dokuz sıfır bir iki
tr-TR,conv-14-turn-22.txt,Tamam baştan alıyorum. Artı 9 0 1 2 3 0 9 0 4 5 6 7.,baştan tam baştan alıyorum artı dokuz sıfır bir iki üç sıfır dokuz sıfır dört beş altı yedi,baştan tam baştan alıyorum artı dokuz sıfır bir iki üç sıfır dokuz sıfır dört beş altı yedi
tr-TR,conv-14-turn-23.txt,Hayır maalesef yine yanlış oldu.,"Hayır, maalesef ne yanlış oldu?",hayır maalesef ne yanlış oldu
tr-TR,conv-14-turn-24.txt,Söylüyorum. Artı 9 0 1 2 3 0 9 0 4 5 6 7.,Söylüyorum artı dokuz sıfır bir iki üç sıfır dokuz sıfır dört beş altı yedi.,söylüyorum artı dokuz sıfır bir iki üç sıfır dokuz sıfır dört beş altı yedi
tr-TR,conv-14-turn-25.txt,Hayır yine arada bir rakam unuttunuz. 0 90 olacak.,"Hayır, yine arada bir rakam unuttun. Sıfır doksan olacak.",hayır yine arada bir rakam unuttun sıfır doksan olacak
tr-TR,conv-14-turn-26.txt,Hayır yine yanlış.,"Hayır, yine yanlış.",hayır yine yanlış
tr-TR,conv-14-turn-27.txt,Tamam söylüyorum. Artı 9 0 1 2 3 0 9 0 4 5 6 7.,Tamam söylüyorum artı dokuz sıfır bir iki üç sıfır dokuz sıfır dört beş altı yedi,tamam söylüyorum artı dokuz sıfır bir iki üç sıfır dokuz sıfır dört beş altı yedi
tr-TR,conv-14-turn-28.txt,"Hayır, 0 9'dan sonra bir 0 daha var.","Hayır, sıfır dokuzdan sonra bir sıfır daha var.",hayır sıfır dokuzdan sonra bir sıfır daha var
tr-TR,conv-14-turn-29.txt,Hayır son 4 rakam 45 67 olacak.,"Hayır, son dört rakam 45 67 olacak.",hayır son dört rakam kırk beş altmış yedi olacak
tr-TR,conv-14-turn-3.txt,Tabii. Zaynep nokta Arslan at email nokta com.,Tabi. Zeynep.arslan@gmail.com,tabii zeynep nokta arslan at gmail nokta com
tr-TR,conv-14-turn-30.txt,45 67. Sonu 67.,"45, 67, sonu 67.",kırk beş altmış yedi sonu altmış yedi
tr-TR,conv-14-turn-31.txt,"Hayır sonda 2 defa 67 67 dediniz, bir defa 67 olacak.","Hayır, sonda iki defa 67, 67 dediniz, bir defa 67 olacak.",hayır sonda iki defa altmış yedi altmış yedi dediniz bir defa altmış yedi olacak
tr-TR,conv-14-turn-32.txt,"Hayır, bu sefer daha da kötü oldu, daha yanlış oldu.","Hayır, bu sefer daha da kötü oldu, daha yanlış oldu.",hayır bu sefer daha da kötü oldu daha yanlış oldu
tr-TR,conv-14-turn-33.txt,"Tabii, artı 9 0 1 2 3 0 9 0 4 5 6 7.",Tabi artı dokuz sıfır bir iki üç sıfır dokuz sıfır dört beş altı yedi.,tabi artı dokuz sıfır bir iki üç sıfır dokuz sıfır dört beş altı yedi
tr-TR,conv-14-turn-34.txt,"Hayır, sonu 67. 68 değil.","Hayır, sonu 67, 68 değil.",hayır sonu altmış yedi altmış sekiz değil
tr-TR,conv-14-turn-35.txt,"45, 4 5 6 7.","Kırk beş, dört beş altı yedi.",kırk beş dört beş altı yedi
tr-TR,conv-14-turn-36.txt,"Hayır, maalesef bu sefer hiç alakasız, tamamen yanlış numara oldu.",Hayır maalesef bu sefer hiç alakasız tamamen yanlış bir numar oldu.,hayır maalesef bu sefer hiç alakasız tamamen yanlış bir numar oldu
tr-TR,conv-14-turn-37.txt,Artı 9 0 1 2 3 0 9 0 4 5 6 7.,Artı dokuz sıfır bir iki üç sıfır dokuz sıfır dört beş altı yedi.,artı dokuz sıfır bir iki üç sıfır dokuz sıfır dört beş altı yedi
tr-TR,conv-14-turn-38.txt,Son rakamı 8 değil 7 olacak.,Son rakam sekiz değil yedi olacak.,son rakam sekiz değil yedi olacak
tr-TR,conv-14-turn-39.txt,Yanlış.,Yanlış.,yanlış
tr-TR,conv-14-turn-4.txt,Tabii. Artı 90 123 0 90 45 67.,"Tabi artı 90, 123, 090, 45, 67.",tabi artı doksan bir yüz yirmi üç sıfır doksan kırk beş altmış yedi
tr-TR,conv-14-turn-40.txt,"Toplu söyleyeyim daha iyi, yavaşça söyleyince anlamıyorsunuz. Tekrar birlikte söylüyorum. Artı 90 123 0 90 45 67.","Toplu söyleyeyim daha yavaşça söylenince anlamıyorsunuz. Tekrar birlikte söylüyorum. Artı 90, 123, 090, 45, 67.",toplu söyleyeyim daha yavaşça söylenince anlamıyorsunuz tekrar birlikte söylüyorum artı doksan yüz yirmi üç sıfır doksan kırk beş altmış yedi
tr-TR,conv-14-turn-41.txt,Yanlış.,Yanlış.,yanlış
tr-TR,conv-14-turn-42.txt,Söylüyorum. Artı 90 123 0 90 45 67.,Söylüyorum artı doksan yüz yirmi üç sıfır doksan kırk beş altmış yedi.,söylüyorum artı doksan yüz yirmi üç sıfır doksan kırk beş altmış yedi
tr-TR,conv-14-turn-43.txt,Yanlış.,Yanlış.,yanlış
tr-TR,conv-14-turn-44.txt,Artı 90 123 0 90 45 67.,"Artı 90, 123, 090, 45, 67.",artı doksan yüz yirmi üç sıfır doksan kırk beş altmış yedi
tr-TR,conv-14-turn-45.txt,"Hayır, yanlış.","Hayır, yanlış.",hayır yanlış
tr-TR,conv-14-turn-46.txt,Artı 90 123 0 90 45 67.,"Artı 90, 123, 090, 45, 67.",artı doksan yüz yirmi üç sıfır doksan kırk beş altmış yedi
tr-TR,conv-14-turn-47.txt,Yanlış.,Yanlış.,yanlış
tr-TR,conv-14-turn-48.txt,Artı 90 123 0 90 45 67.,Artı doksan yüz yirmi üç sıfır doksan kırk beş altmış yedi.,artı doksan yüz yirmi üç sıfır doksan kırk beş altmış yedi
tr-TR,conv-14-turn-49.txt,Hayır yine yanlış anladınız.,"Hayır, yine yanlış anladınız.",hayır yine yanlış anladınız
tr-TR,conv-14-turn-5.txt,"Hayır, doğru değil. Her birinde hata var.","Hayır, doğru değil. Her birinde bir hata var.",hayır doğru değil her birinde bir hata var
tr-TR,conv-14-turn-50.txt,Artı 90 123 0 90 45 67.,"Artı doksan, yüz yirmi üç, sıfır doksan, kırk beş, altmış yedi.",artı doksan yüz yirmi üç sıfır doksan kırk beş altmış yedi
tr-TR,conv-14-turn-51.txt,Hayır maalesef yine yanlış anladınız. Herhalde sizin kulaklarınızda problem var.,Hayır maalesef bir neyi yanlış anladınız. Herhalde sizin kulaklarınızı bir problem var.,hayır maalesef bir neyi yanlış anladınız herhalde sizin kulaklarınızı bir problem var
tr-TR,conv-14-turn-52.txt,Artı 90 123 0 90 45 67.,"Artı 90, 123, 090, 45, 67.",artı doksan yüz yirmi üç sıfır doksan kırk beş altmış yedi
tr-TR,conv-14-turn-53.txt,Hayır yine yanlış.,"Hayır, yine yanlış.",hayır yine yanlış
tr-TR,conv-14-turn-54.txt,Artı 90 123 0 90 45 67.,Artı doksan yüz yirmi üç sıfır doksan kırk beş altmış yedi.,artı doksan yüz yirmi üç sıfır doksan kırk beş altmış yedi
tr-TR,conv-14-turn-55.txt,Hayır.,Hayır.,hayır
tr-TR,conv-14-turn-56.txt,"Bu defa tek tek söyleyeceğim, çünkü toplu olarak söyleyince anlamıyorsunuz. Artı 9 0 1 2 3 0 9 0 4 5 6 7.","Bu defa tek tek söyleyeceğim çünkü topladığınızda söyleyince anlamıyorsunuz. Artı dokuz, sıfır, bir, iki, üç, sıfır, dokuz, sıfır, dört, beş, altı, yedi.",bu defa tek tek söyleyeceğim çünkü topladığınızda söyleyince anlamıyorsunuz artı dokuz sıfır bir iki üç sıfır dokuz sıfır dört beş altı yedi
tr-TR,conv-14-turn-57.txt,"Hayır, sonu 45 67 olacak.","Hayır, sonu 45-67 olacak.",hayır sonu kırk beş altmış yedi olacak
tr-TR,conv-14-turn-58.txt,Hayır.,Hayır.,hayır
tr-TR,conv-14-turn-59.txt,Artı 90 1 2 3 0 9 0 4 5 6 7.,Artı doksan bir iki üç sıfır dokuz sıfır dört beş altı yedi.,artı doksan bir iki üç sıfır dokuz sıfır dört beş altı yedi
tr-TR,conv-14-turn-6.txt,Tabii.,tabii.,tabii
tr-TR,conv-14-turn-60.txt,"Hayır yanlış, telefonu kapatıyorum çünkü ben size derdimi anlatamıyorum.",Hayır yanlış telefonun kapatıyorum çünkü ben size derdimi anlatamıyorum.,hayır yanlış telefonun kapatıyorum çünkü ben size derdimi anlatamıyorum
tr-TR,conv-14-turn-7.txt,Zaynep Arslan.,Zeynet Arslan.,zeynet arslan
tr-TR,conv-14-turn-8.txt,Zaynep nokta Arslan at email nokta com.,Tabi. Zeynep.arslan@gmail.com,tabi zeynep nokta arslan at gmail nokta com
tr-TR,conv-14-turn-9.txt,Tabii. Artı 90 123 0 90 45 67.,"Tabi artı 90, 123, 090, 45, 67.",tabi artı doksan yüz yirmi üç sıfır doksan kırk beş altmış yedi
tr-TR,conv-15-turn-0.txt,Kredi kartımın şifresini unuttum. Yeni şifre almak istiyorum.,Kredi kartımın şifresini unuttum. Yeni şifre almak istiyorum.,kredi kartımın şifresini unuttum yeni şifre almak istiyorum
tr-TR,conv-15-turn-1.txt,Evet.,Evet.,evet
tr-TR,conv-15-turn-2.txt,C N 321.,JN 321.,j n üç yüz yirmi bir
tr-TR,conv-15-turn-3.txt,Ahmet Arslan.,Mahmut Arslan.,mahmut arslan
tr-TR,conv-15-turn-4.txt,Ahmet nokta Arslan at email nokta com.,Ahmet Arslan at email.com,ahmet arslan at email nokta com
tr-TR,conv-15-turn-5.txt,Ahmet nokta Arslan at email nokta com.,Ahmet.arslanet@gmail.com,ahmet nokta arslan at gmail nokta com
tr-TR,conv-15-turn-6.txt,Tabii. Artı 90 123 0 90 45 67.,"Tabi artı 90, 123, 090, 45, 67.",tabi artı doksan bir yüz yirmi üç sıfır doksan kırk beş altmış yedi
tr-TR,conv-15-turn-7.txt,"Soyadım da Arslan. R harfi olacak. Ahmet Aslan dediniz, Ahmet Arslan olacak.","Soyadımda Arslan R harfi olacak. Ahmet Aslan dediniz, Ahmet Arslan olacak.",soyadımda arslan r harfi olacak ahmet aslan dediniz ahmet arslan olacak
tr-TR,conv-15-turn-8.txt,"Ha, bu arada yalnız bir dakika bir şey söyleyeceğim.","Bu arada yalnız, yalnız bir dakika bir şey söyleyeceğim.",bu arada yalnız yalnız bir dakika bir söyleyeceğim
tr-TR,conv-16-turn-0.txt,"Kredi kartımı kaybettim, hemen iptal ettirmek istiyorum.",Kredi kartımı kaybettim. Hemen iptal etmek istiyorum.,kredi kartımı kaybettim hemen iptal etmek istiyorum
tr-TR,conv-16-turn-1.txt,Tabii. S N 7 6 5.,Tabii S n yedi altı beş.,tabii s n yedi altı beş
tr-TR,conv-16-turn-10.txt,İyi günler.,İyi günler.,iyi günler
tr-TR,conv-16-turn-2.txt,Ahmet Arslan.,Ahmet Arslan.,ahmet arslan
tr-TR,conv-16-turn-3.txt,Tabii. Ahmet nokta Arslan at email nokta com.,Tabi Ahmet.Arslan@email.com,tabi ahmet nokta arslan at email nokta com
tr-TR,conv-16-turn-4.txt,Tabii. Artı 90 123 0 90 45 67.,"Tabi artı 90, 123, 090, 45, 67.",tabii artı doksan yüz yirmi üç sıfır doksan kırk beş altmış yedi
tr-TR,conv-16-turn-5.txt,Yani adımda ve telefon numarasında yanlışlıklar var. Adım Ahmet Arslan. Soyadımda R harfi de var. Arslan.,Yani adımda ve telefon numarasında yanlışlıklar var. Adım Ahmet Arslan. Soyadımda R harfi de var. Arslan.,adımda ve telefon numarasında yanlışlıklar var adım ahmet arslan soyadımda r harfi de var arslan
tr-TR,conv-16-turn-6.txt,Evet.,Evet.,evet
tr-TR,conv-16-turn-7.txt,Tabii. Artı 90 123 0 90 45 67.,Tabi artı doksan yüz yirmi üç sıfır doksan kırk beş altmış yedi.,tabii artı doksan bir yüz yirmi üç sıfır doksan kırk beş altmış yedi
tr-TR,conv-16-turn-8.txt,"Tamam, bekliyorum.","Tamam, bekliyorum.",tamam bekliyorum
tr-TR,conv-16-turn-9.txt,"Yok hayır, teşekkür ederim.","Yok, hayır, teşekkür ederim.",yok hayır teşekkür ederim
tr-TR,conv-17-turn-0.txt,"Merhaba, banka kartımın süresi doldu. Yeni bir kart talep ettim. Ancak hala kart elime ulaşmadı.","Merhaba, banka kartımın süresi doldu. Yeni bir kart talep ettim, ancak hala kart elime ulaşmadı.",merhaba banka kartımın süresi doldu yeni bir kart talep ettim ancak hala kart elime ulaşmadı
tr-TR,conv-17-turn-1.txt,S N 634.,SN 634.,s n altı üç dört
tr-TR,conv-17-turn-2.txt,S N 631.,Sne 631.,s n e altı üç bir
tr-TR,conv-17-turn-3.txt,C N C N.,C ne? C ne?,c n c n
tr-TR,conv-17-turn-4.txt,S N 639.,SN 639,s n altı üç dokuz
tr-TR,conv-17-turn-5.txt,C N 646.,C N altı yüz kırk altı.,c n altı yüz kırk altı
tr-TR,conv-17-turn-6.txt,C N 646.,C N altı yüz kırk altı.,c n altı yüz kırk altı
tr-TR,conv-17-turn-7.txt,S N 636.,S N altı yüz otuz altı.,s n altı yüz otuz altı
tr-TR,conv-17-turn-8.txt,S N 636.,Cn 636.,c n altı üç altı
tr-TR,conv-18-turn-0.txt,"Merhaba, banka kartımın süresi doldu, yeni kart için talepte bulundum ancak henüz elime ulaşmadı.","Merhaba, banka kartımın süresi doldu. Yeni kart için talepte bulundum ancak kart henüz elime ulaşmadı.",merhaba banka kartımın süresi doldu yeni kart için talepte bulundum ancak kart henüz elime ulaşmadı
tr-TR,conv-18-turn-1.txt,Hazırım.,Hazırım.,hazırım
tr-TR,conv-18-turn-10.txt,Tabii. Artı 90 123 0 90 45 67.,"Tabii artı doksan, artı doksan, yüz yirmi üç, sıfır doksan, kırk beş, altmış yedi.",tabii artı doksan artı doksan yüz yirmi üç sıfır doksan kırk beş altmış yedi
tr-TR,conv-18-turn-11.txt,"Telefon numarasının son rakamı 7 değil 5 olacak. Pardon, 5 değil 7 olacak.",Telefon numarasının son rakamı yedi değil beş olacak. Pardon beş değil yedi olacak.,telefon numarasının son rakamı yedi değil beş olacak pardon beş değil yedi olacak
tr-TR,conv-18-turn-12.txt,Hayır telefon numarası yine yanlış oldu.,"Hayır, telefon numarası yine yanlış oldu.",hayır telefon numarası yine yanlış oldu
tr-TR,conv-18-turn-13.txt,Tabii. Artı 9 0 1 2 3 0 9 0 4 5 6 7.,"Artı dokuz, sıfır, bir, iki, üç, sıfır, dokuz, sıfır, dört, beş, altı, yedi.",artı dokuz sıfır bir iki üç sıfır dokuz sıfır dört beş altı yedi
tr-TR,conv-18-turn-14.txt,"Hayır, telefon numarası yine yanlış.","Hayır, telefon numarası yine yanlış.",hayır telefon numarası yine yanlış
tr-TR,conv-18-turn-15.txt,Artı 9 0 1 2 3 0 9 0 4 5 6 7.,Artı dokuz sıfır bir iki üç sıfır dokuz sıfır dört beş altı yedi.,artı dokuz sıfır bir iki üç sıfır dokuz sıfır dört beş altı yedi
tr-TR,conv-18-turn-16.txt,4 5 6 7.,"Dört, beş, altı, yedi.",dört beş altı yedi
tr-TR,conv-18-turn-17.txt,Hayır teşekkür ederim.,"Hayır, teşekkür ederim.",hayır teşekkür ederim
tr-TR,conv-18-turn-2.txt,C N 551.,CNE 551.,c n e beş yüz elli bir
tr-TR,conv-18-turn-3.txt,Ahmet Arslan.,Ahmet Arslan.,ahmet arslan
tr-TR,conv-18-turn-4.txt,Ahmet nokta Arslan at email nokta com.,Ahmet.Arslan@e-mail.com,ahmet nokta arslan at e mail nokta com
tr-TR,conv-18-turn-5.txt,Tabii. Artı 90 123 0 90 45 67.,"Tabi artı 90, 123, 090, 45, 67.",tabii artı doksan yüz yirmi üç sıfır doksan kırk beş altmış yedi
tr-TR,conv-18-turn-6.txt,"Hayır, email ve telefon numarası yanlış.","Hayır, e-mail ve telefon numarası yanlış.",hayır email ve telefon numarası yanlış
tr-TR,conv-18-turn-7.txt,"Tabii, e-posta Ahmet nokta Arslan at email nokta com.",Tabii e-posta Ahmet nokta Arslan at email nokta com,tabii e posta ahmet nokta arslan at email nokta com
tr-TR,conv-18-turn-8.txt,Tabii. Artı 90 1 2 3 0 9 0 4 5 6 7.,"Tabi artı 90, 1 2 3, 0 9 0, 4 5 6 7.",tabi artı doksan bir iki üç sıfır dokuz sıfır dört beş altı yedi
tr-TR,conv-18-turn-9.txt,"Tabii, hayır telefon numarası yanlış.","Hayır, hayır telefon numarası yanlış.",hayır hayır telefon numarası yanlış
tr-TR,conv-19-turn-0.txt,"Merhaba, kredi kartımın limitini artırmak istiyorum da yardımcı olabilir misiniz?","Merhaba, kredi kartımın limitini arttırmak istiyorum değerimiz alabilir misiniz?",merhaba kredi kartımın limitini arttırmak istiyorum değerimiz alabilir misiniz
tr-TR,conv-19-turn-1.txt,C N 2 2 2. Doğru mudur?,Cn iki iki iki doğrudur.,c n iki iki iki doğrudur
tr-TR,conv-19-turn-10.txt,Bildirimi gördüm fakat limit artışı yazmıyor burada. Limitimin ne kadar belirleyeceğimi nasıl yapacağım?,Bildirimi gördüm fakat limit artışı yazmıyor burada. Limitimi ne kadar belirleyeceğimi nasıl yapacağım?,bildirimi gördüm fakat limit artışı yazmıyor burada limitimi ne kadar belirleyeceğimi nasıl yapacağım
tr-TR,conv-19-turn-11.txt,Evet gördüm. Peki limit artışım ne zaman kartıma yansımış olur?,Evet gördüm. Peki limit harcım ne zaman kartıma yansımış olur?,evet gördüm peki limit harcım ne zaman kartıma yansımış olur
tr-TR,conv-19-turn-12.txt,Belli bir ücreti var mı limit artırmanın? Kontrol edebilir misiniz?,Belli bir ücreti var mı? Limit arttırmalarını kontrol ediyor musunuz?,belli bir ücreti var mı limit arttırmalarını kontrol ediyor musunuz
tr-TR,conv-19-turn-13.txt,"Evet, isterim.",elterm,elterm
tr-TR,conv-19-turn-14.txt,"Yok, teşekkür ederim, iyi günler dilerim.","Yok teşekkür ederim, iyi günler dilerim.",yok teşekkür ederim iyi günler dilerim
tr-TR,conv-19-turn-2.txt,C N 2 2 2. Doğru mudur?,Cn222 doğrudur.,c n iki iki iki doğrudur
tr-TR,conv-19-turn-3.txt,C N 2 2 4. Takip kodum doğru mu?,C N iki iki dört takip kodum doğru mu?,c n iki iki dört takip kodum doğru mu
tr-TR,conv-19-turn-4.txt,Ahmet Arslan.,Ahmet Arslan.,ahmet arslan
tr-TR,conv-19-turn-5.txt,Ahmet nokta Arslan at email nokta com.,Ahmet Arslan et email.com,ahmet arslan et email nokta com
tr-TR,conv-19-turn-6.txt,Artı 90 123 0 90 45 67.,"Artı doksan, yüz yirmi üç, sıfır doksan, kırk beş altmış yedi.",artı doksan yüz yirmi üç sıfır doksan kırk beş altmış yedi
tr-TR,conv-19-turn-7.txt,"Evet, hepsi doğru.",hepsi doğru.,hepsi doğru
tr-TR,conv-19-turn-8.txt,Anlamadım. Tekrarlayabilir misiniz?,Anlamadım tekrar edebilir misin?,anlamadım tekrar edebilir misin
tr-TR,conv-19-turn-9.txt,"Tabii, lütfen gönderin.",Tabii lütfen gönderin.,tabii lütfen gönderin
tr-TR,conv-2-turn-0.txt,"Merhaba, son hesap ekstresinin kopyasına ihtiyacım var da.","Merhaba, son hesap ekstrasının bir kopyasına ihtiyacım var da.",merhaba son hesap ekstrasının bir kopyasına ihtiyacım var da
tr-TR,conv-2-turn-1.txt,Okuyun.,Okuyun.,okuyun
tr-TR,conv-2-turn-10.txt,Peki hesap ekstresi ne kadar zaman içindeki işlemleri kapsıyor?,Peki hesap ekstrasını ne kadar zaman içindeki işlemleri kapsıyor?,peki hesap ekstrasını ne kadar zaman içindeki işlemleri kapsıyor
tr-TR,conv-2-turn-11.txt,"Tabii, buyurun.","Tabi, buyurun.",tabi buyurun
tr-TR,conv-2-turn-12.txt,"Yok, teşekkür ederim, iyi günler.",Yok teşekkür ederim iyi günler.,yok teşekkür ederim iyi günler
tr-TR,conv-2-turn-2.txt,C N 4 4 6.,C N dört dört altı.,c n dört dört altı
tr-TR,conv-2-turn-3.txt,Ahmet Arslan.,Ahmet Arslan.,ahmet arslan
tr-TR,conv-2-turn-4.txt,Ahmet nokta Arslan at email nokta com.,Ahmet nokta Arslan et e-mail nokta com,ahmet nokta arslan et e mail nokta com
tr-TR,conv-2-turn-5.txt,Doğrudur.,Doğrudur.,doğrudur
tr-TR,conv-2-turn-6.txt,Artı 90 123 0 90 45 67.,"Artı 90, 123, 090, 45, 67.",artı doksan bir yüz yirmi üç sıfır doksan kırk beş altmış yedi
tr-TR,conv-2-turn-7.txt,3 tane 0 yerine ortasında 9 olacak. Sondaki rakam 7 olacak. Onun dışında her şey doğru.,"Üç tane sıfır yerine ortasında dokuz olacak, sondaki rakam yedi olacak. Onun dışında her şey doğru.",üç tane sıfır yerine ortasında dokuz olacak sondaki rakam yedi olacak onun dışında her şey doğru
tr-TR,conv-2-turn-8.txt,"Evet, belirttiğiniz e-posta doğrudur.","Evet, belirttiğiniz depozito doğrudur.",evet belirttiğiniz depozito doğrudur
tr-TR,conv-2-turn-9.txt,Ne kadar sürede gelir peki?,Ne kadar sürede gelir peki?,ne kadar sürede gelir peki
tr-TR,conv-20-turn-0.txt,Kredi kartımı kaybettim. Kullanıma kapatmak istiyorum.,Kredi kartımı kaybettim. Kullanıma kapatmak istiyorum.,kredi kartımı kaybettim kullanıma kapatmak istiyorum
tr-TR,conv-20-turn-1.txt,Evet.,Evet.,evet
tr-TR,conv-20-turn-10.txt,Tabii. Artı 90 123 0 90 45 67.,Tabi artı doksan yüz yirmi üç sıfır doksan kırk beş altmış yedi.,tabi artı doksan yüz yirmi üç sıfır doksan kırk beş altmış yedi
tr-TR,conv-20-turn-11.txt,Hayır yanlış.,"Hayır, yanlış.",hayır yanlış
tr-TR,conv-20-turn-12.txt,Tabii. Artı 9 0 1 2 3 0 9 0 4 5 6 7.,Tabi artı dokuz sıfır bir iki üç sıfır dokuz dört beş altı yedi.,tabi artı dokuz sıfır bir iki üç sıfır dokuz dört beş altı yedi
tr-TR,conv-20-turn-13.txt,"Hayır, 0 9 değil, 0 90 olacak. Arada bir 0 eksik.","Hayır, 09 değil, 090 olacak. Arada bir 0 eksik.",hayır sıfır dokuz değil sıfır doksan olacak arada bir sıfır eksik
tr-TR,conv-20-turn-14.txt,"Hayır. Son rakam yanlış oldu. 60 değil, 67 olacak sonu. 67 olacak pardon. 68 dediniz siz, 67 ile bitecek.",Hayır son son rakam yanlış oldu 67 değil 68 olacak sonu 67 olacak pardon 68 dediniz siz 67 ile bitecek.,hayır son son rakam yanlış oldu altmış yedi değil altmış sekiz olacak sonu altmış yedi olacak pardon altmış sekiz dediniz siz altmış yedi ile bitecek
tr-TR,conv-20-turn-15.txt,Evet.,ben,ben
tr-TR,conv-20-turn-16.txt,Doğru. Evet şimdi.,"Doğru. Evet, şimdi.",doğru evet şimdi
tr-TR,conv-20-turn-17.txt,"Tamam, bekliyorum.","Tamam, bekliyorum.",tamam bekliyorum
tr-TR,conv-20-turn-18.txt,"Yok hayır, çok teşekkür ederim.","Yok, hayır. Çok teşekkür ederim.",yok hayır çok teşekkür ederim
tr-TR,conv-20-turn-19.txt,İyi günler.,İyi günler.,iyi günler
tr-TR,conv-20-turn-2.txt,S N 785.,S N 785,s n yedi yüz seksen beş
tr-TR,conv-20-turn-3.txt,S N 575.,SN 575.,s n beş yüz yetmiş beş
tr-TR,conv-20-turn-4.txt,Zaynep Arslan.,Zeynep Arslan.,zeynep arslan
tr-TR,conv-20-turn-5.txt,Zaynep Arslan.,Zeynep Arslan.,zeynep arslan
tr-TR,conv-20-turn-6.txt,"Yalnız bir dakika. Adımın ikinci harfi yanlış oldu. Zeynep değil, Zaynep.","Yalnız bir dakik, adımın ikinci harfi yanlış oldu. Zeynep değil, Zaynep.",yalnız bir dakika adımın ikinci harfi yanlış oldu zeynep değil zaynep
tr-TR,conv-20-turn-7.txt,Tabii. Zaynep nokta Arslan at email nokta com.,Tabii. Zeynep.arslan@gmail.com,tabii zeynep nokta arslan at email nokta com
tr-TR,conv-20-turn-8.txt,Tabii. Artı 90 123 0 90 45 67.,Tabi artı doksan yüz yirmi üç sıfır doksan kırk beş altmış yedi.,tabi artı doksan yüz yirmi üç sıfır doksan kırk beş altmış yedi
tr-TR,conv-20-turn-9.txt,"Hayır, yanlış. Telefon numarası yanlış.","Hayır, yanlış. Telefon numarası yanlış.",hayır yanlış telefon numarası yanlış
tr-TR,conv-21-turn-0.txt,"Merhaba, ben banka kartımın şifresini unuttum.","Merhaba, ben banka kartımın şifresini unuttum.",merhaba ben banka kartımın şifresini unuttum
tr-TR,conv-21-turn-1.txt,Hazırım.,Hazırım.,hazırım
tr-TR,conv-21-turn-10.txt,"Bir dakika. İsmimde Ahmet Aslan dediniz de, Ahmet Arslan. R harfi var arada, Ahmet Arslan.",Bir dakika Ahmet isminde Ahmet Aslan dediniz Ahmet Arslan R harfi var arada Ahmet Arslan.,bir dakika ahmet isminde ahmet aslan dediniz ahmet arslan r harfi var arada ahmet arslan
tr-TR,conv-21-turn-11.txt,Email adresinde adımla soyadım arasında nokta olması lazım. Ahmet dot Arslan ya da Ahmet nokta Arslan olacak.,İmail adresinde adımla soyadınızın nokta olması lazım. Ahmet. dot arslan ya da Ahmet. nokta arslan olacak.,imail adresinde adımla soyadınızın nokta olması lazım ahmet dot arslan ya da ahmet nokta arslan olacak
tr-TR,conv-21-turn-12.txt,"Evet, doğru.",Evet doğru.,evet doğru
tr-TR,conv-21-turn-13.txt,Hayır teşekkür ederim.,"Hayır, teşekkür ederim.",hayır teşekkür ederim
tr-TR,conv-21-turn-14.txt,İyi günler.,İyi günler.,iyi günler
tr-TR,conv-21-turn-2.txt,S N 801.,Sene 801.,sene sekiz yüz bir
tr-TR,conv-21-turn-3.txt,S N 850.,SN 850.,s n sekiz yüz elli
tr-TR,conv-21-turn-4.txt,"Tabii, Ahmet Arslan.",Tabi Ahmet Arslan.,tabii ahmet arslan
tr-TR,conv-21-turn-5.txt,Ahmet nokta Arslan at email nokta com.,Ahmet Arslan at email.com,ahmet arslan at email nokta com
tr-TR,conv-21-turn-6.txt,Yalnız Ahmet ve Arslan arasında nokta var. Ahmet nokta Arslan.,Yalnız Ahmet ile Arslan arasında nokta var. Ahmet nokta Arslan.,yalnız ahmet ile arslan arasında nokta var ahmet nokta arslan
tr-TR,conv-21-turn-7.txt,"Tabii. 90, pardon, baştan alıyorum. Artı 90 123 0 90 45 67.","Tabii 90, pardon baştan alıyorum artı 90, 123, 090, 45, 67.",tabii doksan pardon baştan alıyorum artı doksan yüz yirmi üç sıfır doksan kırk beş altmış yedi
tr-TR,conv-21-turn-8.txt,Hayır 68 değil 67.,"Hayır, 68 değil, 67.",hayır altmış sekiz değil altmış yedi
tr-TR,conv-21-turn-9.txt,Yalnız telefon numaramı yanlış söylediniz en son söylediğinizde. Bilgilerimi tekrarlar mısınız? Ben tekrar kontrol edeyim.,Yalnız telefon telefon numaramı yanlış söylediniz en son söylediğinizde. Bilgilerimi tekrarlar mısınız? Ben tekrar kontrol edeyim.,yalnız telefon telefon numaramı yanlış söylediniz en son söylediğinizde bilgilerimi tekrarlar mısınız ben tekrar kontrol edeyim
tr-TR,conv-22-turn-0.txt,"Merhaba, eşim için ek kredi kartı çıkartmak istiyorum.","Merhaba, işim için ek kredi kartı çıkartmak istiyorum.",merhaba işim için ek kredi kartı çıkartmak istiyorum
tr-TR,conv-22-turn-1.txt,C N 593.,JN 593.,j n beş dokuz üç
tr-TR,conv-22-turn-10.txt,"Pardon. Yalnız telefon numarasının sonu yine yanlış oldu size. 68 dediniz, 67 olacak.","Alın. Yalnız telefon numarasın telefon numarasın sonu yine yanlış oldu. Siz 68 dediniz, 67 olacak.",alın yalnız telefon numarasın telefon numarasın sonu yine yanlış oldu siz altmış sekiz dediniz altmış yedi olacak
tr-TR,conv-22-turn-11.txt,"Yalnız bu sefer arada 1123 dediniz, 1123 değil, sadece 123 olacak. Artı 90 123.","Yalnız bu sefer arada 1123 dediniz, 1123 değil, sadece 123 olacak. Artı 90, 123.",yalnız bu sefer arada bin yüz yirmi üç dediniz bin yüz yirmi üç değil sadece yüz yirmi üç olacak artı doksan yüz yirmi üç
tr-TR,conv-22-turn-12.txt,"68 değil, pardon 68 değil, 67.",68 değil pardon 68 değil 67.,altmış sekiz değil pardon altmış sekiz değil altmış yedi
tr-TR,conv-22-turn-13.txt,Evet.,E.,e
tr-TR,conv-22-turn-14.txt,"Tamam, teşekkür ederim.","Tamam, teşekkür ederim.",tamam teşekkür ederim
tr-TR,conv-22-turn-15.txt,"Tamam şu anda başka bir şeye ihtiyacım yok, teşekkür ederim.","Tamam, şuanda başka bir şey ihtiyacım yok. Teşekkür ederim.",tamam şu anda başka bir ihtiyacım yok teşekkür ederim
tr-TR,conv-22-turn-16.txt,İyi günler.,İğner.,iğner
tr-TR,conv-22-turn-2.txt,"Hayır C N 593 dediniz ama, ben yanlış mı anladım?","Hayır, biz gene 593 dediniz ama ben yanlış mı anladım?",hayır biz gene beş yüz doksan üç dediniz ama ben yanlış mı anladım
tr-TR,conv-22-turn-3.txt,"Tabii, Zaynep Arslan.",Tabi Zeynep Arslan.,tabii zeynep arslan
tr-TR,conv-22-turn-4.txt,Yalnız adım Zeynep değil Zaynep. İkinci harfi A olacak.,Yalnız adım Zeynep değil Zaynep ikinci harfi A olacak.,yalnız adım zeynep değil zaynep ikinci harfi a olacak
tr-TR,conv-22-turn-5.txt,Tabii. Zaynep nokta Arslan at email nokta com.,Tabi. Zeynep.arslan@gmail.com,tabii zeynep nokta arslan at gmail nokta com
tr-TR,conv-22-turn-6.txt,Yalnız email adresim yanlış oldu. Zeynep değil Zaynep olacak. Zaynep nokta Arslan at email nokta com.,"Yalnız email adresim yanlış oldu. Zeynep değil, Zeynep olacak. Zeynep.arslan@e-mail.com",yalnız email adresim yanlış oldu zeynep değil zeynep olacak zeynep nokta arslan at e mail nokta com
tr-TR,conv-22-turn-7.txt,Tabii. Artı 90 123 0 90 45 67.,"Tabii artı 90, 123, 090, 45, 67.",tabii artı doksan yüz yirmi üç sıfır doksan kırk beş altmış yedi
tr-TR,conv-22-turn-8.txt,"Ama pardon, telefon numarası yanlış oldu. Telefon numaramızı tekrar söyler misin? Telefon numarasını. Veya ben bir daha söyleyeyim isterseniz.","Ama pardon, telefon numaramız yanlış oldu. Telefon numaramızı tekrar söyler misiniz telefon numarasını veya ben bir daha söyleyeyim isterseniz.",ama pardon telefon numaramız yanlış oldu telefon numaramızı tekrar söyler misiniz telefon numarasını veya ben bir daha söyleyeyim isterseniz
tr-TR,conv-22-turn-9.txt,"Hayır, numara yanlış. Ben doğrusunu söyleyeyim. Artı 90 123 0 90 45 67.","Hay, numara yanlış. Ben doğrusunu söyleyeyim. Artı doksan, yüz yirmi üç, sıfır doksan, kırk beş, altmış yedi.",hayır numara yanlış ben doğrusunu söyleyeyim artı doksan bir yüz yirmi üç sıfır doksan kırk beş altmış yedi
tr-TR,conv-23-turn-0.txt,Merhaba.,mahbe.,mahbe
tr-TR,conv-23-turn-1.txt,"Merhaba, beni duyuyor musun?",Merhaba beni duyuyor musun?,merhaba beni duyuyor musun
tr-TR,conv-23-turn-10.txt,"Olur, isterim.","Olur, isterim.",olur isterim
tr-TR,conv-23-turn-11.txt,Yazılı destek talebi yeterli olacaktır çok teşekkür ederim ilginiz için.,Yazılı destek talebi yeterli olacaktır. Çok teşekkür ederim ilginiz için.,yazılı destek talebi yeterli olacaktır çok teşekkür ederim ilginiz için
tr-TR,conv-23-turn-12.txt,"Yok, onlar kalabilir. Çünkü sisteme kaydetmiştim, gerek yok teşekkür ederim.","Yok, onlar kalabilir. Çünkü sistem'e kaydetmiştim. Gerek yok, teşekkür ederim.",yok onlar kalabilir çünkü sisteme kaydetmiştim gerek yok teşekkür ederim
tr-TR,conv-23-turn-13.txt,"Yok, şu anlık yardımcı olduğunuz konuydu zaten, bu kadardı benim problemim, teşekkür ederim.","Yok, şu anlık yardımcı olduğunuz konu buydu zaten. Bu kadardı benim problemim. Teşekkür ederim.",yok şu anlık yardımcı olduğunuz konu buydu zaten bu kadardı benim problemim teşekkür ederim
tr-TR,conv-23-turn-14.txt,Hoşça kalın.,Noice kavun.,noice kavun
tr-TR,conv-23-turn-15.txt,"Ben de, iyi çalışmalar dilerim.",Ben de iyi çalışmalar dilerim.,ben de iyi çalışmalar dilerim
tr-TR,conv-23-turn-16.txt,Görüşmek üzere.,Görüşmek üzere.,görüşmek üzere
tr-TR,conv-23-turn-2.txt,Ben Zaynep Arslan. Öncelikle kendimi tanıtayım. Şimdi benim bir işletmem var.,Ben Zeynep Arslan. Öncelikle kendimi tanıtıyım. Şimdi benim bir işletmem var.,ben zeynep arslan öncelikle kendimi tanıtayım şimdi benim bir işletmem var
tr-TR,conv-23-turn-3.txt,"Şimdi şöyle, benim bir işletmem var ve ben işletmemde diğer kartın geçişini sağlamak istiyorum. Bir yemek kartı firması ile çalışıyorum sizlerle.","Şimdi şöyle, benim bir işletmem var ve ben işletmemde y kartı geçişini sağlamak istiyorum. Bir yemek kartı firmasıyla çalışıyorum sizlerle.",simdi benim bir isletmem var ve ben isletmemde y karti gecisini saglamak istiyorum bir yemek karti firmasi ile calisiyorum sizlerle
tr-TR,conv-23-turn-4.txt,"Ben Bol Bol Ye firması ile çalışıyorum. Adresim olan Atatürk Caddesi No 45'e 6, Kazım Karabekir Mahallesi, Üsküdar, İstanbul 34 660 posta kodlu adresime gerekli sözleşme evraklarının teslimini rica edecektim. Çünkü başvurumun üzerine bayağı bir zaman geçti. Ama yani maalesef henüz gelmedi evraklarım.",Ben Bol Bol ya firmasıyla çalışıyorum. Adresim olan Atatürk Caddesi No 45 6 Kazım Karabekir Mahallesi Üsküdar İstanbul 34 660 posta kodlu adresime gerekli sözleşme evraklarının teslimini rica edecektim. Çünkü başvurumun üzerinden baya bir zaman geçti. Ama yani maalesef kelimiz gelmedi evraklarım.,ben bol bol ya firmasıyla çalışıyorum adresim olan atatürk caddesi no kırk beş altı kazım karabekir mahallesi üsküdar istanbul otuz dört altı yüz altmış posta kodlu adresime gerekli sözleşme evraklarının teslimini rica edecektim çünkü başvurumun üzerinden baya bir zaman geçti ama maalesef kelimiz gelmedi evraklarım
tr-TR,conv-23-turn-5.txt,Düşüneyim. Yaklaşık 5 hafta geçti. Çok uzun bir süre.,Düşüneyim yaklaşık beş hafta geçti. Çok uzun bir süre.,yaklaşık beş hafta geçti çok uzun bir süre
tr-TR,conv-23-turn-6.txt,Online başvuru yaptım açıkçası. Bol Bol Ye sitesinde 5 dakikada üye ol kampanya vardı. O yolu izledim. Ama geri dönüş sağlanmadı tarafıma.,Online maçları yaptım açıkçası. Bol bol yeni sitesinde beş dakikada üye ol adlı bir kampanya vardı. O yolu izledim ama geri dönüş sağlanmadı tarafıma.,online maçları yaptım açıkçası bol bol yeni sitesinde beş dakikada üye ol adlı bir kampanya vardı o yolu izledim ama geri dönüş sağlanmadı tarafıma
tr-TR,conv-23-turn-7.txt,Verildi. Başvuru numaram 975. Referans numaram ise 22 56 15.,"Verildi. Başlık numaram 975, Referans numaram ise 225615.",verildi başlık numaram dokuz yüz yetmiş beş referans numaram ise iki yüz yirmi beş bin altı yüz on beş
tr-TR,conv-23-turn-8.txt,"İsterim, çok isterim. Bana lütfen yardımcı olun.",İsterim çok isterim bana lütfen yardımcı olun.,isterim çok isterim bana lütfen yardımcı olun
tr-TR,conv-23-turn-9.txt,Tamam.,Tamam.,tamam
tr-TR,conv-24-turn-0.txt,"Kolay gelsin Anna Hanım. Ben kredi kartı bilgilerimi öğrenmek için, yani IBAN numaramı öğrenebilir miyim?",Kolay gelsin anlağım. Ben kredi kartı bilgilerimi öğrenmek istiyorum. Yani hani IBAN numaramı öğrenebilir miyim?,kolay gelsin anlağım ben kredi kartı bilgilerimi öğrenmek istiyorum iban numaramı öğrenebilir miyim
tr-TR,conv-24-turn-1.txt,"O zaman kredi kartımın, kart numarası ve son ödeme. Bir saniye beni bir dinleyebilir misin? Kredi kartımın numarasını, bir de kredi kartımın, bir saniye beni dinler misin? O zaman son ödeme tarihini öğrenebilir miyim?",O zaman kredi kartımın kart numarası ve son ödeme bir saniye beni bir dinleyebilir misiniz? Kredi kartımın numarasını bir de kredi kartımın bir saniye beni dinler misiniz? O zaman son o zaman son ödeme tarihini öğrenebilir miyim?,o zaman kredi kartımın kart numarası ve son ödeme bir saniye beni bir dinleyebilir misiniz kredi kartımın numarasını bir de kredi kartımın bir saniye beni dinler misiniz o zaman son o zaman son ödeme tarihini öğrenebilir miyim
tr-TR,conv-24-turn-10.txt,O zaman beni başka bir müşteri temsilcisine aktarın. Ben bu bilgiye erişmek istiyorum çünkü.,O zaman beni başka bir müşteri temsilcisine aktarın. Ben bu bilgiye erişmek istiyorum çünkü.,o zaman beni başka bir müşteri temsilcisine aktarın ben bu bilgiye erişmek istiyorum çünkü
tr-TR,conv-24-turn-11.txt,Yok teşekkür ederim o zaman kolay gelsin.,Yok teşekkür ederim o zaman kolay gelsin.,yok teşekkür ederim o zaman kolay gelsin
tr-TR,conv-24-turn-2.txt,Zaynep Arslan.,Zane Bartlan.,zane bartlan
tr-TR,conv-24-turn-3.txt,Zaynep nokta Arslan at email nokta com.,Zeynep Arslan etinmail.com,zeynep arslan etinmail com
tr-TR,conv-24-turn-4.txt,Zaynep nokta Arslan.,Zeynep nokta R,zeynep nokta r
tr-TR,conv-24-turn-5.txt,"Adresim, Atatürk Caddesi No 45 taksim 6, Kazım Karabekir Mahallesi, Üsküdar, İstanbul. Posta kodumuz 34 660 Türkiye.",Adresim Atatürk Caddesi No 45 Taksim 6 Kazım Karabekir Mahallesi Üsküdar İstanbul Posta kodumuz 34660 Türkiye.,adresim atatürk caddesi no kırk beş taksim altı kazım karabekir mahallesi üsküdar istanbul posta kodumuz otuz dört altı yüz altmış türkiye
tr-TR,conv-24-turn-6.txt,Evet not alacağım. O yüzden bir saniye bekleteceğim. Ayrıca yavaş okumanızı istiyorum. Tamamen Türkçe olsun.,"Evet not alacağım, o yüzden bir saniye bekleteceğim. Ayrıca yavaş okumanızı istiyorum, tamamen Türkçe olsun.",evet not alacağım o yüzden bir saniye bekleteceğim ayrıca yavaş okumanızı istiyorum tamamen türkçe olsun
tr-TR,conv-24-turn-7.txt,"Haymana, Rize, 83 0 3. Doğru mu?",Haymanlar Rize 83.03 doğru mu?,haymanlar rize seksen üç sıfır üç doğru mu
tr-TR,conv-24-turn-8.txt,"Tekrar ediyorum. Haymana, Rize 8 3 0 3. Doğru mu?",Tekrar ediyorum Haymana Vize 8 3 0 3 Doğru mu?,tekrar ediyorum haymana vize sekiz üç sıfır üç doğru mu
tr-TR,conv-24-turn-9.txt,"Evet tamam, doğru.",Evet tamam doğru.,evet tamam doğru
tr-TR,conv-25-turn-0.txt,"Anna Hanım, merhabalar. Ben sizden yardım istemiştim.",Annamanım merhabalar. Ben sizden yardım istemiştim.,annamanım merhabalar ben sizden yardım istemiştim
tr-TR,conv-25-turn-1.txt,"Şimdi şöyle, ben kredi kartımın limitini artırmak istiyorum. Halihazırdaki limitini öğrendikten sonra tabii ki. Şu an kaç? Ve onu artırmak istiyorum.","Şimdi şöyle, ben kredi kartımı limitini arttırmak istiyorum. Yani hala hazırdaki limitini öğrendikten sonra tabii ki. Şu an kaç ve onu arttırmak istiyorum.",şimdi ben kredi kartımı limitini artırmak istiyorum hala hazırdaki limitini öğrendikten sonra tabii ki şu an kaç ve onu artırmak istiyorum
tr-TR,conv-25-turn-10.txt,Şu anda herhangi bir uygulamaya giriş yapamıyorum.,Şuanda herhangi bir uygulamaya giriş yapamıyorum.,şu anda herhangi bir uygulamaya giriş yapamıyorum
tr-TR,conv-25-turn-11.txt,"Yok, teşekkürler.",Yok teşekkürler.,yok teşekkürler
tr-TR,conv-25-turn-2.txt,"Tabii, bekliyorum.",Tabii bekliyorum.,tabii bekliyorum
tr-TR,conv-25-turn-3.txt,"Sivas, Niğde, Edirne, 0 82. Gerisini anlayamadım.",Sivas Nida Edirne 082 gerisini anlayamadım.,sivas nida edirne sıfır seksen iki gerisini anlayamadım
tr-TR,conv-25-turn-4.txt,"Lütfen hepsini, lütfen hepsini Türkçe okur musunuz ve yavaş okur musunuz?","Lütfen hepsini, lütfen hepsini Türkçe okur musunuz ve yavaş okur musunuz?",lütfen hepsini lütfen hepsini türkçe okur musunuz ve yavaş okur musunuz
tr-TR,conv-25-turn-5.txt,"Ceyhan, Niğde, 0 88 15 33.",Ceyhan Nide 0.88 15 33,ceyhan nide sıfır nokta seksen sekiz on beş otuz üç
tr-TR,conv-25-turn-6.txt,İsmim Zeynep Arslan.,İsmim Zeynep Arslan.,ismim zeynep arslan
tr-TR,conv-25-turn-7.txt,Zeynep nokta Arslan at email nokta com.,Zeynep Arslan at email .com,zeynep arslan at email com
tr-TR,conv-25-turn-8.txt,Artı 90 123 0 90 45 67.,"Artı doksan, yüz yirmi üç, sıfır doksan, kırk beş, altmış yedi.",artı doksan yüz yirmi üç sıfır doksan kırk beş altmış yedi
tr-TR,conv-25-turn-9.txt,Doğrudur.,Doğrudur.,doğrudur
tr-TR,conv-26-turn-0.txt,Kredi kartı limitini artırmak istiyorum.,Kredi kartı limitimi arttırmak istiyorum.,kredi kartı limitimi artırmak istiyorum
tr-TR,conv-26-turn-1.txt,C E E 6 5 2 X.,J E E altı beş iki x.,j e e altı beş iki x
tr-TR,conv-26-turn-10.txt,Ahmet Arslan.,Ahmet Arslan.,ahmet arslan
tr-TR,conv-26-turn-11.txt,Ahmet nokta Arslan at email nokta com.,Ahmet.Arslan@emil.com,ahmet nokta arslan at emil nokta com
tr-TR,conv-26-turn-12.txt,Doğru.,Doğru.,doğru
tr-TR,conv-26-turn-13.txt,Artı 90 123 0 90.,"Artı 90, 123, 090.",artı doksan bir yüz yirmi üç sıfır doksan
tr-TR,conv-26-turn-14.txt,Artı 90 123 0 90 45 67.,"Artı 90, 123, 0, 90, 45, 67.",artı doksan yüz yirmi üç sıfır doksan kırk beş altmış yedi
tr-TR,conv-26-turn-15.txt,"Hayır, telefon numarasını tekrar söylüyorum.",Hayır. Telefon numarasını tekrar söylüyorum.,hayır telefon numarasını tekrar söylüyorum
tr-TR,conv-26-turn-16.txt,Tamam. Artı 9 0 1 2 3 0 9 0 4 5 6 7.,Tamam. Artı dokuz sıfır bir iki üç sıfır dokuz sıfır dört beş altı yedi.,tamam artı dokuz sıfır bir iki üç sıfır dokuz sıfır dört beş altı yedi
tr-TR,conv-26-turn-17.txt,Hayır yanlış.,"Hayır, yanlış.",hayır yanlış
tr-TR,conv-26-turn-18.txt,Peki. Artı 90 123 0 90 45 67.,"Peki, artı 90, 123, 090, 45, 67.",peki artı doksan bir yüz yirmi üç sıfır doksan kırk beş altmış yedi
tr-TR,conv-26-turn-19.txt,Hayır tekrar ediyorum.,"Hayır, tekrar ediyorum.",hayır tekrar ediyorum
tr-TR,conv-26-turn-2.txt,C E E 2 B 2 X 3.,J E E 2 B 2 X 3.,c e e iki b iki x üç
tr-TR,conv-26-turn-20.txt,Artı 9 0 1 2 3 0 9 0 4 5 6 7.,"Artı 9, 0, 1, 2, 3, 0, 9, 0, 4, 5, 6, 7.",artı doksan sıfır bir iki üç sıfır dokuz sıfır dört beş altı yedi
tr-TR,conv-26-turn-21.txt,Hayır.,hayır.,hayır
tr-TR,conv-26-turn-22.txt,Artı 9 0 1 2 3 0 9 0 4 5 6 7.,"Artı dokuz, sıfır, bir, iki, üç, sıfır, dokuz, sıfır, dört, beş, altı, yedi.",artı dokuz sıfır bir iki üç sıfır dokuz sıfır dört beş altı yedi
tr-TR,conv-26-turn-23.txt,Doğru.,Doğru.,doğru
tr-TR,conv-26-turn-24.txt,Teşekkür ederim başka isteğim yok.,Teşekkür ederim. Başka isteğim yok.,teşekkür ederim başka isteğim yok
tr-TR,conv-26-turn-25.txt,Görüşmek üzere.,Görüşmek üzere.,görüşmek üzere
tr-TR,conv-26-turn-26.txt,"Siz de, hoşça kalın.",Siz de hoşçakalın.,siz de hoşça kalın
tr-TR,conv-26-turn-3.txt,C E E 2 6 2 X.,C E E iki altı iki x.,c e e iki altı iki x
tr-TR,conv-26-turn-4.txt,E E 2 1 3 4 5 6.,"E, E, iki, bir, üç, dört, beş, altı.",e e iki bir üç dört beş altı
tr-TR,conv-26-turn-5.txt,C A 9 3 V 1.,J A dokuz üç V bir.,j a dokuz üç v bir
tr-TR,conv-26-turn-6.txt,Hazırım.,Hazırım.,hazırım
tr-TR,conv-26-turn-7.txt,C A 9 3 V 1.,J A dokuz üç V bir.,j a dokuz üç v bir
tr-TR,conv-26-turn-8.txt,C E 6 5 2 8.,J E S BEŞ İKİ SEKİZ.,j e s beş iki sekiz
tr-TR,conv-26-turn-9.txt,C E 6 5 2 6.,J E altı beş iki altı.,j e altı beş iki altı
tr-TR,conv-27-turn-0.txt,Merhaba. Ben kredi kartı limitimi artırmak istiyordum.,"Merhaba, banka kredi kartı limitimi arttırmak istiyordum.",merhaba banka kredi kartı limitimi artırmak istiyordum
tr-TR,conv-27-turn-1.txt,"Evet lütfen, evet.",Evet lütfen. Evet.,evet lütfen evet
tr-TR,conv-27-turn-10.txt,Hayır. Hayır.,"Hayır, hayır.",hayır hayır
tr-TR,conv-27-turn-11.txt,Zaynep nokta Arslan at.,Zeynep nokta Arslan et,zeynep nokta arslan at
tr-TR,conv-27-turn-12.txt,Ben tekrar heceleyeceğim. Zaynep nokta Arslan at email nokta com.,Ben tekrar hcecleyeceğim. Zeynep.arslan@gmail.com,ben tekrar heceleyeceğim zeynep nokta arslan at gmail nokta com
tr-TR,conv-27-turn-13.txt,Hayır doğru değil. Doğru değil. Tekrar söylüyorum. Zaynep ve Arslan arasında nokta var.,"Hayır, doğru değil. Doğru değil. Tekrar söylüyorum. Zeynep ve Arslan arasında nokta var.",hayır doğru değil doğru değil tekrar söylüyorum zeynep ve arslan arasında nokta var
tr-TR,conv-27-turn-14.txt,Zaynep nokta Arslan at email nokta com.,Zeynep.arslan@gmail.com,zeynep nokta arslan at gmail nokta com
tr-TR,conv-27-turn-15.txt,"Gmail değil, email.",Gmail değil. Mmail.,gmail değil mmail
tr-TR,conv-27-turn-16.txt,"Kodlayacağım, kodlayacağım. Tamam mı? Kodluyorum.","Kodlayacağım, kodlayacağım, tamam mı? Kodliyorum.",kodlayacağım kodlayacağım tamam mı kodliyorum
tr-TR,conv-27-turn-17.txt,"Z, tamam kodluyorum, baştan başlıyorum. Z A Y N E P nokta A R S L A N at E M A İ L nokta C O M.",Z tamam kodluyorum baştan başlıyorum Z A Y N E P nokta A R S L A N E T E M A I L nokta C O M,z tamam kodluyorum baştan başlıyorum z a y n e p nokta a r s l a n at e m a i l nokta c o m
tr-TR,conv-27-turn-18.txt,Tamam.,tamam.,tamam
tr-TR,conv-27-turn-19.txt,Tabii hemen veriyorum. Artı 90 123 0 90 45 67.,"Tabi hemen veriyorum. Artı 90, 123, 090, 45, 67.",tabi hemen veriyorum artı doksan bir yüz yirmi üç sıfır doksan kırk beş altmış yedi
tr-TR,conv-27-turn-2.txt,"Çok özür dilerim, not edemedim. Biraz daha yavaş söyleyebilir misin? M.","Çok özür dilerim, not edemedim. Biraz daha yavaş söyleyebilir misiniz? M",çok özür dilerim not edemedim biraz daha yavaş söyleyebilir misiniz m
tr-TR,conv-27-turn-20.txt,Evet doğru.,Evet doğru.,evet doğru
tr-TR,conv-27-turn-21.txt,"Yok hayır çok teşekkür ederim, sağ olun.","Yok hayır çok teşekkür ederim, sağ olun.",yok hayır çok teşekkür ederim sağ olun
tr-TR,conv-27-turn-22.txt,"İyi günler, teşekkürler.","İyi günler, teşekkürler.",iyi günler teşekkürler
tr-TR,conv-27-turn-3.txt,"Yine anlayamadım. Bir daha lütfen, daha yavaş.","Yine anlayamadım. Bir daha lütfen, daha yavaş.",yine anlayamadım bir daha lütfen daha yavaş
tr-TR,conv-27-turn-4.txt,Tamam. M M M M M H 7 2 7 2 5.,Tamam. M M M M M. H yedi iki yedi iki beş.,tamam m m m m m h yedi iki yedi iki beş
tr-TR,conv-27-turn-5.txt,Lütfen siz edebilir misiniz tekrar?,Lütfen siz edebilir misiniz tekrar?,lütfen siz edebilir misiniz tekrar
tr-TR,conv-27-turn-6.txt,M H 7 2 7 5.,M H yedi iki yedi beş.,m h yedi iki yedi beş
tr-TR,conv-27-turn-7.txt,Zaynep Arslan.,Zeynep Aslan.,zeynep aslan
tr-TR,conv-27-turn-8.txt,Tabii. Zaynep nokta Arslan at email nokta com.,tabii zainap.arslan8@gmail.com,tabii zainap nokta arslan sekiz at gmail nokta com
tr-TR,conv-27-turn-9.txt,"Hayır, hayır. Zaynep nokta Arslan.","Hayır, hayır. Zeynep nokta Arslan",hayır hayır zeynep nokta arslan
tr-TR,conv-28-turn-0.txt,Merhaba Anna Hanım. Ben kredi kartımın limit artışını talep ediyorum.,"Merhaba Anla Hanım, ben kredi kartımın limit artışını talep ediyorum.",merhaba anla hanım ben kredi kartımın limit artışını talep ediyorum
tr-TR,conv-28-turn-1.txt,Bekliyorum.,bekliyorum.,bekliyorum
tr-TR,conv-28-turn-10.txt,Tamam.,tamam.,tamam
tr-TR,conv-28-turn-11.txt,Tamam.,tamam.,tamam
tr-TR,conv-28-turn-12.txt,"Teşekkür ederim. Teşekkür ederim, sağ olun, hoşça kalın.","Teşekkür ederim. Teşekkür ederim. Sağlıcığın, hoşça kalın.",teşekkür ederim teşekkür ederim sağlıcığın hoşça kalın
tr-TR,conv-28-turn-13.txt,İyi günler.,İyi günler.,iyi günler
tr-TR,conv-28-turn-2.txt,"Tabii, M K 4 5 4 6.",Tabii MK 4 5 4 6.,tabii m k dört beş dört altı
tr-TR,conv-28-turn-3.txt,Zaynep Arslan.,Zeynep Arslan.,zeynep arslan
tr-TR,conv-28-turn-4.txt,Zaynep nokta Arslan at email nokta com.,Zeynep.Arslan8@gmail.com,zeynep nokta arslan sekiz at gmail nokta com
tr-TR,conv-28-turn-5.txt,Z A Y N E P nokta A R S L A N at E M A İ L nokta com.,z a y n e p . a r s l a n e t e m a i l . com,z a y n e p nokta a r s l a n e t e m a i l nokta com
tr-TR,conv-28-turn-6.txt,Tabii. Artı 90 123 0 90 45 67.,"Tabii artı 90, 123, 090, 45, 67.",tabii artı doksan yüz yirmi üç sıfır doksan kırk beş altmış yedi
tr-TR,conv-28-turn-7.txt,"Hayır. Hayır. Emailimi yanlış, hatalı aldınız şu anda.","Hayır, hayır. İmlemini yanlış, hatalı aldınız şu anda.",hayır hayır imlemini yanlış hatalı aldınız şu anda
tr-TR,conv-28-turn-8.txt,Lütfen harf harf söylediğimde araya girmezseniz çok sevinirim. Not ediyor musunuz? Not ediyor musunuz? Başlıyorum. Z tamam. Z A Y N E P nokta A R S L A N at email nokta com.,Lütfen harf harf söylediğimde araya girmezseniz çok sevinirim. Not ediyor musunuz? Not ediyor musunuz? Başlıyorum. Z. Tamam. Z A Y N E P nokta A R S L A N E T M E I l nokta com,lütfen harf harf söylediğimde araya girmezseniz çok sevinirim not ediyor musunuz not ediyor musunuz başlıyorum z tamam z a y n e p nokta a r s l a n e t m e i l nokta com
tr-TR,conv-28-turn-9.txt,"Tamam teşekkür ederim, evet.","Tamam, teşekkür ederim. Evet.",tamam teşekkür ederim evet
tr-TR,conv-29-turn-0.txt,Anna Hanım merhabalar. Ben kredi kartımın son ekstresini istiyorum da gönderebilir misiniz rica etsem mail adresime?,Anla'nın merhabalar. Ben kredi kartımın son ekris ekresini istiyorum da gönderebilir misiniz ricam? Mail adresime.,anla'nın merhabalar ben kredi kartımın son ekris ekresini istiyorum da gönderebilir misiniz ricam mail adresime
tr-TR,conv-29-turn-1.txt,"Tabii, tabii buyurun.",tabi tabi buyurun.,tabii tabii buyurun
tr-TR,conv-29-turn-10.txt,Anna Hanım Zaynep ve Arslan arasında nokta işareti var demiştim.,Anla Hanım Zeynep ve Arslan arasında nokta işareti var demiştim.,anla hanım zeynep ve arslan arasında nokta işareti var demiştim
tr-TR,conv-29-turn-11.txt,"Hayır. Zaynep nokta, nokta.",Hayır. Zeynep nokta nokta.,hayır zeynep nokta nokta
tr-TR,conv-29-turn-12.txt,Zaynep nokta Arslan at email nokta com.,Zeynep Arslan et email.com,zeynep arslan et email com
tr-TR,conv-29-turn-13.txt,"Email. Pardon Anna Hanım, email olacak. Sesim mi gelmiyor benim bir problem mi var? Anlamakta mı güçlük çekiyorsunuz?","E-mail pardon, Anna Hanım e-mail olacak. Sesin mi gelmiyor benim? Bir problem mi var? Anlamakta mı güçlük çekiyorsunuz?",email pardon anna hanım email olacak sesin mi gelmiyor benim bir problem mi var anlamakta mı güçlük çekiyorsunuz
tr-TR,conv-29-turn-14.txt,"Her şey doğru, Anna Hanım, her şey doğru. Sadece Zaynep ve Arslan arasında nokta işareti var. Sadece oraya nokta koyacaksınız. Diğerleri hepsi doğru.",Her şey doğru anlamam. Her şey doğru. Sadece Zeynep ve Arslan arasında nokta işareti var. Sadece oraya nokta koyacaksınız. Diğerlere hepsi doğru.,her doğru anlamam her doğru sadece zeynep ve arslan arasında nokta işareti var sadece oraya nokta koyacaksınız diğerlere hepsi doğru
tr-TR,conv-29-turn-15.txt,Hayır. Evet. Zaynep nokta Arslan olacak.,"Evet, Zeynep nokta Arslan olacak.",evet zeynep nokta arslan olacak
tr-TR,conv-29-turn-16.txt,"Evet, tamam süper. Süper tamam doğru.",Evet tamam süper süper tamam doğru.,evet tamam süper süper tamam doğru
tr-TR,conv-29-turn-17.txt,Evet. Zaynep nokta.,"Evet, Zeynep nokta",evet zeynep nokta
tr-TR,conv-29-turn-18.txt,At email nokta com değil mi? Email nokta com.,"Evet, email.com değil mi? email.com.",evet email nokta com değil mi email nokta com
tr-TR,conv-29-turn-19.txt,Anlamıyor.,Olam anlamıyor.,olam anlamıyor
tr-TR,conv-29-turn-2.txt,Tabii. X R 0 1 12.,Tabii x r sıfır bir on iki.,tabii x r sıfır bir on iki
tr-TR,conv-29-turn-20.txt,"Gmail değil, email, email, email nokta com.","Gmail değil, email, email, email nokta com.",gmail değil email email email nokta com
tr-TR,conv-29-turn-21.txt,"Dot diyor ya. Nokta com, nokta com, nokta com.",dot nokta com nokta com nokta com,dot nokta com nokta com nokta com
tr-TR,conv-29-turn-22.txt,Evet.,Evet.,evet
tr-TR,conv-29-turn-23.txt,Email nokta com adresime.,Email nokta com adresini evet.,email nokta com adresini evet
tr-TR,conv-29-turn-24.txt,"At email nokta com adres, evet.",etemey.com adresi evet.,etemey com adresi evet
tr-TR,conv-29-turn-25.txt,Şu at mail dediğinizde mailin önünde E var değil mi?,Şu et mail dediğinizde mailin önünde e var değil mi?,şu et mail dediğinizde mailin önünde e var değil mi
tr-TR,conv-29-turn-26.txt,Tamam. At email nokta com.,Tamam. Etemel nokta com. Hı hı.,tamam etemel nokta com
tr-TR,conv-29-turn-27.txt,Tamam bekliyorum.,"Tamam, bekliyorum.",tamam bekliyorum
tr-TR,conv-29-turn-28.txt,Tamam başka bir isteğim yok.,"Tamam, başka bir isteğim yok.",tamam başka bir isteğim yok
tr-TR,conv-29-turn-29.txt,"Tamam teşekkür ederim, iyi günler.","Tamam, teşekkür ederim. İyi günler.",tamam teşekkür ederim iyi günler
tr-TR,conv-29-turn-3.txt,Tabii Zaynep Arslan.,Tabii Zeynep Arslan.,tabii zeynep arslan
tr-TR,conv-29-turn-4.txt,Rica ederim.,icad edelim.,icad edelim
tr-TR,conv-29-turn-5.txt,Tabii. Zaynep nokta Arslan at email nokta com.,tabii. Zeynep.arslan@gmail.com,tabii zeynep nokta arslan at gmail nokta com
tr-TR,conv-29-turn-6.txt,Evet doğru ancak Zaynep ve Arslan arasında nokta işareti var.,Evet doğru ancak Zeynep ve Arslan arasında nokta işareti var.,evet doğru ancak zeynep ve arslan arasında nokta işareti var
tr-TR,conv-29-turn-7.txt,Teşekkür ederim.,Teşekkür ederim. Hı hı.,teşekkür ederim
tr-TR,conv-29-turn-8.txt,Tabii ki. Artı 90 123 0 90 45 67.,Tabii ki 0.90 123 0.90 45 67,tabii ki sıfır nokta doksan bir yüz yirmi üç sıfır nokta doksan kırk beş altmış yedi
tr-TR,conv-29-turn-9.txt,"Teşekkür ederim. Email adresimde bir hata yok değil mi? Çünkü acil olarak ihtiyacım var o ekstreye, işlem yapacağım. Tekrar eder misiniz email adresimi lütfen?",Teşekkür ederim. Email adresimde bir hata yok değil mi? Çünkü acil olarak ihtiyacım var o eksireyi. İşlem yapacağım. Tekrar eder misiniz email adresim lütfen.,teşekkür ederim email adresimde bir hata yok değil mi çünkü acil olarak ihtiyacım var o eksireyi işlem yapacağım tekrar eder misiniz email adresim lütfen
tr-TR,conv-3-turn-0.txt,"Merhaba, yeni bir kredi kartı başvurusunda bulunmak istiyorum. Yardımcı olabilir misiniz?","Merhaba, yeni bir kredi kartı başvurusunda bulunmak istiyorum. Yardımcı olabilir misiniz?",merhaba yeni bir kredi kartı başvurusunda bulunmak istiyorum yardımcı olabilir misiniz
tr-TR,conv-3-turn-1.txt,C N 5 4 4. Doğru mudur?,JN beş dört dört doğru mudur?,j n beş dört dört doğru mudur
tr-TR,conv-3-turn-10.txt,"Tabii, istiyorum.",Tabi istiyorum.,tabii istiyorum
tr-TR,conv-3-turn-11.txt,"Yok, teşekkür ederim, iyi günler.",Yok teşekkür ederim iyi günler.,yok teşekkür ederim iyi günler
tr-TR,conv-3-turn-2.txt,C N 5 4 9. Doğru mudur?,JN beş dört dokuz doğru mudur?,j n beş dört dokuz doğru mudur
tr-TR,conv-3-turn-3.txt,Ahmet Arslan.,Ahmet Arslan.,ahmet arslan
tr-TR,conv-3-turn-4.txt,Ahmet nokta Arslan at email nokta com.,Ahmet Arslan Ahmet nokta Arslan et email nokta com,ahmet arslan ahmet nokta arslan at email nokta com
tr-TR,conv-3-turn-5.txt,Artı 90 123 0 90 45 67.,"Artı doksan, yüz yirmi üç, sıfır doksan, kırk beş, altmış yedi.",artı doksan bir yüz yirmi üç sıfır doksan kırk beş altmış yedi
tr-TR,conv-3-turn-6.txt,"Atatürk Caddesi numara 45 bölü 6, Kazım Karabekir Mahallesi, Üsküdar, İstanbul 34660 Türkiye.","Atatürk Caddesi, Numara 45/6 Kazım Karabekir Mahallesi, Üsküdar, İstanbul, 34.660 Türkiye.",atatürk caddesi numara kırk beş bölü altı kazım karabekir mahallesi üsküdar istanbul otuz dört bin altı yüz altmış türkiye
tr-TR,conv-3-turn-7.txt,"Atatürk Caddesi numara 45 bölü 6, Kazım Karabekir Mahallesi, Üsküdar, İstanbul 34660 Türkiye.","Atatürk Caddesi, Numara 45/6, Kazım Karabekir Mahallesi, Üsküdar, İstanbul, 34.660, Türkiye.",atatürk caddesi numara kırk beş bölü altı kazım karabekir mahallesi üsküdar istanbul otuz dört bin altı yüz altmış türkiye
tr-TR,conv-3-turn-8.txt,"Tabii, bekliyorum.",Tabi bekliyorum.,tabii bekliyorum
tr-TR,conv-3-turn-9.txt,"Ne kadar ücret ödemem gerekiyor, kredi kartı başvuru sırasında?",Ne kadar ücret ödemem gerekiyor kredi kredi kartı başvurusu sırasında?,ne kadar ücret ödemem gerekiyor kredi kredi kartı başvurusu sırasında
tr-TR,conv-30-turn-0.txt,Günaydın Anna.,Günaydın Anla Hanım.,günaydın anla hanım
tr-TR,conv-30-turn-1.txt,"Ben yeni kredi kartı çıkartmıştım da, onu bekliyorum. Onun durumu ile alakalı bilgi almak istiyorum. Şu an nerede kartım?",Ben bir yeni kredi kartı çıkartmıştım da onu bekliyorum. Onun durumuyla alakalı bilgi almak istiyorum. Şu an nerede kartın?,ben bir yeni kredi kartı çıkartmıştım da onu bekliyorum onun durumuyla alakalı bilgi almak istiyorum şu an nerede kartın
tr-TR,conv-30-turn-2.txt,"Evet, lütfen.",Evet lütfen.,evet lütfen
tr-TR,conv-30-turn-3.txt,Tekrarlıyorum. C E T 4 8 9.,Tekrarlıyorum. C E T 4 8 9.,tekrarlıyorum c e t dört sekiz dokuz
tr-TR,conv-30-turn-4.txt,Yok ben anlayamadım. Bir önceki koddan farklıydı çünkü. Lütfen tekrar eder misiniz?,Yok ben anlayamadım bir önceki koddan farklıydı çünkü lütfen tekrar eder misiniz?,yok ben anlayamadım bir önceki koddan farklıydı çünkü lütfen tekrar eder misiniz
tr-TR,conv-30-turn-5.txt,<foreign> dediğiniz ne?,Eit dediğinizde.,eit dediğinizde
tr-TR,conv-30-turn-6.txt,Yok.,yok.,yok
tr-TR,conv-30-turn-7.txt,Bu ne ya?,ben.,ben
tr-TR,conv-31-turn-0.txt,"Merhabalar, ben.",Merhabalar. Ben yeni,merhabalar ben yeni
tr-TR,conv-31-turn-1.txt,Ben yeni bir kredi kartı bekliyorum da onun durumu ile alakalı bilgi almak istiyordum.,Ben yeni bir kredi kartı bekliyorum da onun durumuyla alakalı bilgi almak istiyordum.,ben yeni bir kredi kartı bekliyorum da onun durumuyla alakalı bilgi almak istiyordum
tr-TR,conv-31-turn-10.txt,Telefon numaramı tekrar eder misiniz?,Telefon numaramı tekrar eder misiniz?,telefon numaramı tekrar eder misiniz
tr-TR,conv-31-turn-11.txt,"Evet doğru, teşekkür ederim. Ne zaman gelecek peki?",Evet doğru teşekkür ederim. Ne zaman gelecek peki?,evet doğru teşekkür ederim ne zaman gelecek peki
tr-TR,conv-31-turn-12.txt,Şu anda yok. Teşekkür ederim. Eğer bir problem çıkarsa ben tekrar ararım zaten.,Şu anda yok teşekkür ederim. Eğer bir problem çıkarsa ben tekrar ararım zaten.,şu anda yok teşekkür ederim eğer bir problem çıkarsa ben tekrar ararım zaten
tr-TR,conv-31-turn-13.txt,"Tamam. Tamam. Çok teşekkür ederim, iyi günler, hoşça kalın.",tam tamam çok teşekkür ederim iyi günler hoşçakalın,tam tamam çok teşekkür ederim iyi günler hoşça kalın
tr-TR,conv-31-turn-14.txt,"Hoşça kalın, iyi günler.",Hoşçakalın iyi günler.,hoşça kalın iyi günler
tr-TR,conv-31-turn-2.txt,Evet.,evet.,evet
tr-TR,conv-31-turn-3.txt,"Evet, dinliyorum.",mmh evet dinliyorum.,evet dinliyorum
tr-TR,conv-31-turn-4.txt,C N 9 7 1 6.,C N 9716.,c n dokuz yedi bir altı
tr-TR,conv-31-turn-5.txt,Rica ederim.,ya dedim.,dedim
tr-TR,conv-31-turn-6.txt,Zeynep Arslan.,Zeynep Arslan.,zeynep arslan
tr-TR,conv-31-turn-7.txt,Zeynep nokta Arslan at email nokta com.,zeynep.arslan8@gmail.com,zeynep nokta arslan sekiz at gmail nokta com
tr-TR,conv-31-turn-8.txt,Tabii. 0 90 123 0 90 45 67.,Tabii 0.90 123 0.90 45 67.,tabii sıfır nokta doksan yüz yirmi üç sıfır nokta doksan kırk beş altmış yedi
tr-TR,conv-31-turn-9.txt,Evet.,evet.,evet
tr-TR,conv-32-turn-0.txt,"Günaydın. Şimdi bana bir mesaj geldi şüpheli bir mesaj. Kredi kartınızdan işlem yapılmıştır diye. Yalnız bu işlem bana ait değil, bir kontrol edebilir misiniz hemen?","Günaydın. Şimdi bana bir mesaj geldi, şüpheli bir mesaj. Kredi kartınızdan işlem yapılmıştır diye. Yalnız bu işlem bana ait değil. Bir kontrol edebilir misiniz hemen?",günaydın şimdi bana bir mesaj geldi şüpheli bir mesaj kredi kartınızdan işlem yapılmıştır diye yalnız bu işlem bana ait değil bir kontrol edebilir misiniz hemen
tr-TR,conv-32-turn-1.txt,"Tabii, bekliyorum.",tabi bekliyorum.,tabii bekliyorum
tr-TR,conv-32-turn-10.txt,Rica ederim.,İcadenim.,icadenim
tr-TR,conv-32-turn-11.txt,Zaynep Arslan.,"Zeynep, Zeynep Arslan.",zeynep zeynep arslan
tr-TR,conv-32-turn-12.txt,"Tabii ki, hemen söylüyorum. 23 aralık.",Tabii ki hemen söylüyorum. 23 Aralık.,tabii ki hemen söylüyorum yirmi üç aralık
tr-TR,conv-32-turn-13.txt,1500 TL.,1500 TL.,bin beş yüz tl
tr-TR,conv-32-turn-14.txt,Migros'tan yapılmış.,Mikrosdan yapılmış.,mikrosdan yapılmış
tr-TR,conv-32-turn-15.txt,Peki bu süreçte ne yapayım eğer kredi kartım çalınmışsa vesaire? Belki de çalındı. Kapatsak daha iyi olmaz mı kredi kartımı?,Peki bu süreçte ne yapayım eğer kredi kartım çalınırsa vesaire belki de çalındı kapatsak daha iyi olmaz mı kredi kartımı?,peki bu süreçte ne yapayım eğer kredi kartım çalınırsa vesaire belki de çalındı kapatsak daha iyi olmaz mı kredi kartımı
tr-TR,conv-32-turn-16.txt,Tamam. Tabii bekliyorum.,"Tamam, hı hı tabii bekliyorum.",tamam tabii bekliyorum
tr-TR,conv-32-turn-17.txt,Bekliyorum.,bekliyorum.,bekliyorum
tr-TR,conv-32-turn-18.txt,Tamam.,tamam.,tamam
tr-TR,conv-32-turn-19.txt,Siz neden aktaramıyorsunuz şu anda? Neden şu an aktaramıyorsunuz? Yani.,Siz neden aktaramıyorsunuz şuanda? Neden şu an aktaramıyorsunuz? Yani.,siz neden aktaramıyorsunuz şu anda neden şu an aktaramıyorsunuz
tr-TR,conv-32-turn-2.txt,Evet.,Evet.,evet
tr-TR,conv-32-turn-20.txt,Tamam da zaten çok zor bir şekilde bağlanılıyor zaten. Benim işlemim de çok acil. Lütfen aktarabilir misiniz siz?,Tamam da zaten ya çok zor bir şekilde bağlanalıyor zaten ve benim işlemimde çok acil lütfen aktırabilir misiniz siz?,tamam da zaten çok zor bir şekilde bağlanalıyor zaten ve benim işlemimde çok acil lütfen aktırabilir misiniz siz
tr-TR,conv-32-turn-21.txt,"Tamam hoşça kalın, teşekkürler.",Tamam hoşçakalın teşekkürler.,tamam hoşça kalın teşekkürler
tr-TR,conv-32-turn-22.txt,İyi günler.,İyi olmuş.,iyi olmuş
tr-TR,conv-32-turn-3.txt,Y E 2 5 6 8.,Y E 2 5 6 8.,y e iki beş altı sekiz
tr-TR,conv-32-turn-4.txt,Zaynep Arslan.,Zeynep Arslan.,zeynep arslan
tr-TR,conv-32-turn-5.txt,"Tabii, Zaynep nokta Arslan at email nokta com.",tabii zeynep.arslan@gmail.com,tabii zeynep nokta arslan at gmail nokta com
tr-TR,conv-32-turn-6.txt,Tabii. Artı 90.,tabii artı doksan,tabii artı doksan
tr-TR,conv-32-turn-7.txt,Tabii. Artı 90 123 0 90 45 67.,Tabii artı doksan yüz yirmi üç sıfır doksan kırk beş altmış yedi.,tabii artı doksan yüz yirmi üç sıfır doksan kırk beş altmış yedi
tr-TR,conv-32-turn-8.txt,Tekrar edeyim mi?,Tekrar edeyim mi?,tekrar edeyim mi
tr-TR,conv-32-turn-9.txt,Tabii. Artı 90 123 0 90 45 67.,"Artı 90, 123, 090, 45, 67.",artı doksan yüz yirmi üç sıfır doksan kırk beş altmış yedi
tr-TR,conv-33-turn-0.txt,"Merhabalar, yeni bir kredi kartı aldım da şifre istiyorum.","Merhabalar, yeni bir kredi kartı aldım da şifre istiyorum.",merhabalar yeni bir kredi kartı aldım da şifre istiyorum
tr-TR,conv-33-turn-1.txt,Evet.,mhmm evet.,evet
tr-TR,conv-33-turn-10.txt,Tabii. 0 90 123 0 90 45 67.,Tabii 0.90 123 0.90 45 67.,tabii sıfır nokta doksan yüz yirmi üç sıfır nokta doksan kırk beş altmış yedi
tr-TR,conv-33-turn-11.txt,45 67.,"45, 67.",kırk beş altmış yedi
tr-TR,conv-33-turn-12.txt,Kartım teslim edildi ama? Şu an elimde.,kartım teslim edildi ama şu an elimde.,kartım teslim edildi ama şu an elimde
tr-TR,conv-33-turn-13.txt,Tabii.,tabii.,tabii
tr-TR,conv-33-turn-2.txt,Lütfen bir daha tekrar edebilir misiniz yavaş bir şekilde?,Lütfen bir daha tekrar edebilir misiniz yavaş bir şekilde?,lütfen bir daha tekrar edebilir misiniz yavaş bir şekilde
tr-TR,conv-33-turn-3.txt,"Evet, bekliyorum.","Evet, bekliyorum.",evet bekliyorum
tr-TR,conv-33-turn-4.txt,V M 8 9 0.,VM 890.,v m sekiz dokuz sıfır
tr-TR,conv-33-turn-5.txt,V M 8 9 0 4.,ZM sekiz dokuz sıfır dört.,z m sekiz dokuz sıfır dört
tr-TR,conv-33-turn-6.txt,Rica ederim.,ecaderim.,ecaderim
tr-TR,conv-33-turn-7.txt,Zeynep Arslan.,Zeynep Arslan.,zeynep arslan
tr-TR,conv-33-turn-8.txt,"Tabii. Zeynep nokta Arslan at, pardon çok özür dilerim tekrarlayacağım.",Tabii Zeynep Arslan et pardon çok özür dilerim tekrar edeceğim.,tabii zeynep arslan et pardon çok özür dilerim tekrar edeceğim
tr-TR,conv-33-turn-9.txt,Zeynep nokta Arslan at email nokta com.,Zeynep.arslan8@gmail.com,zeynep nokta arslan sekiz at gmail nokta com
tr-TR,conv-34-turn-0.txt,"Anna Hanım merhabalar, öncelikle teşekkür ediyorum. Ben kredi kartı limitinin artırılmasını talep ediyorum. Bu konuda yardımcı olabilir misiniz?",Anla Hanım Merhabalar. Öncelikle teşekkür ediyorum. Ben kredi kartı limitiminin artırılmasıını talep ediyorum. Bu konuda bana yardımcı olabilir misiniz?,anla hanım merhabalar öncelikle teşekkür ediyorum ben kredi kartı limitiminin artırılmasıını talep ediyorum bu konuda bana yardımcı olabilir misiniz
tr-TR,conv-34-turn-1.txt,"Bir saniye, notlarımı açıyorum.",Bir saniye notlarımı açıyorum.,bir saniye notlarımı açıyorum
tr-TR,conv-34-turn-10.txt,"Hayır e-posta adresimin sonu email nokta com, telefon numaramın sonu ise 45 67.","Hayır, e-posta adresimin sonu email.com. Telefon numaramın sonu ise 4567.",hayır e posta adresimin sonu email nokta com telefon numaramın sonu ise kırk beş altmış yedi
tr-TR,conv-34-turn-11.txt,Doğrudur.,Doğrudur.,doğrudur
tr-TR,conv-34-turn-12.txt,"Olur, gelsin.",Olur gelsin.,olur gelsin
tr-TR,conv-34-turn-13.txt,Teşekkür ediyorum Anna Hanım.,Teşekkür ediyorum anlayanım.,teşekkür ediyorum anlayanım
tr-TR,conv-34-turn-14.txt,İyi günler.,İyi günler.,iyi günler
tr-TR,conv-34-turn-2.txt,"Tamamdır, şu anda hazırım. Bana kodu okuyabilir misiniz?","Tamamdır, şuandır, şuanda hazırım. Bana kodu okuyabilir misiniz?",tamamdır şuandır şuanda hazırım bana kodu okuyabilir misiniz
tr-TR,conv-34-turn-3.txt,Lütfen kodlayarak söyler misiniz? Ben kaçırdım da.,Lütfen kodlayarak yazar mı söyler misiniz? Ben kaçırdım da.,lütfen kodlayarak yazar mı söyler misiniz ben kaçırdım da
tr-TR,conv-34-turn-4.txt,N D 2 7 2 2. Doğru mudur?,N D iki yedi iki iki doğru mudur?,n d iki yedi iki iki doğru mudur
tr-TR,conv-34-turn-5.txt,"Yani Niğde, Denizli, 2 7 2 2.",Yani Niye de Denizli 27 22.,niğde denizli yedi iki yedi iki iki
tr-TR,conv-34-turn-6.txt,Adım Zaynep.,Adım Zeynep.,adım zeynep
tr-TR,conv-34-turn-7.txt,Zaynep Arslan at email nokta com.,Zeynep Arslan at email nokta com.,zeynep arslan at email nokta com
tr-TR,conv-34-turn-8.txt,"Bir saniye, hemen veriyorum.",Bir saniye hemen veriyorum.,bir saniye hemen veriyorum
tr-TR,conv-34-turn-9.txt,"E-posta adresim, Zaynep nokta Arslan at email nokta com. Telefon numaram 0 123 0 90 45 67.",Eposta adresim zeynep.arslan@gmail.com. Telefon numaram sıfır yüz yirmi üç sıfır doksan kırk beş altmış yedi.,eposta adresim zeynep nokta arslan at gmail nokta com telefon numaram sıfır yüz yirmi üç sıfır doksan kırk beş altmış yedi
tr-TR,conv-35-turn-0.txt,"Anna Hanım merhabalar, öncelikle teşekkür ediyorum. Ben kartımı kaybettim, acaba bana yardımcı olabilir misiniz? Kartımı iptal ettirmem gerekiyor herhalde.",Anla Hanım merhabalar. Öncelikle teşekkür ediyorum. Ben kartımı kaybettim. Acaba bana yardımcı olabilir misiniz? Kartımı iptal etirmem gerekiyor herhalde.,anla hanım merhabalar öncelikle teşekkür ediyorum ben kartımı kaybettim acaba bana yardımcı olabilir misiniz kartımı iptal etirmem gerekiyor herhalde
tr-TR,conv-35-turn-1.txt,"Tabii, not alayım. Öncelikle notlarımı açayım bir saniye.",Tabii not alayım. Öncelikle notlarımı açayım bir saniye.,tabii not alayım öncelikle notlarımı açayım bir saniye
tr-TR,conv-35-turn-10.txt,Yok teşekkür ederim.,Yok teşekkür ederim.,yok teşekkür ederim
tr-TR,conv-35-turn-11.txt,"Teşekkürler, kolay gelsin.","Teşekkürler, kolay gelsin.",teşekkürler kolay gelsin
tr-TR,conv-35-turn-2.txt,Size yetişemedim. Tekrar eder misiniz?,Sizeye yetişemedim. Tekrar eder misiniz?,sizeye yetişemedim tekrar eder misiniz
tr-TR,conv-35-turn-3.txt,"Yalova, Manisa, 7 6 1 3 3. Doğru mudur?","Yalova, Manisa, yedi, altı, bir, üç, üç, doğru mudur?",yalova manisa yedi altı bir üç üç doğru mudur
tr-TR,conv-35-turn-4.txt,İsmim Zeynep Arslan.,İsmim Zeynep Arslan.,ismim zeynep arslan
tr-TR,conv-35-turn-5.txt,"E-posta adresim, Zeynep nokta Arslan at email nokta com.",Eposta adresim zeynep.arslan@gmail.com.,eposta adresim zeynep nokta arslan at gmail nokta com
tr-TR,conv-35-turn-6.txt,"Tabii, hemen ileteyim bir saniye. Telefon numaram artı 90 123 0 90 45 67.",Tabii hemen ileteyim bir saniye. Telefon numaram 691230904567.,tabii hemen ileteyim bir saniye telefon numaram altı dokuz bir iki üç sıfır dokuz sıfır dört beş altı yedi
tr-TR,conv-35-turn-7.txt,E-posta adresim ve numaramda yanlışlık var. E-posta adresim Zeynep nokta Arslan at email nokta com. Numaram ise 90 123 0 90 45 67.,Posta adresim ve numaramda yanlışlık var. Posta adresim zeynep.arslan@gmail.com. Numaram da 9120904567.,posta adresim ve numaramda yanlışlık var posta adresim zeynep nokta arslan at gmail nokta com numaram da doksan bir iki yüz dokuz sıfır dört yüz elli altı yedi
tr-TR,conv-35-turn-8.txt,"Evet, evet doğrudur.","Evet, evet doğrudur.",evet evet doğrudur
tr-TR,conv-35-turn-9.txt,Tamam bekliyorum.,Tamam bekliyorum sıkıntı.,tamam bekliyorum sıkıntı
tr-TR,conv-36-turn-0.txt,"Anna Hanım merhabalar. Şimdi şöyle, ben kredi kartıma dair ekstremin bir kopyasını istiyorum. Ya da ekstremin bir dökümünü istiyorum daha doğrusu.","Anna Hanım merhabalar. Şimdi şöyle, ben kredi kartıma dair ekstranın bir kopyasını istiyorum ya da ekstranın bir dökümünü istiyorum daha doğrusu.",anna hanım merhabalar şimdi ben kredi kartıma dair ekstranın bir kopyasını istiyorum ya da ekstranın bir dökümünü istiyorum daha doğrusu
tr-TR,conv-36-turn-1.txt,"Hazırım, bekliyorum.","Hazırım, bekliyorum.",hazırım bekliyorum
tr-TR,conv-36-turn-10.txt,"Sonu 67 ama tamam neyse, önemli değil.",Sona atılmışydı ama tamam neyse önemli değil.,sona atılmışydı ama tamam neyse önemli değil
tr-TR,conv-36-turn-11.txt,Yok çok teşekkür ederim.,Yok çok teşekkür ederim.,yok çok teşekkür ederim
tr-TR,conv-36-turn-12.txt,İyi günler.,İyi günler.,iyi günler
tr-TR,conv-36-turn-2.txt,Maalesef bu takip kodu çok karışık. Daha normal ve kodlayarak söyler misiniz acaba?,Maalesef bu takip kodu çok karışık. Daha normal ve kodlayarak söyler misiniz acaba?,maalesef bu takip kodu çok karışık daha normal ve kodlayarak söyler misiniz acaba
tr-TR,conv-36-turn-3.txt,"Ceyhan, Niğde 3 4 2. Doğru mudur?","Ceyhanli'de 3, 4, 2. Doğru mudur?",ceyhanli'de üç dört iki doğru mudur
tr-TR,conv-36-turn-4.txt,"Evet, doğru.",Evet doğru.,evet doğru
tr-TR,conv-36-turn-5.txt,Adım Zaynep Arslan.,Adım Zeynep Arslan.,adım zeynep arslan
tr-TR,conv-36-turn-6.txt,E-postam Zaynep nokta Arslan at email nokta com.,epostam zeynep.arslan@gmail.com,e postam zeynep nokta arslan at gmail nokta com
tr-TR,conv-36-turn-7.txt,"Tabii, hemen okuyorum. Telefon numaram artı 90 123 0 90 45 67.",Tabi hemen okuyorum. Telefon numaram artı doksan yüz yirmi üç sıfır doksan kırk beş altmış yedi.,tabi hemen okuyorum telefon numaram artı doksan yüz yirmi üç sıfır doksan kırk beş altmış yedi
tr-TR,conv-36-turn-8.txt,Telefon numaramda yanlışlık var. Artı 90 123 0 90 45 67.,Telefon numaramda yanlışlık var. Artı 90 123 090 45 67.,telefon numaramda yanlışlık var artı doksan bir iki üç sıfır doksan kırk beş altmış yedi
tr-TR,conv-36-turn-9.txt,Sonu 67. 65 değil.,"Sonu 67, 65 değil.",sonu altmış yedi altmış beş değil
tr-TR,conv-37-turn-0.txt,"Anna Hanım merhabalar. Ben son internet faturamın miktarını öğrenmek istiyorum. Acaba ödendi mi, ödenmedi mi, o konuda bilgi verebilir misiniz acaba?","Anneanne merhabalar. Ben son internet faturamın miktarını öğrenmek istiyorum. Acaba ödendi mi, ödenmedi mi? Onuda bir o konuda da bilgi verebilir misiniz acaba?",anneanne merhabalar ben son internet faturamın miktarını öğrenmek istiyorum acaba ödendi mi ödenmedi mi onu da bir o konuda da bilgi verebilir misiniz acaba
tr-TR,conv-37-turn-1.txt,Bekliyorum.,bekliyorum.,bekliyorum
tr-TR,conv-37-turn-10.txt,"Tabii. Atatürk Caddesi No 45 taksim 6, Kazım Karabekir Mahallesi, Üsküdar taksim İstanbul. Posta kodum 34 660 Türkiye.",Tabi Atatürk Caddesi No 45 Taksim 6 Kazım Karabekir Mahallesi Üsküdar Taksim İstanbul Posta kodum 34660 Türkiye.,tabi atatürk caddesi no kırk beş taksim altı kazım karabekir mahallesi üsküdar taksim istanbul posta kodum otuz dört altı yüz altmış türkiye
tr-TR,conv-37-turn-11.txt,Doğrudur.,doğrudur.,doğrudur
tr-TR,conv-37-turn-12.txt,"Olur, teşekkürler.",Olur teşekkürler.,olur teşekkürler
tr-TR,conv-37-turn-13.txt,Yok teşekkürler.,Yok teşekkürler.,yok teşekkürler
tr-TR,conv-37-turn-2.txt,Hayır alamadım çünkü araya İngilizce de serpiştirdiniz. Ben gayet Türkçe bir takip kodu alabilir miyim? Lütfen yavaşça.,Hayır alamadım çünkü araya ingilizce de serpiştirdiniz. Ben gayet Türkçe bir takip kodu alabilir miyim lütfen yavaşça.,hayır alamadım çünkü araya ingilizce de serpiştirdiniz ben gayet türkçe bir takip kodu alabilir miyim lütfen yavaşça
tr-TR,conv-37-turn-3.txt,"Jandarma, Ceyhan 1 9 9 5.",Jandarma Ceyhan 1995,jandarma ceyhan bin dokuz yüz doksan beş
tr-TR,conv-37-turn-4.txt,Adım Zaynep Arslan.,Adım Zeynep Arslan.,adım zeynep arslan
tr-TR,conv-37-turn-5.txt,E-posta adresim Zaynep nokta Arslan at email nokta com.,Eposta adresim zeynet.arslan@gmail.com.,eposta adresim zeynet nokta arslan at gmail nokta com
tr-TR,conv-37-turn-6.txt,"O zaman kodluyorum. Zonguldak, Adana, Yalova, Niğde, Edirne, Polatlı, nokta Adana, Rize, Sivas, Lüleburgaz, Adana, Niğde at email nokta com.","O zaman kodluyorum. Zonguldak Adana, Yalova, Niğde, Edirne, Polatlı. Nokta Adana, Rize, Sivas, Lüleburgaz, Adana, Niğde. Et email. Nokta com",o zaman kodluyorum zonguldak adana yalova niğde edirne polatlı nokta adana rize sivas lüleburgaz adana niğde et email nokta com
tr-TR,conv-37-turn-7.txt,Doğru.,Doğru.,doğru
tr-TR,conv-37-turn-8.txt,Telefon numaram artı 90 123 0 90 45 67.,Telefon numaram artı doksan yüz yirmi üç sıfır doksan kırk beş altmış yedi.,telefon numaram artı doksan yüz yirmi üç sıfır doksan kırk beş altmış yedi
tr-TR,conv-37-turn-9.txt,Hayır doğru değil. Artı 90 123 0 90 45 67.,"Hayır doğru değil. Artı 90, 123, 090, 45, 67.",hayır doğru değil artı doksan yüz yirmi üç sıfır doksan kırk beş altmış yedi
tr-TR,conv-38-turn-0.txt,Anna Hanım merhabalar. Ben kredi kartımdaki son kalan limitimi öğrenmek istiyorum. Yani kalan bakiyem nedir? Limite dair.,"Anne merhabalar, ben kredi kartımdaki son kalan limitimi öğrenmek istiyorum. Yani kalan bakiyem nedir, limitte dair?",anne merhabalar ben kredi kartımdaki son kalan limitimi öğrenmek istiyorum kalan bakiyem nedir limitte dair
tr-TR,conv-38-turn-1.txt,Evet isterim. Ancak birazcık yavaş okursanız sevinirim. Tamamen Türkçe harflerden oluşsun lütfen.,Evet isterim ancak birazcık yavaş okursanız sevinirim tamamen Türkçe harflerden oluşsun lütfen.,evet isterim ancak birazcık yavaş okursanız sevinirim tamamen türkçe harflerden oluşsun lütfen
tr-TR,conv-38-turn-10.txt,Yok teşekkür ederim o zaman. Kolay gelsin.,Yok teşekkür ederim o zaman kolay gelsin.,yok teşekkür ederim o zaman kolay gelsin
tr-TR,conv-38-turn-11.txt,"İyi günler, teşekkürler.",İyi günler teşekkürler.,iyi günler teşekkürler
tr-TR,conv-38-turn-2.txt,"Denizli, Ordu 0 6 8 0. Doğru mu?",Denizle ordu 0680 doğru mu?,denizle ordu sıfır altı sekiz sıfır doğru mu
tr-TR,conv-38-turn-3.txt,"Tabii, adım Zaynep Arslan.",Tabii adım Zeynep Arslan.,tabii adım zeynep arslan
tr-TR,conv-38-turn-4.txt,"Tabii, mailim Zaynep nokta Arslan at email nokta com.",Tabii mailim Zeynep.arslan@gmail.com,tabii mailim zeynep nokta arslan at gmail nokta com
tr-TR,conv-38-turn-5.txt,Telefon numaram artı 90 123 0 90 45 67.,Telefon numaram artı doksan yüz yirmi üç sıfır doksan kırk beş altmış yedi.,telefon numaram artı doksan yüz yirmi üç sıfır doksan kırk beş altmış yedi
tr-TR,conv-38-turn-6.txt,Hayır telefon numaram tamamen yanlış. Tekrar vereyim. Artı 90 123 0 90 45 67.,"Hayır, telefon numaram tamamen yanlış. Tekrar verip artı doksan yüz yirmi üç sıfır doksan kırk beş altmış yedi.",hayır telefon numaram tamamen yanlış tekrar verip artı doksan yüz yirmi üç sıfır doksan kırk beş altmış yedi
tr-TR,conv-38-turn-7.txt,Tamam.,Tamam.,tamam
tr-TR,conv-38-turn-8.txt,İşleniyor derken ne demek istediniz? Ben bakiyeyi öğrenmek istiyorum. Yani kalan limitin miktarı nedir?,İşleniyordur derken ne demek istediniz? Ben bakiyeyi öğrenmek istiyorum. Yani kalan limitin miktarı nedir?,işleniyordur derken ne demek istediniz ben bakiyeyi öğrenmek istiyorum kalan limitin miktarı nedir
tr-TR,conv-38-turn-9.txt,Olur. Olur tamam çok iyi olur.,"Olur, olur tamam çok iyi olur.",olur olur tamam çok iyi olur
tr-TR,conv-39-turn-0.txt,Anna Hanım merhabalar. Ben kredi kartında otomatik ödeme yapabilir miyim? Onu merak ettiğim için aradım.,Ana'nın merhabalar. Ben kredi kartımda otomatik ödeme yapabilir miyim? Onu merak ettiğim için aradım.,ananın merhabalar ben kredi kartımda otomatik ödeme yapabilir miyim onu merak ettiğim için aradım
tr-TR,conv-39-turn-1.txt,Olur ancak bana bir tane kod vermeyecek misiniz?,"Olur, ancak bana bir takip kodu vermeyecek misiniz?",olur ancak bana bir takip kodu vermeyecek misiniz
tr-TR,conv-39-turn-10.txt,Artı 90 123 0 90 45 67.,Artı doksan yüz yirmi üç sıfır doksan kırk beş altmış yedi.,artı doksan yüz yirmi üç sıfır doksan kırk beş altmış yedi
tr-TR,conv-39-turn-11.txt,Doğrudur.,Doğrudur.,doğrudur
tr-TR,conv-39-turn-12.txt,Yok teşekkür ederim. O zaman kolay gelsin.,Yok teşekkür ederim o zaman kolay gelsin.,yok teşekkür ederim o zaman kolay gelsin
tr-TR,conv-39-turn-2.txt,Tabii ki Anna.,Tabi dinliyorum.,tabi dinliyorum
tr-TR,conv-39-turn-3.txt,"Bursa, Van 1 1 3 5.",Bursa Van 1 1 3 5,bursa van bir bir üç beş
tr-TR,conv-39-turn-4.txt,Yalnız sizin.,Yalnız sizin.,yalnız sizin
tr-TR,conv-39-turn-5.txt,"Tabii ek bilgi alırım o zaman sizden, eğer aktarılıyorsa. Ben eğer otomatik ödeme yaparsam limitim yetmediği takdirde nasıl bir yol izlemeliyim?",Tabii ek bilgi alayım o zaman sizden eğer aktaramıyorsanız ben eğer otomatik ödeme yaparsam limitimin yetmediği takdirde nasıl bir şey yol izlemeliyim?,tabii ek bilgi alayım o zaman sizden eğer aktaramıyorsanız ben eğer otomatik ödeme yaparsam limitimin yetmediği takdirde nasıl bir yol izlemeliyim
tr-TR,conv-39-turn-6.txt,O zaman bana fatura bilgilerimi verebilir misiniz? Yani ekstre bilgileri.,O zaman bana fatura bilgilerime verebilir misiniz? Yani ekstra bilgileri.,o zaman bana fatura bilgilerime verebilir misiniz ekstra bilgileri
tr-TR,conv-39-turn-7.txt,İsmim Zaynep Arslan.,İsmin Zeynep Arslan.,ismim zeynep arslan
tr-TR,conv-39-turn-8.txt,E-posta adresim Zaynep nokta Arslan at email nokta com.,Eposta adresim zeynep.arslan@gmail.com,e posta adresim zeynep nokta arslan at gmail nokta com
tr-TR,conv-39-turn-9.txt,Zaynep nokta Arslan at email nokta com.,Zeynep.Arslan@e-mail.com,zeynep nokta arslan at e mail nokta com
tr-TR,conv-4-turn-0.txt,"Merhaba, kart limitimi artırmak istiyorum.",Merhaba kart limitimi arttırmak istiyorum.,merhaba kart limitimi arttırmak istiyorum
tr-TR,conv-4-turn-1.txt,"Tabii, okuyorum, dinliyorum.",Tabi okundı nerm.,tabi okundı nerm
tr-TR,conv-4-turn-10.txt,"Tabii, aktarabilirsiniz, teşekkür ederim.",Tabi aktarabilirsiniz. Teşekkür ederim.,tabii aktarabilirsiniz teşekkür ederim
tr-TR,conv-4-turn-11.txt,"Hayır, istemiyorum. İyi günler dilerim.","Hayır, temirım, iğnelerim.",hayır temirım iğnelerim
tr-TR,conv-4-turn-2.txt,C N 662. 6 6 2.,CNE altı yüz altı iki altı altı iki.,c n e altı yüz altı iki altı altı iki
tr-TR,conv-4-turn-3.txt,Ahmet nokta Arslan at email nokta com.,Ahmet Arslan at email.com,ahmet arslan at email nokta com
tr-TR,conv-4-turn-4.txt,Artı 90 123 0 90 45 67.,Artı doksan yüz yirmi üç sıfır doksan kırk beş altmış yedi.,artı doksan yüz yirmi üç sıfır doksan kırk beş altmış yedi
tr-TR,conv-4-turn-5.txt,"Evet, onaylıyorum.",Evet onaylıyorum.,evet onaylıyorum
tr-TR,conv-4-turn-6.txt,Ne zaman bildirim göndereceksiniz siz? Anlayamadım.,Ne zaman bildirim göndereceksiniz anlayamadım.,ne zaman bildirim göndereceksiniz anlayamadım
tr-TR,conv-4-turn-7.txt,"Tamam gönderebilirsiniz, bekliyorum.",Tamam gönderebilirsiniz bekliyorum.,tamam gönderebilirsiniz bekliyorum
tr-TR,conv-4-turn-8.txt,"Evet, onay aldım. İşlem tamamlandı mı şimdi?",Evet onayladım işlem tamamlandı mı şimdi?,evet onayladım işlem tamamlandı mı şimdi
tr-TR,conv-4-turn-9.txt,Limit artışım ne kadar oldu acaba? Ben anlayamadım da.,Limit tartışması ne kadar oldu acaba ben anlayamadım da.,limit tartışması ne kadar oldu acaba ben anlayamadım da
tr-TR,conv-40-turn-0.txt,"Anna merhaba. Daha önce bir talebim olmuştu, onun için arıyorum. Şu ana kadar gerçekleşmedi çünkü.",Anla Merhaba. Daha önce bir talebin olmuştu. Onu ilk olarak alıyorum. Henüz şu ana kadar gerçekleşmedi çünkü.,anla merhaba daha önce bir talebin olmuştu onu ilk olarak alıyorum henüz şu ana kadar gerçekleşmedi çünkü
tr-TR,conv-40-turn-1.txt,Anna kredi kartımın limitini artırmak istiyorum.,Anla kare kartımı dümüten atmak istiyorum.,anla kare kartımı dümüten atmak istiyorum
tr-TR,conv-40-turn-10.txt,Tamam.,tamam.,tamam
tr-TR,conv-40-turn-11.txt,"Email daha vermedin, email vereyim ben sana. Ahmet nokta Arslan A R S L A N at email nokta com.",Email vermedin tekrar email veriyim daha sonra Ahmet nokta aslan arsdaaneetemail.com,email vermedin tekrar email veriyim daha sonra ahmet nokta aslan arsdaaneetemail com
tr-TR,conv-40-turn-12.txt,"Hayır yanlış yazdın. Tamamen yanlış almışsın, tekrar söylüyorum, harf harf kodluyorum. Adana, Hatay, Muğla, Edirne, Trabzon nokta Adana, Rize, Samsun, Lüleburgaz, Adana, Niğde at email nokta com.","Hay, hay yanlış aldım. Tamamen yanlış aldım. Tekrar söyleyeyim. Hayfer kodluyorum. Adana, Hatay, Muğla, Edirne, Trabzon. Nokta Adana, Rize, Samtun, Düzce, Adana, Nide. Et. Email. Nokta com",hay hay yanlış aldım tamamen yanlış aldım tekrar söyleyeyim hayfer kodluyorum adana hatay muğla edirne trabzon nokta adana rize samtun düzce adana nide et email nokta com
tr-TR,conv-40-turn-13.txt,"Sonu Gmail değil email, G yok. Sadece email nokta com.","Sonu gmail değil, email, g yok, sade email. dot com.",sonu gmail değil email g yok sade email nokta com
tr-TR,conv-40-turn-14.txt,"Doğrudur, evet.",olmaz.,olmaz
tr-TR,conv-40-turn-15.txt,Yazıyor musun? Artı 90 123.,Yazıyor musun? Artı doksan yüz yirmi,yazıyor musun artı doksan yüz yirmi
tr-TR,conv-40-turn-16.txt,Hayır baştan söylüyorum beni kesmeden dinle lütfen. Artı 90 123 0 90 45 67.,Hay baştan söylüyorum ben kesmeden dinlediysen artı doksan yüz yirmi üç sıfır doksan kırk beş altmış yedi,hay baştan söylüyorum ben kesmeden dinlediysen artı doksan yüz yirmi üç sıfır doksan kırk beş altmış yedi
tr-TR,conv-40-turn-17.txt,"Doğrudur, onaylıyorum.",Doğrudur onaylıyorum.,doğrudur onaylıyorum
tr-TR,conv-40-turn-18.txt,"Tamam, gönderebilirsin.",Tamam gönderilebilirsin.,tamam gönderilebilirsin
tr-TR,conv-40-turn-19.txt,"Evet, onayladım.",Evet onayladım.,evet onayladım
tr-TR,conv-40-turn-2.txt,"Yazıyorum, söyleyin lütfen.",Yazıyorum. Söyleyin lütfen.,yazıyorum söyleyin lütfen
tr-TR,conv-40-turn-20.txt,"Anna, bana şu kodu tekrar verir misin? Kodlar çünkü ilk başta E N dedin sonra E A dedin. Kodu tekrar bana söyler misin yavaşça?","Anla, bana şu kod teka verir misin? Kodda çünkü ilk başta E N dedin, sonra E A dedin. Kod teka bana söyler misin yavaşça?",anla bana şu kod teka verir misin kodda çünkü ilk başta e n dedin sonra e a dedin kod teka bana söyler misin yavaşça
tr-TR,conv-40-turn-21.txt,Not aldım evet. Anna bir nokta daha var. Bir şey istiyorum senden.,Not aldım evet anla bir nokta daha var bir şey daha istiyorum senden.,not aldım evet anla bir nokta daha var bir daha istiyorum senden
tr-TR,conv-40-turn-22.txt,"Daha önce hesap ekstresi istemiştim, aylık. İstediğim şu ana kadar gelmedi, bana gönderebilir misin hesap ekstresini?",Daha önce hesap eksiksiz demiştim aylık henüz şu ana kadar gelmedi bana gönderebilir misiniz hesap eksiksizini?,daha önce hesap eksiksiz demiştim aylık henüz şu ana kadar gelmedi bana gönderebilir misiniz hesap eksiksizini
tr-TR,conv-40-turn-23.txt,"Şu an itibari ile yok, teşekkür ederim.",Şu an ihtimalli yok teşekkür ediyorum.,şu an ihtimalli yok teşekkür ediyorum
tr-TR,conv-40-turn-24.txt,"İyi çalışmalar diliyorum, kolay gelsin.","İşe oturma diyoruz, kolay gelsin.",işe oturma diyoruz kolay gelsin
tr-TR,conv-40-turn-25.txt,"İyi çalışmalar, kolay gelsin.",bir şey olmak olacak.,bir olmak olacak
tr-TR,conv-40-turn-3.txt,"Siz tekrar edin, ben alamadım, not alamadım.","çiste kaydi ben alamadım, notalamadım.",çiste kaydi ben alamadım notalamadım
tr-TR,conv-40-turn-4.txt,"Not alamadım, tekrar eder misin lütfen? Ama Türkçe söyle, İngilizce değil.","Not alamadın tekrar eder misin lütfen? Ama Türkçe söyledi, İngilizce değil.",not alamadın tekrar eder misin lütfen ama türkçe söyledi ingilizce değil
tr-TR,conv-40-turn-5.txt,"Evet okuyorum, E N 7 0 6 8.","Evet okuyorum. E, N, Yedi, Sıfır, Altı, Sekiz.",evet okuyorum e n yedi sıfır altı sekiz
tr-TR,conv-40-turn-6.txt,"Tamam, adım Ahmet Arslan.",Tamam. Adım Ahmet Aslan.,tamam adım ahmet aslan
tr-TR,conv-40-turn-7.txt,Ahmet nokta Arslan at email nokta com.,Ahmet nokta Aslan et email nokta com,ahmet nokta aslan et email nokta com
tr-TR,conv-40-turn-8.txt,"Hayır, Gmail değil email. Email olarak yazacaksın. Email nokta com.","Hay, Gmail değil, email, email numarası yazacaksın, email nokta com.",hay gmail değil email email numarası yazacaksın email nokta com
tr-TR,conv-40-turn-9.txt,"Ahmet nokta Arslan, A R S L A N at email nokta com.",Ahmet. Aslan. Arsdane. Et. Email. Com,ahmet aslan arsdane et email com
tr-TR,conv-41-turn-0.txt,Anna merhaba.,Anla merhaba.,anla merhaba
tr-TR,conv-41-turn-1.txt,Duyabiliyor musun beni?,Du ya bir yem sun beni.,du ya bir yem sun beni
tr-TR,conv-41-turn-10.txt,"Tabii, artı 90.",Tabii 69.,tabii altmış dokuz
tr-TR,conv-41-turn-11.txt,"Tamam, dinlersen söyleyeceğim Anna. Artı 90 123 0 90 45 67.",Tamam dinlensin paylaşacağım ondan 69 123 090 45 67.,tamam dinlensin paylaşacağım ondan altmış dokuz yüz yirmi üç sıfır doksan kırk beş altmış yedi
tr-TR,conv-41-turn-12.txt,"Evet, doğrudur Anna.","Evet, doğrudur ana.",evet doğrudur ana
tr-TR,conv-41-turn-13.txt,Kredi kartı limit artışı istiyorum.,Ne yapmak demi tartışmak istiyorum.,ne yapmak demi tartışmak istiyorum
tr-TR,conv-41-turn-14.txt,Hayır Anna. İptal etmek için bir şey yok. Sadece kredi kartı aylık harcama limitimi artırmak istiyorum.,Hayır ana itirat etmek istediğim bir şey yok. Sadece kredi kartı aylık harcama limiti arttırmak istiyorum.,hayır ana itirat etmek istediğim bir şey yok sadece kredi kartı aylık harcama limiti arttırmak istiyorum
tr-TR,conv-41-turn-15.txt,Doğru evet.,Doğru evet.,doğru evet
tr-TR,conv-41-turn-2.txt,Tamam. Kredi kartı ile ilgili bir limit artışı talebim var. Onu yapmak istiyorum. Yardımcı olur musun bana?,Tamam. Kredi kartım ile ilgili bir iki mi tartışma isteği var. Onu yapmak istiyorum. Yardımcı olur musun bana?,tamam kredi kartım ile ilgili bir iki mi tartışma isteği var onu yapmak istiyorum yardımcı olur musun bana
tr-TR,conv-41-turn-3.txt,Öncelikle bana bir kredi kartı limit artışı yapmak istiyorum ama öncelikle bana bir numaramı verir misin? Takip numaranı?,Önceki bana bir kredi kartı gibi tartışma yapmak yapmak istiyorum ama önceki bana bir numaramı verir misin takip numaramı?,önceki bana bir kredi kartı gibi tartışma yapmak yapmak istiyorum ama önceki bana bir numaramı verir misin takip numaramı
tr-TR,conv-41-turn-4.txt,Hazırım söyleyin lütfen.,Hazırım söyle. Lütfen.,hazırım söyle lütfen
tr-TR,conv-41-turn-5.txt,Türkçe söyler misin lütfen?,Türkçe söyler misin lütfen?,türkçe söyler misin lütfen
tr-TR,conv-41-turn-6.txt,K G mi K B mi?,Kg mi kb mi?,k g mi k b mi
tr-TR,conv-41-turn-7.txt,Koddan.,oldu.,oldu
tr-TR,conv-41-turn-8.txt,Adım Ahmet Arslan.,Adım Ahmet Arslan.,adım ahmet arslan
tr-TR,conv-41-turn-9.txt,Ahmet nokta Arslan at email nokta com.,Ahmet.arslan@gmail.com,ahmet nokta arslan at gmail nokta com
tr-TR,conv-42-turn-0.txt,"Anna merhaba. Sistemleriniz zayıf, zor ulaşıyorum. Ulaşmak kolay değil size.",anda merhaba sistemleriniz zayıf zor ulaşıyorum ulaşmak kolay değil size.,anda merhaba sistemleriniz zayıf zor ulaşıyorum ulaşmak kolay değil size
tr-TR,conv-42-turn-1.txt,"Anna, hesap ekstresi istiyorum. Son seneni, 2024 yılının ocak aralık arasındaki hesap ekstresini istiyorum.",Anlayısa bekis ses istiyorum. Son senenin 2024 yılının Ocak-Aralık arasında kesap bekis ses istiyorum.,anlayısa bekis ses istiyorum son senenin iki bin yirmi dört yılının ocak aralık arasında kesap bekis ses istiyorum
tr-TR,conv-42-turn-10.txt,Yazıyor musun Anna?,Yazıyor musun anne?,yazıyor musun anne
tr-TR,conv-42-turn-11.txt,Tamam. Atatürk Caddesi.,Ata Türkiye'de si.,ata türkiyede si
tr-TR,conv-42-turn-12.txt,Hayır beni dinle. Tam olarak söylemem lazım. Beni sonuna kadar dinle. Adresimi tekrar söylüyorum Anna.,"Hayır beni dinle son, tam olarak söylemem lazım. Beni son dakika dinle. Adresimi tekrar söylerim anla.",hayır beni dinle son tam olarak söylemem lazım beni son dakika dinle adresimi tekrar söylerim anla
tr-TR,conv-42-turn-13.txt,"Tamam. Beni kesmeden dinle. Atatürk Caddesi numara 45 taksim 6, Kazım Karabekir Mahallesi, Üsküdar, İstanbul.","Tamam, beni kesmeden dinle. Atatürk Caddesi, Numara 45 Taksim Altı, Kazım Karabekir Mahallesi, Üsküdar, İstanbul.",tamam beni kesmeden dinle atatürk caddesi numara kırk beş taksim altı kazım karabekir mahallesi üsküdar istanbul
tr-TR,conv-42-turn-14.txt,"Doğru. Posta kodunu eklemek istiyorum, 34 660 Türkiye.",Doğru. Posta kodunu eklemek istiyorum. 34 660 Türkiye.,doğru posta kodunu eklemek istiyorum otuz dört altı yüz altmış türkiye
tr-TR,conv-42-turn-15.txt,"Anna, kredi kartımın limitini artırmak istiyorum.","Anla, kredi kartımda limitimi artırmak istiyorum.",anla kredi kartımda limitimi artırmak istiyorum
tr-TR,conv-42-turn-16.txt,Aldım. Onaylıyorum.,aldım onaylıyorum.,aldım onaylıyorum
tr-TR,conv-42-turn-17.txt,"Anna, son transferinde biraz gecikme olmuştu. Son transferimi bir gösterir misin? Bana email gönderir misin son transferin detaylarını?",Anla son transferimde biraz gecikme olmuştu. Son transferimi göz atar mısın? Bana email gönderebilir misin? Son transferim detaylarını.,anla son transferimde biraz gecikme olmuştu son transferimi göz atar mısın bana email gönderebilir misin son transferim detaylarını
tr-TR,conv-42-turn-18.txt,Hayır teşekkür ederim. Daha sonra ararım Anna.,Hayır teşekkür ederim daha sonra ararım onu.,hayır teşekkür ederim daha sonra ararım onu
tr-TR,conv-42-turn-19.txt,Kolay gelsin.,kolay gelsin.,kolay gelsin
tr-TR,conv-42-turn-2.txt,"Anna, öyle değil. Tekrar söylüyorum. 2024 yılı için ocak aralık ayları arasındaki hesap ekstremi istiyorum.",Anla öyle değil. 2024 tekrar söylüyorum. 2024 yılı için Ocak Aralık aylar arasında kesişebek istemiyorum.,anla öyle değil iki bin yirmi dört tekrar söylüyorum iki bin yirmi dört yılı için ocak aralık aylar arasında kesişebek istemiyorum
tr-TR,conv-42-turn-3.txt,Lütfen verin. Oku.,Lütfen verin oku.,lütfen verin oku
tr-TR,conv-42-turn-4.txt,"Takip kodum E V 4 4 8 1, doğru mu?",Takip kodum EV4481 doğru mu?,takip kodum e v dört dört sekiz bir doğru mu
tr-TR,conv-42-turn-5.txt,"İsmim Ahmet Arslan, Anna.",İsmim Ahmet Arıçsan Ana.,ismim ahmet arıçsan ana
tr-TR,conv-42-turn-6.txt,"Hayır yanlış söyledin, adım Ahmet Arslan.",Hayır yanlış söyledin. Adım Ahmet Aslan.,hayır yanlış söyledin adım ahmet aslan
tr-TR,conv-42-turn-7.txt,Evet.,Evet.,evet
tr-TR,conv-42-turn-8.txt,Ahmet nokta Arslan at email nokta com.,Ahmet.Arslan@email.com,ahmet nokta arslan at email nokta com
tr-TR,conv-42-turn-9.txt,Artı 90 123 0 90 45 67.,"Artı doksan, yüz yirmi üç, sıfır doksan, kırk beş, altmış yedi.",artı doksan bir yüz yirmi üç sıfır doksan kırk beş altmış yedi
tr-TR,conv-43-turn-0.txt,Merhaba.,Merhaba.,merhaba
tr-TR,conv-43-turn-1.txt,Banka kartımın süresi geçmek üzere Anna. Bana yeni bir kart gönderebilir misin?,Banka kartımın sözleşmek üzere ana. Bana yeni kart gönderebilir misin?,banka kartımın sözleşmek üzere ana bana yeni kart gönderebilir misin
tr-TR,conv-43-turn-10.txt,"Doğru evet, sonunda.",Doğru evet sonunda.,doğru evet sonunda
tr-TR,conv-43-turn-11.txt,Telefon numaramı söylüyorum. Artı 90 123 0 90 45 67.,Telefon numaramı söylüyorum artı doksan yüz yirmi üç sıfır doksan kırk beş altmış yedi.,telefon numaramı söylüyorum artı doksan yüz yirmi üç sıfır doksan kırk beş altmış yedi
tr-TR,conv-43-turn-12.txt,"Hayır, yanlış. Tekrar söylüyorum, tane tane söylüyorum. İyi dinle beni. Artı 90 123 0 90 45 67.","Hayır, yanlış. Tekrar söylüyorum, tane tane söylüyorum. İdin e beni. Artı doksan, yüz yirmi üç, sıfır doksan, kırk beş altmış yedi.",hayır yanlış tekrar söylüyorum tane tane söylüyorum idin e beni artı doksan yüz yirmi üç sıfır doksan kırk beş altmış yedi
tr-TR,conv-43-turn-13.txt,"Hayır, sonu 67.","Hayır, son 67.",hayır sonu altmış yedi
tr-TR,conv-43-turn-14.txt,"Hayır, tekrar baştan söylüyorum yazar mısın? Artı 90, tekrar dinle beni.","Hayır, tekrar baştan söylüyorum. Yazar mısın? Artı doksan. Tek tekrar dinleyin.",hayır tekrar baştan söylüyorum yazar mısın artı doksan tek tekrar dinleyin
tr-TR,conv-43-turn-15.txt,Artı 90.,69.,altmış dokuz
tr-TR,conv-43-turn-16.txt,Artı 90 123 45. Pardon tekrar söylüyorum. Artı 90 123 0 90 45 67.,"Artı 90, 123, 45. Pardon, tekrar söylüyorum. Artı 90, 123, 090, 45, 67.",artı doksan 123 kırk beş pardon tekrar söylüyorum artı doksan 123 sıfır doksan kırk beş altmış yedi
tr-TR,conv-43-turn-17.txt,"Hayır tamamen yanlış kaydettin. Tekrar söyleyeceğim Anna. Tekrar söylüyorum, dinle. Artı 90 123 0 90 45 67.","Hayır tamamen yanlış hak ettin. Tekrar söyleyeceğim anla, tekrar söyleyeceğim dinle. Artı 90, 123, 090, 45-67.",hayır tamamen yanlış hak ettin tekrar söyleyeceğim anla tekrar söyleyeceğim dinle artı doksan bir yüz yirmi üç sıfır doksan kırk beş altmış yedi
tr-TR,conv-43-turn-18.txt,"Şimdi doğru, evet.",Şimdi doğru evet.,şimdi doğru evet
tr-TR,conv-43-turn-19.txt,"Evet, ben hesap ekstresi istiyorum. Bana 2023 yılının hesap ekstresini gönderir misin?",Evet var hesabı eksiksiz istiyorum. Bana 2023 yılı hesabı eksiksiz gönderir misin?,evet var hesabı eksiksiz istiyorum bana iki bin yirmi üç yılı hesabı eksiksiz gönderir misin
tr-TR,conv-43-turn-2.txt,Takip kodunu tekrar söyler misin?,Takip kodu tekrar söyler misin?,takip kodu tekrar söyler misin
tr-TR,conv-43-turn-20.txt,Bana 2023 yılının hesap ekstresini gönderebilir misin?,Bana 2023 yılın hesap eklerini gönderebilir misin?,bana iki bin yirmi üç yılın hesap eklerini gönderebilir misin
tr-TR,conv-43-turn-21.txt,Hayır daha sonra tekrar ararım ben. Teşekkür ederim.,"Hayır, daha sonra tekrar ederim. Teşekkür ederim.",hayır daha sonra tekrar ederim teşekkür ederim
tr-TR,conv-43-turn-22.txt,Teşekkür ederim.,Bir çeşit.,bir çeşit
tr-TR,conv-43-turn-3.txt,"Anna, bana takip kodunu tekrar söyle, yazamadım. Tek tek söyle, tane tane.",Anla ben takip edin tekrar söyle yazamadım tek tek söyle tane tane.,anla ben takip edin tekrar söyle yazamadım tek tek söyle tane tane
tr-TR,conv-43-turn-4.txt,Ahmet Arslan adım.,"Evet, Ahmet Arslan adım.",ahmet arslan adım
tr-TR,conv-43-turn-5.txt,"Doğru anladın, adım Ahmet Arslan.",Doğuran adın adım Ahmet Aslan.,doğuran adın adım ahmet aslan
tr-TR,conv-43-turn-6.txt,"Tabii söylüyorum, yazarsan. Ahmet nokta Arslan at email nokta com.","Tabi söylüyorum, yazarsan Ahmet nokta aslan etimail nokta com",tabi söylüyorum yazarsan ahmet nokta aslan etimail nokta com
tr-TR,conv-43-turn-7.txt,"Hayır, yanlış tamamen. Tekrar söylüyorum kaydet. Ahmet nokta Arslan at email nokta com.",Hayır yanlış tamam bir de tekrar söylüyorum kaydet Ahmet nokta Arslan et email nokta com,hayır yanlış tamam bir de tekrar söylüyorum kaydet ahmet nokta arslan et email nokta com
tr-TR,conv-43-turn-8.txt,"Söylüyorum, heceleyerek söylüyorum. Ahmet nokta Arslan at email nokta com.","Söylüyorum, heyecanlı söylüyorum. Ahmet nokta aslan et email nokta com",söylüyorum heyecanlı söylüyorum ahmet nokta aslan et email nokta com
tr-TR,conv-43-turn-9.txt,"Hayır, tekrar söylüyorum. Ahmet nokta Arslan at email nokta com.",Hayır tekrar söylüyorum Ahmet nokta aslan et email nokta com,hayır tekrar söylüyorum ahmet nokta aslan et email nokta com
tr-TR,conv-44-turn-0.txt,Selam Anna.,Selam ana.,selam ana
tr-TR,conv-44-turn-1.txt,Galiba kredi kartım hacklendi.,Galiba kredi kartım heklen.,galiba kredi kartım heklen
tr-TR,conv-44-turn-10.txt,Bugün 1000 TL'lik bir işlem yapılmış ama bunu ben yapmadım.,Bugün bin TL lik bir işlem yapılmış ama bunu ben yapmadım.,bugün bin tl lik bir işlem yapılmış ama bunu ben yapmadım
tr-TR,conv-44-turn-11.txt,Birisi kasaptan alışveriş yapmış.,Birisi kasaptan alışveriş yapmış.,birisi kasaptan alışveriş yapmış
tr-TR,conv-44-turn-12.txt,Takip kodunu tekrar söyler misin?,Takip kodunu tekrar söyler misin?,takip kodunu tekrar söyler misin
tr-TR,conv-44-turn-13.txt,Tekrar ediyorum.,Tekrar ediyorum.,tekrar ediyorum
tr-TR,conv-44-turn-14.txt,G H 0 4 1 2 3 4 5 6.,G H 0 4 1 2 3 4 5 6.,g h sıfır dört bir iki üç dört beş altı
tr-TR,conv-44-turn-15.txt,"Evet, lütfen.",Evet lütfen.,evet lütfen
tr-TR,conv-44-turn-16.txt,"Hayır Anna, iyi günler.","Hayır anne, iyi günler.",hayır anne iyi günler
tr-TR,conv-44-turn-2.txt,Tabii.,tabi.,tabii
tr-TR,conv-44-turn-3.txt,"Evet, dinliyorum.",Evet dinliyorum.,evet dinliyorum
tr-TR,conv-44-turn-4.txt,Tekrar ediyorum.,Tekrar ediyorum.,tekrar ediyorum
tr-TR,conv-44-turn-5.txt,Benim adım Zaynep Arslan.,Benim adım Zeynep Arsan.,benim adım zeynep arsan
tr-TR,conv-44-turn-6.txt,Söylüyorum.,Söylüyorum.,söylüyorum
tr-TR,conv-44-turn-7.txt,Zaynep nokta Arslan at email nokta com.,Zeynet.Arslan@e-mail.com,zeynet nokta arslan at e mail nokta com
tr-TR,conv-44-turn-8.txt,1 2 3 0 90 45 67.,Bir iki üç sıfır doksan kırk beş altmış yedi.,bir iki üç sıfır doksan kırk beş altmış yedi
tr-TR,conv-44-turn-9.txt,Evet.,Evet.,evet
tr-TR,conv-45-turn-0.txt,Kredi kartı harcamalarından daha fazla bonus kazanmak istiyorum.,Kredi kartı harcamalarından daha fazla bonus kazanmak istiyorum.,kredi kartı harcamalarından daha fazla bonus kazanmak istiyorum
tr-TR,conv-45-turn-1.txt,Başlat.,Başlangıç.,başlangıç
tr-TR,conv-45-turn-10.txt,Onayladım.,Onayladım.,onayladım
tr-TR,conv-45-turn-11.txt,"Takip numaram C N 9 9 5 9'du, değil mi?",Takip numaram C N dokuz dokuz beş dokuzdu değil mi?,takip numaram c n dokuz dokuz beş dokuzdu değil mi
tr-TR,conv-45-turn-12.txt,"Teşekkürler, iyi günler.","Teşekkürler, iyi günler.",teşekkürler iyi günler
tr-TR,conv-45-turn-2.txt,Evet.,Evet.,evet
tr-TR,conv-45-turn-3.txt,C N 9 9 5 9.,C N dokuz dokuz beş dokuz.,c n dokuz dokuz beş dokuz
tr-TR,conv-45-turn-4.txt,Benim adım Zeynep Arslan.,Benim adım Zeynep Arslan.,benim adım zeynep arslan
tr-TR,conv-45-turn-5.txt,Zeynep nokta Arslan at email nokta com.,Zeynep.Arslan@gmail.com,zeynep nokta arslan at gmail nokta com
tr-TR,conv-45-turn-6.txt,Hayır değil.,"Hayır, değil.",hayır değil
tr-TR,conv-45-turn-7.txt,Zeynep nokta Arslan at email nokta com.,Zeynep.Arslan@email.com,zeynep nokta arslan at email nokta com
tr-TR,conv-45-turn-8.txt,1 2 3 0 90 45 67.,Bir iki üç sıfır doksan kırk beş altmış yedi.,bir iki üç sıfır doksan kırk beş altmış yedi
tr-TR,conv-45-turn-9.txt,Evet.,Evet.,evet
tr-TR,conv-46-turn-0.txt,Kredi kartı limitimi artırmak istiyorum Anna.,Kredi kartı limitimi arttırmak istiyorum Anna.,kredi kartı limitimi arttırmak istiyorum anna
tr-TR,conv-46-turn-1.txt,Dinliyorum.,Dinliyorum.,dinliyorum
tr-TR,conv-46-turn-2.txt,Tekrarlıyorum.,Tekrarlıyorum.,tekrarlıyorum
tr-TR,conv-46-turn-3.txt,Benim adım Ahmet Arslan.,Benim adım Ahmet Arslan.,benim adım ahmet arslan
tr-TR,conv-46-turn-4.txt,Ahmet nokta Arslan at email nokta com.,Ahmet.Arslan@e-mail.com,ahmet nokta arslan at email nokta com
tr-TR,conv-46-turn-5.txt,1 2 3 0 90 45 67.,1 2 3 0 90 45 67.,bir iki üç sıfır doksan kırk beş altmış yedi
tr-TR,conv-46-turn-6.txt,Telefon numaramın sonu 67.,Telefon numaramın sonu 67.,telefon numaramın sonu altmış yedi
tr-TR,conv-46-turn-7.txt,Bildirim onaylandı.,Bildirim onaylandı.,bildirim onaylandı
tr-TR,conv-46-turn-8.txt,Takip numarasını söyler misin?,Takip numarasını söyler misin?,takip numarasını söyler misin
tr-TR,conv-46-turn-9.txt,Teşekkürler Anna.,Deşekliler ana.,deşekliler ana
tr-TR,conv-47-turn-0.txt,ATM kartımı yırttı.,ATM kartımı yırttı.,atm kartımı yırttı
tr-TR,conv-47-turn-1.txt,Dinliyorum.,Dinliyorum.,dinliyorum
tr-TR,conv-47-turn-10.txt,Doğru Anna.,Doğru anne.,doğru anne
tr-TR,conv-47-turn-11.txt,Takip kodunu tekrar et.,Takip kodunu tekrar et.,takip kodunu tekrar et
tr-TR,conv-47-turn-12.txt,"Hayır yok, teşekkürler.",Hayır yok. Teşekkürler.,hayır yok teşekkürler
tr-TR,conv-47-turn-2.txt,E A 7 9 5 4 6 7 8 0.,E A yedi dokuz beş dört altı yedi sekiz sıfır.,e a yedi dokuz beş dört altı yedi sekiz sıfır
tr-TR,conv-47-turn-3.txt,Hayır.,Hayır.,hayır
tr-TR,conv-47-turn-4.txt,Hayır ama devam et.,Hayır ama devam et.,hayır ama devam et
tr-TR,conv-47-turn-5.txt,Ahmet Arslan.,Ahmet Arslan.,ahmet arslan
tr-TR,conv-47-turn-6.txt,Ahmet nokta Arslan at email nokta com.,Ahmet Arslan at email.com,ahmet arslan at email nokta com
tr-TR,conv-47-turn-7.txt,Doğru.,dol.,dolar
tr-TR,conv-47-turn-8.txt,Söylüyorum.,Söylüyorum.,söylüyorum
tr-TR,conv-47-turn-9.txt,1 2 3 0 9 0 45 67.,Bir iki üç sıfır dokuz sıfır kırk beş altmış yedi.,bir iki üç sıfır dokuz sıfır kırk beş altmış yedi
tr-TR,conv-48-turn-0.txt,Merhaba.,Merhaba.,merhaba
tr-TR,conv-48-turn-1.txt,Adres değişikliği yapmak istiyorum.,Adres değişikliği yapmak istiyorum.,adres değişikliği yapmak istiyorum
tr-TR,conv-48-turn-10.txt,Onayladım.,Onayladım.,onayladım
tr-TR,conv-48-turn-11.txt,"Takip kodum A P 0 6 49'du, değil mi?",Takip kodum AP sıfır altı kırk dokuzdu değil mi?,takip kodum a p sıfır altı kırk dokuzdu değil mi
tr-TR,conv-48-turn-12.txt,Çok teşekkürler Anna.,Çok teşekkürler ana. Bay.,çok teşekkürler ana bay
tr-TR,conv-48-turn-13.txt,Yok.,Yok.,yok
tr-TR,conv-48-turn-2.txt,Banka bilgilerimde mevcut adresimi değiştirmek istiyorum.,Banka bilgilerimde mevcut adresimi değiştirmek istiyorum.,banka bilgilerimde mevcut adresimi değiştirmek istiyorum
tr-TR,conv-48-turn-3.txt,Dinliyorum.,Dinliyorum.,dinliyorum
tr-TR,conv-48-turn-4.txt,A P 0 6 4 9.,A P sıfır altı dört dokuz.,a p sıfır altı dört dokuz
tr-TR,conv-48-turn-5.txt,Benim adım Ahmet Arslan.,Benim adım Ahmet Arslan.,benim adım ahmet arslan
tr-TR,conv-48-turn-6.txt,Ahmet nokta Arslan at email nokta com.,Ahmet Arslan at email.com,ahmet arslan at email nokta com
tr-TR,conv-48-turn-7.txt,1 2 3 0 90 45 67.,bir iki üç sıfır doksan kırk beş altmış yedi.,bir iki üç sıfır doksan kırk beş altmış yedi
tr-TR,conv-48-turn-8.txt,Atatürk Caddesi No 45.,Atatürk Caddesi No. 45.,atatürk caddesi no kırk beş
tr-TR,conv-48-turn-9.txt,Tekrar et ve onaylayalım.,Tekrar et ve onaylayalım.,tekrar et ve onaylayalım
tr-TR,conv-49-turn-0.txt,Yeni bir kredi kartı istiyorum.,Yeni bir kredi kartı istiyorum.,yeni bir kredi kartı istiyorum
tr-TR,conv-49-turn-1.txt,Tekrar et.,teklif et.,teklif et
tr-TR,conv-49-turn-2.txt,Benim adım Ahmet Arslan.,Benim adım Ahmet Arslan.,benim adım ahmet arslan
tr-TR,conv-49-turn-3.txt,Ahmet nokta Arslan at email nokta com.,Ahmet nokta Arslan at email nokta com,ahmet nokta arslan at email nokta com
tr-TR,conv-49-turn-4.txt,0 1 2 3 0 90 45 67.,"0.123, 0.945, 67.",sıfır virgül bir iki üç sıfır virgül dokuz dört beş altmış yedi
tr-TR,conv-49-turn-5.txt,"Evet Anna, bilgilerim doğru.","Evet ana, bilgilerim doğru.",evet ana bilgilerim doğru
tr-TR,conv-49-turn-6.txt,Takip numaramı tekrar et.,Takip numaramı tekrar et.,takip numaramı tekrar et
tr-TR,conv-49-turn-7.txt,Teşekkürler Anna.,Teşekkürler ana.,teşekkürler ana
tr-TR,conv-49-turn-8.txt,İyi günler.,İyi günler.,iyi günler
tr-TR,conv-5-turn-0.txt,"Merhaba, faturamın bir kopyasına ihtiyacım var da yardımcı olabilir misiniz acaba?","Merhaba, fatura mın bir kopyasına ihtiyacım vardı. Yardımcı olabilir misiniz acaba?",merhaba faturamın bir kopyasına ihtiyacım vardı yardımcı olabilir misiniz acaba
tr-TR,conv-5-turn-1.txt,"C N 9 6 9, doğru mudur?",Cn969 doğru mudur?,c n dokuz altı dokuz doğru mudur
tr-TR,conv-5-turn-10.txt,"Teşekkür ederim, iyi günler.",Teşekkür ederim. İyi günler.,teşekkür ederim iyi günler
tr-TR,conv-5-turn-11.txt,"Ha bu arada, kapatmadan önce şeyi soracağım. Fatura ne zaman e-posta adresime ulaşacak?",Ha bu arada kapatmadan önce şey soracağım faturu ne zaman Apple sahnesine ulaşacak?,ha bu arada kapatmadan önce soracağım faturu ne zaman apple sahnesine ulaşacak
tr-TR,conv-5-turn-12.txt,"E-posta adresime erişimim şu sıralar yok da, yani farklı bir metot var mı acaba bana fatura göndermeniz için?",Ya e-posta adresime erişimemiş sorular yok da yani farklı bir metod var mı acaba bana fatura göndermeniz için?,e posta adresime erişimemiş sorular yok da farklı bir metod var mı acaba bana fatura göndermeniz için
tr-TR,conv-5-turn-13.txt,"Evet, istiyorum lütfen.",Evet istiyorum lütfen.,evet istiyorum lütfen
tr-TR,conv-5-turn-14.txt,"Anladım. Anladım teşekkür ederim. Başka bir konuda yardımcı olmanıza gerek yok, iyi günler dilerim.","Anladım, anladım teşekkür ederim. Başka bir konuda yardımcı olmamıza gerek yok. İyi günler dilerim.",anladım anladım teşekkür ederim başka bir konuda yardımcı olmamıza gerek yok iyi günler dilerim
tr-TR,conv-5-turn-2.txt,C N 9 9 5.,JN 995.,j n dokuz dokuz beş
tr-TR,conv-5-turn-3.txt,Ahmet Arslan.,Ahmet Arslan.,ahmet arslan
tr-TR,conv-5-turn-4.txt,Ahmet nokta Arslan at email nokta com.,Ahmet Arslan et email.com,ahmet arslan et email nokta com
tr-TR,conv-5-turn-5.txt,Artı 90 123 0 90 45 67.,Artı doksan yüz yirmi üç sıfır doksan kırk beş altmış yedi.,artı doksan yüz yirmi üç sıfır doksan kırk beş altmış yedi
tr-TR,conv-5-turn-6.txt,45 68 yerine sondaki rakam 8 yerine 7 yaparsanız her şey doğru olacak.,45 45 68 yerine sondaki rakamı 8 yerine yeri yaparsanız her şey doğru olacak.,kırk beş kırk beş altmış sekiz yerine sondaki rakamı sekiz yerine yeri yaparsanız her şey doğru olacak
tr-TR,conv-5-turn-7.txt,Söylediğiniz doğruydu sadece son harfi 7 olarak değiştirin lütfen.,"Söylediğiniz doğruydu, sadece son harfi 7 olarak değiştirin lütfen.",söylediğiniz doğruydu sadece son harfi yedi olarak değiştirin lütfen
tr-TR,conv-5-turn-8.txt,"Atatürk Caddesi numara 45 bölü 6, Kazım Karabekir Mahallesi, Üsküdar, İstanbul. 36660 Türkiye.","Atatürk Caddesi, Numara 45/6, Kazım Karabekir Mahallesi, Üsküdar, İstanbul, 36.660, Türkiye.",atatürk caddesi numara kırk beş bölü altı kazım karabekir mahallesi üsküdar istanbul otuz altı bin altı yüz altmış türkiye
tr-TR,conv-5-turn-9.txt,"Yok, iletirseniz sevinirim.",Yok illetirseniz sevinirim.,yok illetirseniz sevinirim
tr-TR,conv-6-turn-0.txt,"Merhaba, yedek kart çıkartmak istiyorum da yardımcı olabilir misiniz?","Merhaba, yedek kitap çıkatmak istiyorum da yardımcı olabilir misiniz?",merhaba yedek kitap çıkatmak istiyorum da yardımcı olabilir misiniz
tr-TR,conv-6-turn-1.txt,Banka kartı. Yedek bir banka kartım olsun istiyorum.,"Banka Kartı, Yedekli Banka Kartı olmasını istiyorum.",banka kartı yedekli banka kartı olmasını istiyorum
tr-TR,conv-6-turn-10.txt,"Evet, aktarırsanız sevinirim.","Evet, aktarırsanız sevinirim.",evet aktarırsanız sevinirim
tr-TR,conv-6-turn-11.txt,"Başka türlü yardımcı olmanıza gerek yok. Teşekkür ederim, iyi günler dilerim.",Başka bir türlü yardımcı olmamızda gerekiyor. Teşekkür ederim. İyi günler dilerim.,başka bir türlü yardımcı olmamızda gerekiyor teşekkür ederim iyi günler dilerim
tr-TR,conv-6-turn-2.txt,Evet hazırım lütfen söyleyin. Evet hazırım.,Evet hazırım. Lütfen söyleyin. Evet hazırım.,evet hazırım lütfen söyleyin evet hazırım
tr-TR,conv-6-turn-3.txt,C N 9 8 9.,Cn dokuz sekiz dokuz.,c n dokuz sekiz dokuz
tr-TR,conv-6-turn-4.txt,Adım Ahmet Arslan. E-posta adresim Ahmet nokta Arslan at email nokta com. Telefon numaram artı 90 123 0 90 45 67.,"Adım Ahmet Arslan, posta adresim ahmet.arslan@gmail.com, telefon numaram +90 123 090 4567.",adım ahmet arslan posta adresim ahmet nokta arslan at gmail nokta com telefon numaram artı doksan bir iki üç sıfır doksan dört beş altmış yedi
tr-TR,conv-6-turn-5.txt,"Yok, bilgiler doğru.",Büyük bilgiler doğru.,büyük bilgiler doğru
tr-TR,conv-6-turn-6.txt,"Evet, ben zaten onun için aramıştım.",evet zaten onun için aramıştım,evet zaten onun için aramıştım
tr-TR,conv-6-turn-7.txt,Yedek kartımın ana karttan farkı nedir peki?,Yedek kartın anakarttan farkı nedir peki?,yedek kartın anakarttan farkı nedir peki
tr-TR,conv-6-turn-8.txt,Başvuru sürecinde herhangi bir sorun olursa kime ulaşmam gerekiyor?,Başvuru sürecinde herhangi bir sorun olursa kime ulaşmamı gerekiyor?,başvuru sürecinde herhangi bir sorun olursa kime ulaşmamı gerekiyor
tr-TR,conv-6-turn-9.txt,Yedek kartla ana kartın bir farkı var mıdır acaba? Onu siz bilebiliyor musunuz?,Yedek kartla ana kartın bir farkı var mıdır acaba? Bunu siz bile biliyor musunuz?,yedek kartla ana kartın bir farkı var mıdır acaba bunu siz bile biliyor musunuz
tr-TR,conv-7-turn-0.txt,"Merhaba, kredi kartımın limitimi artırmak istiyorum da yardımcı olabilir misiniz?","Merhaba, kredi kartımın limitini arttırmak istedim de, yardımcı olabilir misiniz?",merhaba kredi kartımın limitini arttırmak istedim de yardımcı olabilir misiniz
tr-TR,conv-7-turn-1.txt,"Evet, limit artışı yapmak istiyorum.","Evet, limit tartışmak istiyorum.",evet limit tartışmak istiyorum
tr-TR,conv-7-turn-10.txt,Bildirimi gönderirseniz eğer işleme hemen devam edebilirim.,Bildirimi gönderirseniz eğer işleme ben devam edebilirim.,bildirimi gönderirseniz eğer işleme ben devam edebilirim
tr-TR,conv-7-turn-11.txt,Ne gibi konularda yardımcı olabilirsiniz siz başka?,Ne gibi konularda yardımcı olabilirsiniz başka?,ne gibi konularda yardımcı olabilirsiniz başka
tr-TR,conv-7-turn-2.txt,C N 1 1 0. Doğru mudur?,C N bir bir sıfır doğrudur.,c n bir bir sıfır doğrudur
tr-TR,conv-7-turn-3.txt,C N 1 1 0. Doğru mudur?,C N B B sıfır doğrudur.,c n b b sıfır doğrudur
tr-TR,conv-7-turn-4.txt,Takip kodu C N 1 1 0. Doğru mudur?,Takip kodu C N bir bir sıfır doğru mudur?,takip kodu c n bir bir sıfır doğru mudur
tr-TR,conv-7-turn-5.txt,İsmim Ahmet Arslan.,İsmim Ahmet Arslan.,ismim ahmet arslan
tr-TR,conv-7-turn-6.txt,Ahmet nokta Arslan at email nokta com.,Ahmet Arslan et email.com,ahmet arslan et email nokta com
tr-TR,conv-7-turn-7.txt,Artı 90 123 0 90 45 67.,Artı doksan yüz yirmi üç sıfır doksan kırk beş altmış yedi.,artı doksan yüz yirmi üç sıfır doksan kırk beş altmış yedi
tr-TR,conv-7-turn-8.txt,Evet doğrudur.,"Evet, doğrudur.",evet doğrudur
tr-TR,conv-7-turn-9.txt,Bildirimi gönderirseniz hemen onaylayacağım şimdi.,Bildirimi gönderseniz hemen onu alacağım şimdi.,bildirimi gönderseniz hemen onu alacağım şimdi
tr-TR,conv-8-turn-0.txt,"Merhaba, benim bir kredi kartım var ancak limiti yetersiz. Şimdi yeni bir alışveriş yapmak istiyorum bu yüzden limitini artırmak istiyorum.","Merhaba. Benim bir kredi kartım var, ancak limiti yetersiz. Şimdi yeni bir alışveriş yapmak istiyorum, bu yüzden limitini arttırmak istiyorum.",merhaba benim bir kredi kartım var ancak limiti yetersiz şimdi yeni bir alışveriş yapmak istiyorum bu yüzden limitini arttırmak istiyorum
tr-TR,conv-8-turn-1.txt,S N 707.,CN 707.,c n yedi yüz yedi
tr-TR,conv-8-turn-10.txt,Tabii. Artı 90 123 0 90 45 67.,"Tabi artı 90, 123, 090, 45, 67.",tabi artı doksan yüz yirmi üç sıfır doksan kırk beş altmış yedi
tr-TR,conv-8-turn-11.txt,"Hayır, adımı sadece soyadımı söylediniz. Adımı söylemediniz. Ve emaili de yanlış söylediniz.","Hayır adım sadece soyadımı söylediniz, adımı söylemediniz ve imeli de yanlış söylediniz.",hayır adım sadece soyadımı söylediniz adımı söylemediniz ve imeli de yanlış söylediniz
tr-TR,conv-8-turn-12.txt,Tabii. Adım Zaynep soyadım Arslan.,"Tabi. Adım Zainet, soyadım Arslan.",tabi adım zainet soyadım arslan
tr-TR,conv-8-turn-13.txt,Hayır.,baş.,baş
tr-TR,conv-8-turn-14.txt,Zaynep nokta Arslan at email nokta com.,Zeynep.Arslan@e-mail.com,zeynep nokta arslan at e mail nokta com
tr-TR,conv-8-turn-15.txt,Artı 90 123 0 90 45 67.,Artı doksan yüz yirmi üç sıfır doksan kırk beş altmış yedi.,artı doksan yüz yirmi üç sıfır doksan kırk beş altmış yedi
tr-TR,conv-8-turn-16.txt,"Adımın son harfi yanlış. Ben Zaynep, P ile. Pırasanın P'si ile söyledim, siz bana T'li söylediniz. Zaynep. Email ile aynı şekilde Zaynep olacak.",Adımın son harfi yanlış. Ben Zeynep T ile Prasanın P'siyle söyledim. Siz bana T'li söylediniz. Zeynep emailde de aynı şekilde Zeynep olacak.,adımın son harfi yanlış ben zeynep t ile pırasanın psiyle söyledim siz bana tli söylediniz zeynep emailde de aynı şekilde zeynep olacak
tr-TR,conv-8-turn-17.txt,"Hayır adım yine yanlış oldu. Adımı ben kodlamak istiyorum. Zaynep, Z A Y N E P ya da Türkçe olarak kodlayayım, Zonguldak, Adana, Yozgat, Niğde, Edirne, pırasa.","Hayır, adım yine yanlış oldu. Adımı ben kodlamak istiyorum. Zaynep, Z A Y N E P ya da Türkçe olarak kodlayayım. Zonguldak, Adana, Yozgat, Niğde, Edirne, Prasa.",hayır adım yine yanlış oldu adımı ben kodlamak istiyorum zaynep z a y n e p ya da türkçe olarak kodlayayım zonguldak adana yozgat niğde edirne pırasa
tr-TR,conv-8-turn-18.txt,"Tabii. E-posta adresimi kodluyorum. Zonguldak, pardon tekrar başlıyorum. Zonguldak, Adana, Yozgat, Niğde, Edirne, pırasa nokta Adana, Rize, Samsun, Lüleburgaz, Adana, Niğde at işareti, daha sonra Edirne, Manisa, Adana, İstanbul, Lüleburgaz nokta Ceyhan, Ordu, Manisa.","Tabi. E-posta adresimi kodluyorum. Zonguldak. Zonguldak. Tekrar başlıyorum. Zonguldak, Adana, Yozgat, Niğde, Edirne, Prasa. Nokta. Adana, Rize, Samsun, Lüleburgaz, Adana, Niğde. Et işareti. Daha sonra Edirne, Manisa, Adana, İstanbul, Lüleburgaz. Nokta. Ceyhan, Ordu, Manisa.",tabi e posta adresimi kodluyorum zonguldak zonguldak tekrar başlıyorum zonguldak adana yozgat niğde edirne prasa nokta adana rize samsun lüleburgaz adana niğde et işareti daha sonra edirne manisa adana istanbul lüleburgaz nokta ceyhan ordu manisa
tr-TR,conv-8-turn-19.txt,Hayır yine yanlış oldu çünkü Zeynep değil Zaynep olacak başı.,"Hayır, yine yanlış oldu. Çünkü Zeynep değil Zaynep olacak başı.",hayır yine yanlış oldu çünkü zeynep değil zaynep olacak başı
tr-TR,conv-8-turn-2.txt,"Pardon S N 707 dedim ben size, tekrar söyler misiniz kodu?","700 pardon, SN 707 dedim ben siz. Tekrar söyler misiniz kodu?",yedi yüz pardon s n yedi yüz yedi dedim ben siz tekrar söyler misiniz kodu
tr-TR,conv-8-turn-20.txt,Hayır email adresi yine yanlış oldu.,"Hayır, yahiy, İmvey radisi yine yanlış oldu.",hayır yahiy imvey radisi yine yanlış oldu
tr-TR,conv-8-turn-21.txt,"Evet. Tekrar kodluyorum. Zonguldak, Adana, Yozgat, Niğde, Edirne, pırasa nokta Arslan at.","Evet, tekrar kodlayalım. Zonguldak, Adana, Yozgat, Niğde, Edirne, Prasa. Nokta Arslan. Et",evet tekrar kodlayalım zonguldak adana yozgat niğde edirne prasa nokta arslan et
tr-TR,conv-8-turn-22.txt,"Edirne, Manisa, Adana, İstanbul, Lüleburgaz nokta Ceyhan, Ordu, Manisa.","Edirne, Manisa, Adana, İstanbul, Lüleburgaz . Ceyhan, Ordu, Manisa.",edirne manisa adana istanbul luleburgaz nokta ceyhan ordu manisa
tr-TR,conv-8-turn-23.txt,Hayır yine yanlış. Zeynep diyorsunuz halbuki adım Zaynep. Z'den sonra A harfi var. E harfi değil.,"Hayır, yine yanlış. Zeynep diyoruzsunsun. Halbuki adım Zaynet. Z'den sonra A harfi var, E harfi değil.",hayır yine yanlış zeynep diyoruzsunsun halbuki adım zaynet z den sonra a harfi var e harfi değil
tr-TR,conv-8-turn-24.txt,Hayır. Yine yanlış oldu.,"Hayır, yine yanlış oldu.",hayır yine yanlış oldu
tr-TR,conv-8-turn-25.txt,Tabii. Z A Y N E P nokta A R S L A N.,Tabii. Z a y n e p nokta a r s l a n.,tabii z a y n e p nokta a r s l a n
tr-TR,conv-8-turn-26.txt,"İkinci harfi hep yanlış söylüyorsunuz. İkinci harfim A olacak, Z'den sonra A var, E değil.","İkinci harf hep yanlış. İkinci harfim A olacak. Z'den sonra A var, E değil. Zay nept.",ikinci harf hep yanlış ikinci harfim a olacak zden sonra a var e değil zay nept
tr-TR,conv-8-turn-27.txt,Hayır yine yanlış. Çünkü Zaynep. Altıncı harfimi siz T olarak söylediniz halbuki P. Altıncı harf pırasanın P'si.,"Hayır yine yanlış. Çünkü zainet altıncı harfimiz siz T olarak söylediniz, halbuki P altıncı harf prasanın P'si.",hayır yine yanlış çünkü zainet altıncı harfimiz siz t olarak söylediniz halbuki p altıncı harf prasanın psi
tr-TR,conv-8-turn-28.txt,Yanlış maalesef yine yanlış. Ben size defalarca söyledim ama yine anlayamadınız.,Yanlış maalesef yine yanlış. Ben size defalarca söyledim ama yine anlayamadınız.,yanlış maalesef yine yanlış ben size defalarca söyledim ama yine anlayamadınız
tr-TR,conv-8-turn-29.txt,Tabii kodluyorum. Z A Y N E P nokta A R S L A N at işareti E M A İ L nokta C O M.,"Tabii, kodliyorum. Z A Y N E T nokta A R S L A N et işareti E M A I L nokta C O M",tabii kodliyorum z a y n e t nokta a r s l a n et işareti e m a i l nokta c o m
tr-TR,conv-8-turn-3.txt,C N 720.,C N yedi yüz yirmi.,c n yedi yüz yirmi
tr-TR,conv-8-turn-30.txt,"Hayır değil, yine değil. Z'den sonraki harf A. E değil.",Hayır değil yine değil. Z'den sonraki harf A E değil.,hayır değil yine değil zden sonraki harf a e değil
tr-TR,conv-8-turn-31.txt,Hayır yine yanlış. Zaynep. Beşinci harf A değil E olacak.,Hayır yine yanlış. Zainet beşinci harf A değil E olacak.,hayır yine yanlış zainet beşinci harf a değil e olacak
tr-TR,conv-8-turn-32.txt,"Hayır değil. Yine ikinci harf ısrarla E diyorsunuz ikinci harf E değil, A.",Hayır değil. Yine ikinci harf ısrarla E diyorsunuz. İkinci harf E değil A.,hayır değil yine ikinci harf ısrarla e diyorsunuz ikinci harf e değil a
tr-TR,conv-8-turn-33.txt,"Hayır yanlış, Zeynep değil, Zaynep.",Hayır yanlış Zeynep değil Zaynet.,hayır yanlış zeynep değil zaynet
tr-TR,conv-8-turn-34.txt,"Evet şimdi oldu, evet şimdi doğru.",Evet şimdi doğru. Evet şimdi doğru.,evet şimdi doğru evet şimdi doğru
tr-TR,conv-8-turn-35.txt,Evet.,Evet.,evet
tr-TR,conv-8-turn-36.txt,Tamam hazırım.,"Tamam, hazırım.",tamam hazırım
tr-TR,conv-8-turn-37.txt,Evet açtım onayladım.,Evet açtım onayladım.,evet açtım onayladım
tr-TR,conv-8-turn-38.txt,Yok hayır teşekkür ederim.,"Yok, hayır, teşekkür ederim.",yok hayır teşekkür ederim
tr-TR,conv-8-turn-4.txt,Hayır yanlış. Siz bana demin C N 720 dediniz.,Hayır yanlış yanlış Siz bana demin C N E yedi yüz yirmi dediniz.,hayır yanlış yanlış siz bana demin c n e yedi yüz yirmi dediniz
tr-TR,conv-8-turn-5.txt,C N 720.,C N yedi yüz yirmi.,c n yedi yüz yirmi
tr-TR,conv-8-turn-6.txt,C N 720.,C N yedi yüz yirmi.,c n yedi yüz yirmi
tr-TR,conv-8-turn-7.txt,"Evet, devam edebilirsiniz.",Evet devam edebilirsiniz.,evet devam edebilirsiniz
tr-TR,conv-8-turn-8.txt,Zaynep Arslan.,Zeynet Arslan.,zeynet arslan
tr-TR,conv-8-turn-9.txt,Tabii. Zaynep nokta Arslan at email nokta com.,Tabi. Zeynep.arslan@gmail.com,tabi zeynep nokta arslan at gmail nokta com
tr-TR,conv-9-turn-0.txt,Merhaba. Ben en son kredi kartı ekstremin bir örneğini almak istiyorum.,"Merhaba, ben en son kredi kartı ekstremi ekstremin bir örneğini almak istiyorum.",merhaba ben en son kredi kartı ekstremi ekstremin bir örneğini almak istiyorum
tr-TR,conv-9-turn-1.txt,"Tamam. Buyurun, buyurun evet.","Tamam. Durun, evet. Evet.",tamam durun evet evet
tr-TR,conv-9-turn-10.txt,"Soyadımda bir harfi eksik yazdınız zannedersem. Arslan olacak, R harfi de var.",Soyadımda bir harfe eksik yazdığınızda ne dersem Arslan olacak. R harfi de var.,soyadımda bir harfe eksik yazdığınızda ne dersem arslan olacak r harfi de var
tr-TR,conv-9-turn-11.txt,"Tabii. Atatürk Caddesi No 45 taksim 6, Kazım Karabekir Mahallesi, Üsküdar, İstanbul. 34 660 Türkiye.",Tabi Atatürk Caddesi No 45 Taksim 6 Kazım Karabekir Mahallesi Üsküdar İstanbul 34660 Türkiye,tabi atatürk caddesi no kırk beş taksim altı kazım karabekir mahallesi üsküdar istanbul otuz dört altı yüz altmış türkiye
tr-TR,conv-9-turn-12.txt,Numara yanlış oldu. Atatürk Caddesi No 45 taksim 6. Yani 45 bölü 6 olacak.,Numara yanlış oldu. Ataturk Cad. No 45 Taksim Altı yani 45 bölü altı olacak.,numara yanlış oldu atatürk caddesi no kırk beş taksim altı kırk beş bölü altı olacak
tr-TR,conv-9-turn-13.txt,Posta kodu yanlış oldu. Posta kodunu tekrar söylüyorum. 34 660.,Posta kodu yanlış oldu. Posta kodunu tekrar söylüyorum. 34 660,posta kodu yanlış oldu posta kodunu tekrar söylüyorum otuz dört altı yüz altmış
tr-TR,conv-9-turn-14.txt,Hayır pardon bir dakika. Posta kodu yanlış oldu tekrar.,ay pardon bir dakika posta kodu yanlış oldu tekrar.,ay pardon bir dakika posta kodu yanlış oldu tekrar
tr-TR,conv-9-turn-15.txt,Tabii. Tek tek söyleyeyim isterseniz daha iyi olur. 3 4 6 6 0.,"Tabi tek tek söyleyeyim isterseniz daha iyi olur. 3, 4, 6, 6, 0.",tabi tek tek söyleyeyim isterseniz daha iyi olur üç dört altı altı sıfır
tr-TR,conv-9-turn-16.txt,"Hayır, teşekkür ederim.","Hayır, teşekkür ederim.",hayır teşekkür ederim
tr-TR,conv-9-turn-17.txt,"İyi günler, sağ olun.","İyi günler, sağ olun.",iyi günler sağ olun
tr-TR,conv-9-turn-2.txt,C N 0 242.,C N sıfır iki yüz kırk iki.,c n sıfır iki yüz kırk iki
tr-TR,conv-9-turn-3.txt,Ahmet Arslan.,Ahmet Arslan.,ahmet arslan
tr-TR,conv-9-turn-4.txt,Ahmet nokta Arslan at email nokta com.,Ahmet Arslan et email.com,ahmet arslan at email nokta com
tr-TR,conv-9-turn-5.txt,"Hayır yanlış, e-posta adresim, evet.","Hayır ya, eposta değil, evet.",hayır eposta değil evet
tr-TR,conv-9-turn-6.txt,"Yalnız öncelikle e-posta adresimi yanlış söylediniz, onu tekrar düzeltmem gerekiyor.","Yalnız öncelikle e-posta adresimi yanlış söylediniz, onu tekrar düzeltmem gerekiyor.",yalnız öncelikle e posta adresimi yanlış söylediniz onu tekrar düzeltmem gerekiyor
tr-TR,conv-9-turn-7.txt,Tabii. Ahmet nokta Arslan at email nokta com.,Ahmet nokta Arslan at email nokta com,ahmet nokta arslan at email nokta com
tr-TR,conv-9-turn-8.txt,Yalnız e-posta adresimde bir noktayı eksik söylediniz. Ahmet ile Arslan arasında nokta olacak.,Yalnız e-posta adresimde bir noktayı eksik söylediniz. Ahmet ile Arstan arasında nokta olacak.,yalnız e posta adresimde bir noktayı eksik söylediniz ahmet ile arstan arasında nokta olacak
tr-TR,conv-9-turn-9.txt,Tabii. Artı 90 123 0 90 45 67.,"Tabi artı 90, 123, 090, 45, 67.",tabii artı doksan yüz yirmi üç sıfır doksan kırk beş altmış yedi
vi-VN,conv-0-turn-0.txt,Tôi muốn được gia tăng hạn mức thẻ tín dụng.,tôi muốn được gia tăng hạn mức thẻ tín dụng,tôi muốn được gia tăng hạn mức thẻ tín dụng
vi-VN,conv-0-turn-1.txt,Sẵn sàng.,sẵn sàng.,sẵn sàng
vi-VN,conv-0-turn-10.txt,Số điện thoại chưa chính xác. Số điện thoại chưa chính xác.,"số điện thoại chưa chính xác, số điện thoại chưa chính xác.",số điện thoại chưa chính xác số điện thoại chưa chính xác
vi-VN,conv-0-turn-11.txt,Số điện thoại chính xác là cộng 84 9 1 1 2 3 4 5 6 7 8.,số điện thoại chính xác là cộng tám mươi bốn chín một một hai ba bốn năm sáu bảy tám,số điện thoại chính xác là cộng tám mươi bốn chín một một hai ba bốn năm sáu bảy tám
vi-VN,conv-0-turn-12.txt,Không đúng! Không đúng! Số điện thoại sai.,không đúng không đúng số điện thoại sai,không đúng không đúng số điện thoại sai
vi-VN,conv-0-turn-13.txt,Số điện thoại.,chưa liên quan.,chưa liên quan
vi-VN,conv-0-turn-14.txt,Số điện thoại.,sodium,sodium
vi-VN,conv-0-turn-15.txt,Số là cộng 84 9 1 1 2 3 4 5 6 7 8.,số là tổng tám mươi bốn chín một một hai ba bốn năm sáu bảy tám,số là tổng tám mươi bốn chín một một hai ba bốn năm sáu bảy tám
vi-VN,conv-0-turn-16.txt,Không phải. Số điện thoại nghe chưa chính xác. Số điện thoại chính xác là cộng 84 1 2.,còn phải vui lòng số điện thoại nghe chưa chính xác số điện thoại chính xác là cộng tám mươi bốn một hai,còn phải vui lòng số điện thoại nghe chưa chính xác số điện thoại chính xác là cộng tám mươi bốn một hai
vi-VN,conv-0-turn-17.txt,Đọc lại lần nữa cộng 84 9 1 1 2 3 4 5 6 7 8.,đọc lại lần nữa cộng tám mươi bốn chín một một hai ba bốn năm sáu bảy tám,đọc lại lần nữa cộng tám mươi bốn chín một một hai ba bốn năm sáu bảy tám
vi-VN,conv-0-turn-18.txt,Số điện thoại sai. Số điện thoại sai.,"sót đi, phải sái, sót đi, phải sái.",sót đi phải sái sót đi phải sái
vi-VN,conv-0-turn-19.txt,Số điện thoại.,số điện thoại.,số điện thoại
vi-VN,conv-0-turn-2.txt,Đã sẵn sàng.,đã sẵn sàng.,đã sẵn sàng
vi-VN,conv-0-turn-20.txt,Số điện thoại là cộng.,số điện thoại là cộng,số điện thoại là cộng
vi-VN,conv-0-turn-21.txt,Số điện thoại là cộng 84 9 1 1 2 3 4 5 6 7 8.,số điện thoại là cộng tám mươi bốn chín một một hai ba bốn năm sáu bảy tám,số điện thoại là cộng tám mươi bốn chín một một hai ba bốn năm sáu bảy tám
vi-VN,conv-0-turn-22.txt,Không đúng. Không đúng. Không đúng. Không đúng. Nghe mấy lần rồi mà. Không đúng.,không đúng không đúng không đúng không đúng nghe mấy lần rồi mà không đúng,không đúng không đúng không đúng không đúng nghe mấy lần rồi mà không đúng
vi-VN,conv-0-turn-23.txt,Vui lòng nghe cho kĩ. Số điện thoại là cộng 84.,vui lòng nghe cho kỹ số điện thoại là chín tám mười bốn,vui lòng nghe cho kỹ số điện thoại là chín tám mười bốn
vi-VN,conv-0-turn-24.txt,9 1.,chín một,chín một
vi-VN,conv-0-turn-25.txt,9 1 1 2 3 4 5 6 7 8.,chín một một hai ba bốn năm sáu bảy tám,chín một một hai ba bốn năm sáu bảy tám
vi-VN,conv-0-turn-26.txt,Vui lòng nghe lại số điện thoại. Số điện thoại chưa chính xác.,vui lòng nghe lại số điện thoại số điện thoại chưa chính xác.,vui lòng nghe lại số điện thoại số điện thoại chưa chính xác
vi-VN,conv-0-turn-27.txt,Điện thoại chính xác là.,đừng hỏi chi xét là.,đừng hỏi chi xét là
vi-VN,conv-0-turn-28.txt,Số điện thoại là 84 9 1 1 2 3 4 5 6 7 8.,số điện thoại là tám bốn chín một một hai ba bốn năm sáu bảy tám,số điện thoại là tám bốn chín một một hai ba bốn năm sáu bảy tám
vi-VN,conv-0-turn-29.txt,Có. Có.,có có,có có
vi-VN,conv-0-turn-3.txt,C N 5 7 4.,CN năm bảy bốn.,c n năm bảy bốn
vi-VN,conv-0-turn-30.txt,Có. Vui lòng hướng dẫn ạ.,có vừa làm hướng dẫn này.,có vừa làm hướng dẫn này
vi-VN,conv-0-turn-31.txt,Vui lòng hướng dẫn giúp.,vui lòng hướng dẫn giúp,vui lòng hướng dẫn giúp
vi-VN,conv-0-turn-32.txt,Tôi muốn được xử lý nhanh.,tôi muốn được xử lý nhanh.,tôi muốn được xử lý nhanh
vi-VN,conv-0-turn-33.txt,Tôi cần tư vấn mở thêm một thẻ tín dụng khác.,tôi cần tư vấn mở thêm một thẻ tín dụng khác.,tôi cần tư vấn mở thêm một thẻ tín dụng khác
vi-VN,conv-0-turn-34.txt,Có.,có.,có
vi-VN,conv-0-turn-35.txt,Xin cảm ơn.,xin cảm ơn.,xin cảm ơn
vi-VN,conv-0-turn-4.txt,Tên đầy đủ là Trần Minh.,tên đầy đủ là Trần Minh.,tên đầy đủ là trần minh
vi-VN,conv-0-turn-5.txt,Email là minh chấm trần a còng email chấm com.,email là min chấm a cộng email chấm com,email là min chấm a cộng email chấm com
vi-VN,conv-0-turn-6.txt,Email chưa đúng.,email siêu đúng.,email siêu đúng
vi-VN,conv-0-turn-7.txt,Email chính xác là minh chấm trần a còng email chấm com.,email chính xác là minh chấm trần a cộng email chấm cơ.,email chính xác là minh chấm trần a cộng email chấm cơ
vi-VN,conv-0-turn-8.txt,Số điện thoại là cộng 84 9 1 1 2 3 4 5 6 7 8.,số điện thoại là cộng tám mươi bốn chín một một hai ba bốn năm sáu bảy tám,số điện thoại là cộng tám mươi bốn chín một một hai ba bốn năm sáu bảy tám
vi-VN,conv-0-turn-9.txt,Số điện thoại sai. Số điện thoại sai. Số điện thoại sai. Số điện thoại chính xác là cộng 84 9 1 1 2 3 4 5 6 7 8.,số điện thoại sai số điện thoại sai số điện thoại số điện thoại sai số điện thoại chính xác là cộng tám mươi bốn chín một một hai ba bốn năm sáu bảy tám,số điện thoại sai số điện thoại sai số điện thoại số điện thoại sai số điện thoại chính xác là cộng tám mươi bốn chín một một hai ba bốn năm sáu bảy tám
vi-VN,conv-1-turn-0.txt,Tôi muốn được xin gia tăng hạn mức thẻ tín dụng.,tôi muốn được xin gia tăng hạn mức thẻ tín dụng.,tôi muốn được xin gia tăng hạn mức thẻ tín dụng
vi-VN,conv-1-turn-1.txt,C N 2 6 6.,CN hai sáu sáu,c n hai sáu sáu
vi-VN,conv-1-turn-10.txt,OK. Tôi có cần phải chứng minh thu nhập hay là cung cấp phiếu lương để có thể được gia tăng hạn mức không?,"OK, tôi có cần phải chứng minh thu nhập hay là cung cấp phiếu lương để có thể được gia tăng hạn mức không?",okay tôi có cần phải chứng minh thu nhập hay là cung cấp phiếu lương để có thể được gia tăng hạn mức không
vi-VN,conv-1-turn-11.txt,OK.,ok.,okay
vi-VN,conv-1-turn-12.txt,Có. Xin cảm ơn.,ờ có xin cảm ơn.,có xin cảm ơn
vi-VN,conv-1-turn-2.txt,Tên đầy đủ là Trần.,tên đầy đủ là Trần.,tên đầy đủ là trần
vi-VN,conv-1-turn-3.txt,Tên đầy đủ là Trần Thu.,tên đầy đủ là trần thu,tên đầy đủ là trần thu
vi-VN,conv-1-turn-4.txt,Địa chỉ email là thu chấm trần a còng email chấm com.,địa chỉ email là thu chấm trần a cộng email chấm cơm,địa chỉ email là thu chấm trần a cộng email chấm cơm
vi-VN,conv-1-turn-5.txt,Địa chỉ email chỉ là thu chấm trần a còng email chấm com thôi.,địa chỉ email chỉ là thu chấm trần cộng email chấm cơm thôi.,địa chỉ email chỉ là thu chấm trần cộng email chấm cơm thôi
vi-VN,conv-1-turn-6.txt,Số điện thoại là cộng 84 9 1 1 2 3 4 5 6 7 8.,số điện thoại là cộng tám mươi bốn chín một một hai ba bốn năm sáu bảy tám,số điện thoại là cộng tám mươi bốn chín một một hai ba bốn năm sáu bảy tám
vi-VN,conv-1-turn-7.txt,Từ từ. Số điện thoại không chính xác. Số điện thoại nghe lại lần nữa nè. Số điện thoại là cộng 84 9 1 1 2 3 4 5 6 7 8.,số số tôi tôi tôi số điện thoại không mấy chính xác số điện thoại nghe lại lần nữa nè số điện thoại là cộng tám mươi bốn chín một một hai ba bốn năm sáu bảy tám,số số tôi tôi tôi số điện thoại không mấy chính xác số điện thoại nghe lại lần nữa nè số điện thoại là cộng tám mươi bốn chín một một hai ba bốn năm sáu bảy tám
vi-VN,conv-1-turn-8.txt,Chưa đúng. Số điện thoại chính xác của tôi là cộng 84 9 1 1 2 3 4 5 6 7 8.,chưa đúng số điện thoại chính xác của tôi là cộng tám mươi bốn chín một một hai ba bốn năm sáu bảy tám,chưa đúng số điện thoại chính xác của tôi là cộng tám mươi bốn chín một một hai ba bốn năm sáu bảy tám
vi-VN,conv-1-turn-9.txt,Sai. Phải là cộng 84 9 1 1 2 3 4 5 6 7 8.,sai phải là cộng tám mươi bốn chín một một hai ba bốn năm sáu bảy tám,sai phải là cộng tám mươi bốn chín một một hai ba bốn năm sáu bảy tám
vi-VN,conv-10-turn-0.txt,Tôi muốn hỏi về số theo dõi của cuộc gọi này.,Tôi muốn hỏi về số theo dõi của cuộc gọi này.,tôi muốn hỏi về số theo dõi của cuộc gọi này
vi-VN,conv-10-turn-1.txt,Nhận ngay bây giờ.,nghe bây giờ.,nghe bây giờ
vi-VN,conv-10-turn-2.txt,Tại sao lại không thể cung cấp?,tại sao lại không để cung cấp,tại sao lại không để cung cấp
vi-VN,conv-10-turn-3.txt,Trang web này là nền tảng như thế nào?,trang web này là nền tảng như thế nào,trang web này là nền tảng như thế nào
vi-VN,conv-10-turn-4.txt,Tôi chưa muốn chuyển.,tôi chưa muốn chuyển.,tôi chưa muốn chuyển
vi-VN,conv-10-turn-5.txt,Về dịch vụ thanh toán.,về dịch vụ thanh toán.,về dịch vụ thanh toán
vi-VN,conv-10-turn-6.txt,Phương thức thanh toán.,công thức thanh toán,công thức thanh toán
vi-VN,conv-10-turn-7.txt,Bạn có thể chuyển đến nhân viên chăm sóc khách hàng.,bạn có thể chuyển đến nhân viên chăm sóc khách hàng.,bạn có thể chuyển đến nhân viên chăm sóc khách hàng
vi-VN,conv-10-turn-8.txt,Tôi muốn hỏi về cách sử dụng YouTube.,tôi muốn hỏi về cách sử dụng YouTube.,tôi muốn hỏi về cách sử dụng youtube
vi-VN,conv-11-turn-0.txt,Xin chào. Tôi làm mất thẻ. Tôi xin cấp thẻ mới. Giờ muốn hỏi hiện tại khi nào chuẩn bị có?,xin chào tôi đây là tôi làm mất thẻ cái tôi xin cấp thẻ mới muốn hỏi coi là hiện tại khi nào chúng mình có,xin chào tôi đây là tôi làm mất thẻ cái tôi xin cấp thẻ mới muốn hỏi coi là hiện tại khi nào chúng mình có
vi-VN,conv-11-turn-1.txt,Xin vui lòng cho biết tình trạng thẻ hiện tại của tôi.,xin vui lòng cho biết tình trạng thể hiện tại của tôi.,xin vui lòng cho biết tình trạng thể hiện tại của tôi
vi-VN,conv-11-turn-10.txt,Cộng 84 9 1 1 2 3 4 5 6 7 8.,cộng tám mươi bốn chín một một hai ba bốn năm sáu bảy tám,cộng tám mươi bốn chín một một hai ba bốn năm sáu bảy tám
vi-VN,conv-11-turn-11.txt,Đúng rồi.,đúng rồi.,đúng rồi
vi-VN,conv-11-turn-12.txt,Tôi muốn biết là giao nhanh thì khi nào sẽ có?,tôi muốn biết là giao nhanh thì khi nào sẽ có,tôi muốn biết là giao nhanh thì khi nào sẽ có
vi-VN,conv-11-turn-13.txt,Nhưng mà tôi cần một cái thẻ tạm để có thể sử dụng trong thời gian hiện tại.,nhưng mà tôi cần một cái thẻ tạm để có thể sử dụng trong thời gian điện thoại.,nhưng mà tôi cần một cái thẻ tạm để có thể sử dụng trong thời gian điện thoại
vi-VN,conv-11-turn-14.txt,Tôi muốn làm cái thẻ chất liệu tốt.,tôi muốn làm cái thẻ mà chất liệu nó tốt,tôi muốn làm cái thẻ mà chất liệu nó tốt
vi-VN,conv-11-turn-15.txt,Tôi muốn nói chuyện với nhân viên.,tôi muốn nói chuyện với nhân viên,tôi muốn nói chuyện với nhân viên
vi-VN,conv-11-turn-16.txt,À thôi. Được rồi.,ờ sao dễ thương.,sao dễ thương
vi-VN,conv-11-turn-17.txt,Tôi muốn.,tôi muốn,tôi muốn
vi-VN,conv-11-turn-18.txt,"Tôi muốn xin được cấp 2 thẻ, được không?",cô muốn sinh đỡ cặp hai thay s được không?,cô muốn sinh đỡ cặp hai thay s được không
vi-VN,conv-11-turn-19.txt,Ý là tôi muốn được cấp một lần hai cái thẻ. Để một cái dự phòng.,thì là tôi muốn được xin cấp một lần hai cái thẻ để một cái dự phòng.,tôi muốn được xin cấp một lần hai cái thẻ để một cái dự phòng
vi-VN,conv-11-turn-2.txt,"Như vậy thì tôi muốn đẩy nhanh quá trình nhận thẻ, tức là nhận thẻ sớm hơn.",như vậy thì tôi muốn đẩy nhanh quá trình nhận thẻ tức là nhận thẻ nhanh sớm hơn,như vậy thì tôi muốn đẩy nhanh quá trình nhận thẻ tức là nhận thẻ nhanh sớm hơn
vi-VN,conv-11-turn-20.txt,"À, thôi. Được rồi.",empowerment đấy.,empowerment đấy
vi-VN,conv-11-turn-21.txt,Xin cảm ơn.,xin chào,xin chào
vi-VN,conv-11-turn-3.txt,C N 5 3 30.,CN năm trăm ba mươi.,c n năm trăm ba mươi
vi-VN,conv-11-turn-4.txt,C N 5 3 0.,CN năm ba không.,c n năm ba không
vi-VN,conv-11-turn-5.txt,Tên đầy đủ là Trần Minh.,tên đầy đủ là trần minh,tên đầy đủ là trần minh
vi-VN,conv-11-turn-6.txt,Email là minh chấm tran at email chấm com.,email là minh chấm tranh at email chấm com,email là minh chấm tranh at email chấm com
vi-VN,conv-11-turn-7.txt,Không phải.,không phải,không phải
vi-VN,conv-11-turn-8.txt,Minh chấm trần a còng email chấm com.,minh chấm trần a cộng email chấm com,minh chấm trần a còng email chấm com
vi-VN,conv-11-turn-9.txt,Số điện thoại là cộng 84.,số điện thoại là cộng tám mươi bốn,số điện thoại là cộng tám mươi bốn
vi-VN,conv-12-turn-0.txt,Tôi muốn được xem lại sao kê của tháng trước.,tôi muốn được xem lại cái sau kê của tháng trước.,tôi muốn được xem lại cái sao kê của tháng trước
vi-VN,conv-12-turn-1.txt,Muốn.,mù,mù
vi-VN,conv-12-turn-10.txt,Tên đầy đủ là Trần Minh.,đây này đủ là Trần Minh.,đây này đủ là trần minh
vi-VN,conv-12-turn-11.txt,Trần Minh.,Trần Minh.,trần minh
vi-VN,conv-12-turn-12.txt,Địa chỉ email là minh chấm trần at email chấm com.,thì email là minh chấm trần at gmail chấm com,thì email là minh chấm trần at gmail chấm com
vi-VN,conv-12-turn-13.txt,Đúng vậy. Đúng vậy.,đúng vậy đúng vậy,đúng vậy đúng vậy
vi-VN,conv-12-turn-14.txt,Số điện thoại là cộng 84.,số điện thoại là cộng tám mươi bốn,số điện thoại là cộng tám mươi bốn
vi-VN,conv-12-turn-15.txt,9 1 1 2 3 4. Cộng 84 9 1 1 2 3 4 5 6 7 8.,chín một một hai ba bốn cộng tám mươi bốn chín một một hai ba bốn năm sáu bảy tám,chín một một hai ba bốn cộng tám mươi bốn chín một một hai ba bốn năm sáu bảy tám
vi-VN,conv-12-turn-16.txt,Không phải. Cộng 84 9 1 1 2 3 4 5 6 7 8.,không phải cộng tám mươi bốn chín một một hai ba bốn năm sáu bảy tám,không phải cộng tám mươi bốn chín một một hai ba bốn năm sáu bảy tám
vi-VN,conv-12-turn-17.txt,Không phải. Cộng 84 9 1 1 2 3 4 5 6 7 8.,không phải cộng tám mươi bốn chín một một hai ba bốn năm sáu bảy tám,không phải cộng tám mươi bốn chín một một hai ba bốn năm sáu bảy tám
vi-VN,conv-12-turn-18.txt,Không phải. Đọc cái gì vậy? Cộng 84 9 1 1 2 3 4 5 6 7 8.,không phải đọc cái gì vậy cộng tám mươi bốn chín một một hai ba bốn năm sáu bảy tám,không phải đọc cái gì vậy cộng tám mươi bốn chín một một hai ba bốn năm sáu bảy tám
vi-VN,conv-12-turn-19.txt,Đúng rồi.,nhưng mà,nhưng mà
vi-VN,conv-12-turn-2.txt,Vui lòng cho tôi biết mã theo dõi là gì?,mời làm cho tôi biết mẹ tôi giỏi là gì,mời làm cho tôi biết mẹ tôi giỏi là gì
vi-VN,conv-12-turn-20.txt,Đúng rồi. Vui lòng tiếp tục.,"đúng rồi, tôi lòng tiếp tục.",đúng rồi tôi lòng tiếp tục
vi-VN,conv-12-turn-21.txt,Sao kê của tháng 10.,sau kia cũng tháng tháng mười,sau kia cũng tháng tháng mười
vi-VN,conv-12-turn-22.txt,Đúng.,ờ đúng.,đúng
vi-VN,conv-12-turn-23.txt,Gửi qua email cho tôi đi.,tôi cũng biết rồi đấy,tôi cũng biết rồi đấy
vi-VN,conv-12-turn-24.txt,Với tôi muốn.,với từ một.,với từ một
vi-VN,conv-12-turn-25.txt,Cho tôi nói chuyện với nhân viên bây giờ luôn được không?,cho tôi nói chuyện với nhân viên bây giờ luôn được không?,cho tôi nói chuyện với nhân viên bây giờ luôn được không
vi-VN,conv-12-turn-26.txt,Tại sao không thể kết nối với tôi ngay bây giờ?,tại sao không liên tại sao không thể kết nối tôi nghe bây giờ,tại sao không liên tại sao không thể kết nối tôi nghe bây giờ
vi-VN,conv-12-turn-27.txt,Hệ thống bị gì vậy? Tôi cần hỗ trợ gấp!,thể thống bị gì vậy tôi cần hỗ trợ gấp,thể thống bị gì vậy tôi cần hỗ trợ gấp
vi-VN,conv-12-turn-28.txt,Cho tôi một cái phương án khác đi bởi vì tôi cần gấp ngay bây giờ.,cho tôi một cái phương án khác đi và vì tôi cần gấp nên bây giờ.,cho tôi một cái phương án khác đi và vì tôi cần gấp nên bây giờ
vi-VN,conv-12-turn-29.txt,Muốn. Vui lòng hướng dẫn tôi làm cái đó đi.,muốn vừa lòng vẫn dẫn tôi làm cái cái cái cái đó đi.,muốn vừa lòng vẫn dẫn tôi làm cái cái cái cái đó đi
vi-VN,conv-12-turn-3.txt,Sẵn sàng. Sẵn sàng.,"insane, insane, insane",insane insane insane
vi-VN,conv-12-turn-30.txt,Ừ. Đúng rồi.,là đúng rồi.,là đúng rồi
vi-VN,conv-12-turn-31.txt,Chờ tôi một xíu.,chờ tôi một xíu.,chờ tôi một xíu
vi-VN,conv-12-turn-32.txt,OK. Đã đăng nhập vô được rồi.,ok đã đăng nhập vô được rồi.,okay đã đăng nhập vô được rồi
vi-VN,conv-12-turn-33.txt,Thấy rồi. Bây giờ làm gì nữa?,"thấy rồi, bây giờ làm gì được?",thấy rồi bây giờ làm gì được
vi-VN,conv-12-turn-34.txt,Đợi xíu. Đợi xíu.,đợi xíu đợi xíu.,đợi xíu đợi xíu
vi-VN,conv-12-turn-35.txt,OK.,ok.,okay
vi-VN,conv-12-turn-36.txt,"Chưa, chưa. Nó đang bị đứng. Đợi xíu.",chưa chưa nó hay nó đang bị tính đợi xíu,chưa chưa nó hay nó đang bị tính đợi xíu
vi-VN,conv-12-turn-37.txt,Tôi muốn nói chuyện với nhân viên trực tiếp.,tôi muốn nói chuyện với nhân viên trực tiếp.,tôi muốn nói chuyện với nhân viên trực tiếp
vi-VN,conv-12-turn-38.txt,Ờ.,ờ,
vi-VN,conv-12-turn-39.txt,Kênh hỗ trợ khác của tôi chính là kênh nào?,kênh hỗ trợ khác của tôi chắc là kênh nào?,kênh hỗ trợ khác của tôi chắc là kênh nào
vi-VN,conv-12-turn-4.txt,C N 6 0 0.,CNN 600,c n n sáu không không
vi-VN,conv-12-turn-40.txt,OK.,ok.,okay
vi-VN,conv-12-turn-41.txt,"OK. À, và tôi muốn xem những cái hóa đơn gần đây mà tôi đã chi tiêu.",ok và tôi muốn xem những cái hóa đơn gần đây mà tôi để chi tiêu,okay và tôi muốn xem những cái hóa đơn gần đây mà tôi để chi tiêu
vi-VN,conv-12-turn-42.txt,Cho qua email đi.,chào email đi,chào email đi
vi-VN,conv-12-turn-43.txt,Muốn nhưng mà tôi muốn nói chuyện với người trực tiếp.,muốn nhưng mà tôi muốn nói chuyện với người trực tiếp.,muốn nhưng mà tôi muốn nói chuyện với người trực tiếp
vi-VN,conv-12-turn-44.txt,Thôi được rồi.,đói đói,đói đói
vi-VN,conv-12-turn-5.txt,C N 6 0 0.,CN sáu không không.,c n sáu không không
vi-VN,conv-12-turn-6.txt,Vui lòng đọc lại lần nữa. Tùm lum vậy?,"phu làm đập lại lần nữa, tầm lớn vậy.",phu làm đập lại lần nữa tầm lớn vậy
vi-VN,conv-12-turn-7.txt,Tôi muốn nghe lại cái số. Vui lòng đọc lại cho tôi mã theo dõi.,tôi muốn nghe lại cái số vui lòng đọc lại cho tôi mà theo dõi.,tôi muốn nghe lại cái số vui lòng đọc lại cho tôi mà theo dõi
vi-VN,conv-12-turn-8.txt,Rồi. C N 6 0 0. Xin cảm ơn.,r cn sáu không không xin cảm ơn.,r c n sáu không không xin cảm ơn
vi-VN,conv-12-turn-9.txt,Tôi chưa yêu cầu mà. Cho tôi xem cái sao kê gần nhất.,tôi chưa yêu cầu mà chồng tôi xem cái sau kê gần nhất.,tôi chưa yêu cầu mà chồng tôi xem cái sau kê gần nhất
vi-VN,conv-13-turn-0.txt,Tôi muốn được xem lại cái sao kê của tháng trước.,tôi muốn được xem lại cái sau kê của tháng trước,tôi muốn được xem lại cái sau kê của tháng trước
vi-VN,conv-13-turn-1.txt,Có chứ.,có chứ.,có chứ
vi-VN,conv-13-turn-10.txt,Đúng rồi.,đúng rồi.,đúng rồi
vi-VN,conv-13-turn-11.txt,Chính xác.,chính xác.,chính xác
vi-VN,conv-13-turn-12.txt,Bạn còn cần thông tin gì không?,bạn còn cần thông tin gì không?,bạn còn cần thông tin gì không
vi-VN,conv-13-turn-13.txt,Số điện thoại là cộng 84 9 1 1 2 3 4 5 6 7 8.,số điện thoại là cộng tám mươi bốn chín một một hai ba bốn năm sáu bảy tám,số điện thoại là cộng tám mươi bốn chín một một hai ba bốn năm sáu bảy tám
vi-VN,conv-13-turn-14.txt,Không phải. Số điện thoại là cộng 84 9 1 1 2 3 4 5 6 7 8.,không phải số điện thoại là cộng tám mươi bốn chín một một hai ba bốn năm sáu bảy tám,không phải số điện thoại là cộng tám mươi bốn chín một một hai ba bốn năm sáu bảy tám
vi-VN,conv-13-turn-15.txt,Số điện thoại vẫn chưa chính xác. Vui lòng nghe cho kĩ. Số điện thoại là cộng 84 9 1 1 2 3 4 5 6 7 8.,số điện thoại vẫn chưa chính xác vui lòng nghe cho kỹ số điện thoại là cộng tám mươi bốn chín một một hai ba bốn năm sáu bảy tám,số điện thoại vẫn chưa chính xác vui lòng nghe cho kỹ số điện thoại là cộng tám mươi bốn chín một một hai ba bốn năm sáu bảy tám
vi-VN,conv-13-turn-16.txt,Trời ơi. Số điện thoại sai rồi. Số điện thoại chính xác là cộng 84 9 1 1 2 3 4 5 6 7 8.,trời ơi số điện thoại sai rồi số điện thoại chính xác là cộng tám mươi bốn chín một một hai ba bốn năm sáu bảy tám,trời ơi số điện thoại sai rồi số điện thoại chính xác là cộng tám mươi bốn chín một một hai ba bốn năm sáu bảy tám
vi-VN,conv-13-turn-17.txt,Không phải. Nghe cho kĩ nè. Cộng 84 9 1 1 2 3 4 5 6 7 8.,không phải nghe cho kỹ nè cộng tám mươi bốn chín một một hai ba bốn năm sáu bảy tám,không phải nghe cho kĩ nè cộng tám mươi bốn chín một một hai ba bốn năm sáu bảy tám
vi-VN,conv-13-turn-18.txt,Đúng rồi. Sao kê của tháng trước.,"đúng rồi, sau kê của tháng trước.",đúng rồi sau kê của tháng trước
vi-VN,conv-13-turn-19.txt,Tôi muốn hỏi thêm về cái việc đó là sao kê này có thể gửi tự động cho tôi hàng tháng được không?,tôi muốn hỏi thêm về cái việc đó là sau kê này có thể gửi tự động cho tôi hàng tháng được không?,tôi muốn hỏi thêm về cái việc đó là sau kê này có thể gửi tự động cho tôi hàng tháng được không
vi-VN,conv-13-turn-2.txt,Mã theo dõi là gì?,mẹ theo dõi là gì?,mẹ theo dõi là gì
vi-VN,conv-13-turn-20.txt,Có. Vui lòng giúp tôi cái này.,có vui lòng giúp tôi cái này,có vui lòng giúp tôi cái này
vi-VN,conv-13-turn-21.txt,Thôi. Cảm ơn.,thôi cảm ơn,thôi cảm ơn
vi-VN,conv-13-turn-3.txt,Có có có.,có có có.,có có có
vi-VN,conv-13-turn-4.txt,C N 2 6 4.,cn hai sáu bốn,c n hai sáu bốn
vi-VN,conv-13-turn-5.txt,Hả?,hả?,hả
vi-VN,conv-13-turn-6.txt,Mã là gì? C N 2 6 4 hay là C N 5 6 4?,mã là gì cn hai sáu bốn hay là cn năm sáu bốn,mã là gì c n hai sáu bốn hay là c n năm sáu bốn
vi-VN,conv-13-turn-7.txt,C N 2 6 0.,CN hai sáu không.,c n hai sáu không
vi-VN,conv-13-turn-8.txt,Tên đầy đủ là Trần Thu.,tên này đủ là trần thu,tên này đủ là trần thu
vi-VN,conv-13-turn-9.txt,Email là thu chấm trần a còng email chấm com.,email là thu chấm trần a cộng email chấm com,email là thu chấm trần a cộng email chấm com
vi-VN,conv-14-turn-0.txt,Tôi đang muốn hỏi về số theo dõi mà tôi được nhận.,tôi đang muốn hỏi về số theo dõi mà tôi được nhận.,tôi đang muốn hỏi về số theo dõi mà tôi được nhận
vi-VN,conv-14-turn-1.txt,Tôi đang muốn hỏi về số theo dõi nhận được trong cuộc gọi này.,tôi đang muốn hỏi về số theo dõi nhận được trong cuộc gọi này.,tôi đang muốn hỏi về số theo dõi nhận được trong cuộc gọi này
vi-VN,conv-14-turn-10.txt,Cộng 8 4 9 1 1 2 3 4 5 6 7 8.,cộng tám bốn chín một một hai ba bốn năm sáu bảy tám,cộng tám bốn chín một một hai ba bốn năm sáu bảy tám
vi-VN,conv-14-turn-11.txt,Email hình như đang sai rồi.,cái mèo thì như đang sai rồi.,cái mèo thì như đang sai rồi
vi-VN,conv-14-turn-12.txt,Thu trần a còng email chấm com.,tu trần a còng email.com,tu trần a còng email chấm com
vi-VN,conv-14-turn-13.txt,Thu dấu chấm trần a còng email chấm com.,thu dấu chấm trần a còng email chấm com,thu dấu chấm trần a còng email chấm com
vi-VN,conv-14-turn-14.txt,Đúng rồi.,đúng rồi.,đúng rồi
vi-VN,conv-14-turn-15.txt,Đặt hàng là 9 4 3 7.,đơn hàng là chín bốn ba bảy.,đơn hàng là chín bốn ba bảy
vi-VN,conv-14-turn-16.txt,Xác nhận đơn hàng.,xét nghiệm đơn hàng.,xét nghiệm đơn hàng
vi-VN,conv-14-turn-17.txt,Quần jeans và vớ.,quần jean và vớ,quần jean và vớ
vi-VN,conv-14-turn-18.txt,Trả thêm vớ.,chả thêm vớ.,chả thêm vớ
vi-VN,conv-14-turn-19.txt,Quần jeans hơi chật cho nên tôi muốn trả lại.,quần jean hơi chặt cho nên tôi muốn trả lại.,quần jean hơi chặt cho nên tôi muốn trả lại
vi-VN,conv-14-turn-2.txt,Tôi có muốn.,tôi cũng muốn.,tôi cũng muốn
vi-VN,conv-14-turn-20.txt,Tôi không thích màu của vớ.,tôi không thích màu của bướm,tôi không thích màu của bướm
vi-VN,conv-14-turn-21.txt,Tôi xác nhận.,tôi xác nhận.,tôi xác nhận
vi-VN,conv-14-turn-22.txt,Xác nhận.,sách,sách
vi-VN,conv-14-turn-23.txt,Tôi muốn gặp một tổng đài viên thực sự.,tôi muốn gặp một tổng đài viên thực sự.,tôi muốn gặp một tổng đài viên thực sự
vi-VN,conv-14-turn-3.txt,"C N 8 9 5 5, đúng không?",cn tám chín năm năm đúng không?,c n tám chín năm năm đúng không
vi-VN,conv-14-turn-4.txt,C N 8 9.,sena tam thi,sena tam thi
vi-VN,conv-14-turn-5.txt,Tôi đã nghe rõ rồi.,tôi đã nghe rõ rồi.,tôi đã nghe rõ rồi
vi-VN,conv-14-turn-6.txt,Tôi muốn xác nhận trả hàng.,tôi muốn xác nhận trả hàng,tôi muốn xác nhận trả hàng
vi-VN,conv-14-turn-7.txt,Họ tên là Trần Thu.,họ tên là Trần Thú.,họ tên là trần thú
vi-VN,conv-14-turn-8.txt,Địa chỉ email là thu chấm trần a còng email chấm com.,tên địa chỉ email là thu trần thu chấm trần a cộng email chấm com,tên địa chỉ email là thu trần thu chấm trần a cộng email chấm com
vi-VN,conv-14-turn-9.txt,Số điện thoại là cộng 8 4.,số điện thoại là cộng tám bốn,số điện thoại là cộng tám bốn
vi-VN,conv-15-turn-0.txt,Tôi đang muốn hỏi về cách xác nhận thanh toán.,tôi đang muốn hỏi về cách xác nhận thanh toán.,tôi đang muốn hỏi về cách xác nhận thanh toán
vi-VN,conv-15-turn-1.txt,Tôi vẫn chưa nhận được số theo dõi.,tôi vẫn chưa nhận được số theo dõi,tôi vẫn chưa nhận được số theo dõi
vi-VN,conv-15-turn-2.txt,Tôi muốn nhận số theo dõi của cuộc gọi này.,Tôi muốn nhận số theo dõi của cuộc gọi này.,tôi muốn nhận số theo dõi của cuộc gọi này
vi-VN,conv-15-turn-3.txt,Tôi muốn đọc ngay bây giờ.,tôi muốn đọc ngay bây giờ.,tôi muốn đọc ngay bây giờ
vi-VN,conv-15-turn-4.txt,Tôi sẵn sàng.,tôi sẵn sàng.,tôi sẵn sàng
vi-VN,conv-15-turn-5.txt,Tôi có.,được không,được không
vi-VN,conv-15-turn-6.txt,Vui lòng chuyển tôi đến nhân viên hỗ trợ trực tiếp.,vui lòng chuyển tôi đến nhân viên hỗ trợ trực tiếp.,vui lòng chuyển tôi đến nhân viên hỗ trợ trực tiếp
vi-VN,conv-16-turn-0.txt,"Tôi bị làm mất thẻ, tuần trước có xin cấp thẻ mới. Nhưng mà chưa thấy phản hồi gì thì muốn hỏi xem tình trạng thẻ như thế nào?",tôi muốn tôi tôi bị bị làm mất thẻ tuần trước có xin cấp thẻ mới nhưng mà chưa thấy phản hồi gì thì muốn hỏi xem tình trạng thẻ như thế nào,tôi muốn tôi tôi bị bị làm mất thẻ tuần trước có xin cấp thẻ mới nhưng mà chưa thấy phản hồi gì thì muốn hỏi xem tình trạng thẻ như thế nào
vi-VN,conv-16-turn-1.txt,OK.,ok.,okay
vi-VN,conv-16-turn-10.txt,Tôi muốn xem cái tình trạng thẻ xin cấp lại như thế nào? Xin từ tuần trước mà tới giờ chưa thấy phản hồi.,tôi muốn xem cái tình trạng thẻ xin cấp lại như thế nào xin từ tuần trước mà tới giờ chưa thấy phản hồi,tôi muốn xem cái tình trạng thẻ xin cấp lại như thế nào xin từ tuần trước mà tới giờ chưa thấy phản hồi
vi-VN,conv-16-turn-11.txt,Tôi muốn xem thẻ hiện tại chừng nào mới có cái thẻ?,tôi muốn xem là thể hiện tại khi trường nào thì mới có thể đẩy đấy.,tôi muốn xem là thể hiện tại khi trường nào thì mới có thể đẩy đấy
vi-VN,conv-16-turn-12.txt,Tôi muốn đẩy nhanh tiến độ có được không?,tôi muốn đẩy nhanh tiến độ có được không?,tôi muốn đẩy nhanh tiến độ có được không
vi-VN,conv-16-turn-13.txt,Muốn. Muốn.,muốn muốn,muốn muốn
vi-VN,conv-16-turn-2.txt,C N 7 0 6.,cn bảy không sáu,c n bảy không sáu
vi-VN,conv-16-turn-3.txt,Tên là Trần Minh.,tên là Trần Minh.,tên là trần minh
vi-VN,conv-16-turn-4.txt,Email là minh chấm trần a còng email chấm com.,email là minh chấm trần a cộng email chấm cơm,email là minh chấm trần a cộng email chấm cơm
vi-VN,conv-16-turn-5.txt,Email như vậy không đúng. Email phải là minh chấm trần a còng email chấm com.,email như vậy không đúng email phải là minh chấm trần a cồng email chấm cơm,email như vậy không đúng email phải là minh chấm trần a cồng email chấm cơm
vi-VN,conv-16-turn-6.txt,Email chưa chính xác. Email phải là minh chấm trần a còng email chấm com.,email chưa chính xác email phải là minh chấm trần a công email chấm cơm,email chưa chính xác email phải là minh chấm trần a công email chấm cơm
vi-VN,conv-16-turn-7.txt,Minh chấm trần a còng email chấm com.,minh chấm trần a cộng gmail chấm com,minh chấm trần a cộng gmail chấm com
vi-VN,conv-16-turn-8.txt,Số điện thoại là cộng 84 9 1 1 2 3 4 5 6 7 8.,số điện thoại là cộng tám mươi bốn chín một một hai ba bốn năm sáu bảy tám,số điện thoại là cộng tám mươi bốn chín một một hai ba bốn năm sáu bảy tám
vi-VN,conv-16-turn-9.txt,Số điện thoại là cộng 84 9 1 1 2 3 4 5 6 7 8.,số điện thoại là cộng tám mươi bốn chín một một hai ba bốn năm sáu bảy tám,số điện thoại là cộng tám mươi bốn chín một một hai ba bốn năm sáu bảy tám
vi-VN,conv-17-turn-0.txt,Chào Anna. Tôi đang muốn hỏi bạn một số điều về thẻ tín dụng.,"chào Anna, tôi đang muốn hỏi bạn một số điều về thẻ tín dụng.",chào anna tôi đang muốn hỏi bạn một số điều về thẻ tín dụng
vi-VN,conv-17-turn-1.txt,Bạn đọc đi.,bạn đọc đi.,bạn đọc đi
vi-VN,conv-17-turn-2.txt,C N 3 7 5.,CN ba bảy năm.,c n ba bảy năm
vi-VN,conv-17-turn-3.txt,Tên của tôi là Trần Thu.,Tên của tôi là Trần Thu.,tên của tôi là trần thu
vi-VN,conv-17-turn-4.txt,Thu chấm trần a còng Gmail chấm com.,thu chấm trần anhgonggmail.com,thu chấm trần anhgonggmail chấm com
vi-VN,conv-17-turn-5.txt,Thu chấm trần a còng Gmail chấm com.,thu.chấm.trần.a@gmail.com,thu chấm trần a còng gmail chấm com
vi-VN,conv-17-turn-6.txt,Cộng 8 4 9 1 1 2 3 4 5 6 7 8.,cộng tám bốn chín một một hai ba bốn năm sáu bảy tám,cộng tám bốn chín một một hai ba bốn năm sáu bảy tám
vi-VN,conv-17-turn-7.txt,Cộng 8 4 9 1 1 2 3 4 5 6 7 8.,cộng tám bốn chín một một hai ba bốn năm sáu bảy tám,cộng tám bốn chín một một hai ba bốn năm sáu bảy tám
vi-VN,conv-17-turn-8.txt,Tôi muốn hỏi về việc tăng hạn mức thẻ tín dụng của mình. Không biết là điều kiện để được xem xét như thế nào?,tôi muốn hỏi về việc tăng hạn mức thẻ tín dụng của mình không biết là điều kiện để được xem xét như thế nào,tôi muốn hỏi về việc tăng hạn mức thẻ tín dụng của mình không biết là điều kiện để được xem xét như thế nào
vi-VN,conv-18-turn-0.txt,Chào Anna. Tôi đang có yêu cầu tăng hạn mức thẻ tín dụng. Không biết mình hỗ trợ như thế nào nhỉ?,"chào Anna, tôi đang có yêu cầu tăng hạn mức thẻ tín dụng, không biết là mình hỗ trợ như nào nhỉ?",chào anna tôi đang có yêu cầu tăng hạn mức thẻ tín dụng không biết là mình hỗ trợ như nào nhỉ
vi-VN,conv-18-turn-1.txt,Sẵn sàng.,sẵn sàng.,sẵn sàng
vi-VN,conv-18-turn-10.txt,Thế tôi muốn xin bản sao sao kê thẻ tín dụng mới nhất thì làm thế nào?,em tôi muốn xin bản sao giao kê thẻ tín dụng mới nhất thì làm như nào?,em tôi muốn xin bản sao giao kê thẻ tín dụng mới nhất thì làm như nào
vi-VN,conv-18-turn-11.txt,Tôi muốn sao kê thì có mất phí không?,tôi muốn sao kê thì có mất phí không?,tôi muốn sao kê thì có mất phí không
vi-VN,conv-18-turn-12.txt,Thế tôi đang muốn kiểm tra tình trạng thẻ mới ấy. Không biết là thẻ đã được gửi đi hay chưa vậy?,thế tôi đang muốn kiểm tra tình trạng thẻ mới không biết là thẻ đã được gửi đi hay chưa nhở,thế tôi đang muốn kiểm tra tình trạng thẻ mới không biết là thẻ đã được gửi đi hay chưa nhở
vi-VN,conv-18-turn-13.txt,Thế nếu mà bản đến mà chưa gửi về kịp cho tôi thì có phương án nào để giúp tôi có thể sử dụng được không?,thế nếu mà bản đấy mà chưa gửi về ký cho tôi thì có phương pháp phương án nào để giúp tôi có thể sử dụng được không,thế nếu mà bản đấy mà chưa gửi về ký cho tôi thì có phương pháp phương án nào để giúp tôi có thể sử dụng được không
vi-VN,conv-18-turn-2.txt,C N 8 2 0.,CN tám hai không,c n tám hai không
vi-VN,conv-18-turn-3.txt,Tên của tôi là Trần Thu.,tên của tôi là Trần Thu.,tên của tôi là trần thu
vi-VN,conv-18-turn-4.txt,Email là thu chấm trần a còng Gmail chấm com.,email là thu chấm trần a cộng gmail chấm com,email là thu chấm trần a cộng gmail chấm com
vi-VN,conv-18-turn-5.txt,Đúng rồi.,đúng rồi.,đúng rồi
vi-VN,conv-18-turn-6.txt,Cộng 8 4 9 1 1 2 3 4 5 6 7 8.,cộng tám bốn chín một một hai ba bốn năm sáu bảy tám,cộng tám bốn chín một một hai ba bốn năm sáu bảy tám
vi-VN,conv-18-turn-7.txt,Cộng 8 4 9 1 1 2 3 4 5 6 7 8.,cộng tám bốn chín một một hai ba bốn năm sáu bảy tám,cộng tám bốn chín một một hai ba bốn năm sáu bảy tám
vi-VN,conv-18-turn-8.txt,Nếu bạn gửi qua email thì khoảng bao lâu sẽ có kết quả?,nếu mà bạn gửi qua email thì khoảng bao lâu sẽ có kết quả?,nếu mà bạn gửi qua email thì khoảng bao lâu sẽ có kết quả
vi-VN,conv-18-turn-9.txt,Nhanh giúp tôi.,nhanh giúp tôi.,nhanh giúp tôi
vi-VN,conv-19-turn-0.txt,Tôi muốn xin được gia tăng hạn mức thẻ tín dụng.,tôi muốn xin được gia tăng hạn mức thẻ tín dụng,tôi muốn xin được gia tăng hạn mức thẻ tín dụng
vi-VN,conv-19-turn-1.txt,C N 8 0 4.,c n tám không bốn,c n tám không bốn
vi-VN,conv-19-turn-10.txt,Có chứ. Hướng dẫn giùm tôi.,khỏi trước hướng dẫn dùm tôi.,khỏi trước hướng dẫn dùm tôi
vi-VN,conv-19-turn-11.txt,Đọc lại lần nữa đi.,lặp lại lần nữa đi.,lặp lại lần nữa đi
vi-VN,conv-19-turn-12.txt,Có. Tôi muốn tăng hạn mức lên 100000000 có được không?,có tôi muốn tăng hạn mức lên một trăm triệu có được không?,có tôi muốn tăng hạn mức lên một trăm triệu có được không
vi-VN,conv-19-turn-13.txt,Có. Kết nối tôi với nhân viên đi.,có kết nối tôi với nhân viên đi.,có kết nối tôi với nhân viên đi
vi-VN,conv-19-turn-14.txt,Kết nối tôi với nhân viên đi.,tôi nói tôi với nhân viên đi.,tôi nói tôi với nhân viên đi
vi-VN,conv-19-turn-15.txt,Thôi được rồi. Cảm ơn.,thôi được rồi cảm ơn,thôi được rồi cảm ơn
vi-VN,conv-19-turn-2.txt,Tên đầy đủ là Trần Thu.,tên đầy đủ là Trần Thu,tên đầy đủ là trần thu
vi-VN,conv-19-turn-3.txt,Email là thu chấm trần a còng email chấm com.,email là thu chấm trần a cộng email com,email là thu chấm trần a cộng email com
vi-VN,conv-19-turn-4.txt,Không đúng. Email là thu chấm trần a còng email chấm com.,không đúng email là thu chấm trần a cộng email chấm cơm,không đúng email là thu chấm trần a cộng email chấm cơm
vi-VN,conv-19-turn-5.txt,Đúng rồi.,đúng rồi.,đúng rồi
vi-VN,conv-19-turn-6.txt,Số điện thoại là cộng 84 9 1 1 2 3 4 5 6 7 8.,số điện thoại là cộng tám mươi bốn chín một một hai ba bốn năm sáu bảy tám,số điện thoại là cộng tám mươi bốn chín một một hai ba bốn năm sáu bảy tám
vi-VN,conv-19-turn-7.txt,Vui lòng đọc lại cho tôi nghe số điện thoại.,vui lòng gọi lại cho tôi nghe số điện thoại.,vui lòng gọi lại cho tôi nghe số điện thoại
vi-VN,conv-19-turn-8.txt,"Không phải là 6 6 7 8, mà là 5 6 7 8.",không phải là sáu sáu bảy tám mà là năm sáu bảy tám,không phải là sáu sáu bảy tám mà là năm sáu bảy tám
vi-VN,conv-19-turn-9.txt,Đúng rồi.,đúng rồi.,đúng rồi
vi-VN,conv-2-turn-0.txt,Xin chào. Muốn nâng hạn mức của thẻ tín dụng.,xin chào muốn muốn nâng nâng hạn mức của để để tính dụng,xin chào muốn muốn nâng nâng hạn mức của để để tính dụng
vi-VN,conv-2-turn-1.txt,Rồi.,ờ rồi.,rồi
vi-VN,conv-2-turn-10.txt,Email là chỉ có minh chấm trần a còng email chấm com.,email là chỉ có minh chấm trần a cộng email chấm cơm,email là chỉ có minh chấm trần a cộng email chấm cơm
vi-VN,conv-2-turn-11.txt,"À, đúng rồi.",đúng rồi.,đúng rồi
vi-VN,conv-2-turn-12.txt,Số điện thoại là cộng 84 9 1 1 2 3 4 5 6 7 8.,số điện thoại là cộng tám mươi bốn chín một một hai ba bốn năm sáu bảy tám,số điện thoại là cộng tám mươi bốn chín một một hai ba bốn năm sáu bảy tám
vi-VN,conv-2-turn-13.txt,Không phải. Cộng 84 9 1 1 2 3 4 5 6 7 8.,không phải cộng tám mươi bốn chín một một hai ba bốn năm sáu bảy tám,không phải cộng tám mươi bốn chín một một hai ba bốn năm sáu bảy tám
vi-VN,conv-2-turn-14.txt,Không phải. Phải là cộng 80.,không phải vậy là cộng tám mươi,không phải vậy là cộng tám mươi
vi-VN,conv-2-turn-15.txt,Số điện thoại là cộng 84 9 1 1 2 3 4 5 6 7 8.,số điện thoại là cộng tám mươi bốn chín một một hai ba bốn năm sáu bảy tám,số điện thoại là cộng tám mươi bốn chín một một hai ba bốn năm sáu bảy tám
vi-VN,conv-2-turn-16.txt,Sai. Sai. Đúng là cộng 84 9 1 1 2 3 4 5 6 7 8.,sai sai đúng là cộng tám mươi bốn chín một một hai ba bốn năm sáu bảy tám,sai sai đúng là cộng tám mươi bốn chín một một hai ba bốn năm sáu bảy tám
vi-VN,conv-2-turn-17.txt,Đúng vậy. Đúng vậy.,đúng vậy đúng vậy,đúng vậy đúng vậy
vi-VN,conv-2-turn-18.txt,Rồi. Mở rồi. Mở rồi.,ờ mà rồi mà rồi.,mà rồi mà rồi
vi-VN,conv-2-turn-19.txt,Mở ứng dụng rồi. Vui lòng hướng dẫn nha.,mới dụng người vui lòng hướng dẫn nha.,mới dụng người vui lòng hướng dẫn nha
vi-VN,conv-2-turn-2.txt,Đã sẵn sàng.,đã sẵn sàng.,đã sẵn sàng
vi-VN,conv-2-turn-20.txt,Thấy rồi.,thế rồi,thế rồi
vi-VN,conv-2-turn-21.txt,Đã thấy thông báo.,đã thấy không bao.,đã thấy không bao
vi-VN,conv-2-turn-22.txt,Đang dùng Android.,đang dùng ăn rồi.,đang dùng ăn rồi
vi-VN,conv-2-turn-23.txt,Muốn. Muốn. Muốn. Vui lòng.,muốn muốn muốn vui lòng,muốn muốn muốn vui lòng
vi-VN,conv-2-turn-24.txt,OK.,ok.,okay
vi-VN,conv-2-turn-25.txt,"Có thể hỗ trợ tự động, không cần nói chuyện với nhân viên.","có thể hỗ trợ không cần vận động, không cần nói chuyện với nhân viên.",có thể hỗ trợ không cần vận động không cần nói chuyện với nhân viên
vi-VN,conv-2-turn-26.txt,Tôi muốn liên lạc với nhân viên hỗ trợ.,tôi muốn liên hệ với nhân viên hỗ trợ,tôi muốn liên hệ với nhân viên hỗ trợ
vi-VN,conv-2-turn-27.txt,OK. Cảm ơn.,"ờ OK, cảm ơn.",okay cảm ơn
vi-VN,conv-2-turn-28.txt,À. Cám ơn.,ờ các mọn.,các mọn
vi-VN,conv-2-turn-3.txt,Đã sẵn sàng. Vui lòng đọc lại mã.,đã sẵn sàng vui lòng đọc lại mã,đã sẵn sàng vui lòng đọc lại mã
vi-VN,conv-2-turn-4.txt,C N 2 3 3.,C N hai ba ba.,c n hai ba ba
vi-VN,conv-2-turn-5.txt,C N 2 3 5.,Cn hai ba năm.,c n hai ba năm
vi-VN,conv-2-turn-6.txt,"Mã đúng là C N 2 3 5, đúng không?",mà mà đúng là hai cn hai ba năm đúng không,mà mà đúng là hai c n hai ba năm đúng không
vi-VN,conv-2-turn-7.txt,Trần Minh.,Trần Minh.,trần minh
vi-VN,conv-2-turn-8.txt,Trần Minh.,Trần Minh.,trần minh
vi-VN,conv-2-turn-9.txt,Địa chỉ email là minh chấm trần a còng email chấm com.,địa chỉ email là minh chấm trần a còng email chấm com,địa chỉ email là minh chấm trần a còng email chấm com
vi-VN,conv-20-turn-0.txt,Tôi đã làm mất thẻ. Tôi muốn xin cấp lại thẻ mới. Tôi không biết tình trạng của thẻ hiện tại là như thế nào?,tôi đã làm mất thẻ tôi muốn xin cấp lại thẻ mới tôi muốn biết tình trạng có thể hiện tại là là như thế nào,tôi đã làm mất thẻ tôi muốn xin cấp lại thẻ mới tôi muốn biết tình trạng có thể hiện tại là là như thế nào
vi-VN,conv-20-turn-1.txt,OK.,ok.,okay
vi-VN,conv-20-turn-10.txt,Có thể nào đọc lại thông tin. Vui lòng đọc lại thông tin của tôi.,có thể nào đọc lại thông tin? vui lòng đọc lại thông tin của tôi.,có thể nào đọc lại thông tin vui lòng đọc lại thông tin của tôi
vi-VN,conv-20-turn-11.txt,Email và số điện thoại không chính xác. Email là minh chấm trần.,email và số điện thoại không chính xác. Email là min chấm trần,email và số điện thoại không chính xác email là min chấm trần
vi-VN,conv-20-turn-12.txt,Email là minh chấm trần a còng email chấm com.,email là min trần a cộng email com,email là min trần a cộng email com
vi-VN,conv-20-turn-13.txt,Không phải. Không phải. Minh chấm trần a còng email chấm com.,không phải không phải Minh chấm Trần a cộng email chấm com,không phải không phải minh chấm trần a còng email chấm com
vi-VN,conv-20-turn-14.txt,"Không phải. Minh, minh là tên đó. Trần là họ đó. Minh chấm trần a còng email chấm com.",không phải minh minh là tên đó trần là họ đó minh chấm trần a cộng email chấm cơm,không phải minh minh là tên đó trần là họ đó minh chấm trần a cộng email chấm cơm
vi-VN,conv-20-turn-15.txt,Không đúng. Minh chấm trần a còng email chấm com.,mình không không đúng mình chấm trần a cộng email chấm com,mình không không đúng mình chấm trần a cộng email chấm com
vi-VN,conv-20-turn-16.txt,Đúng rồi. Đúng rồi. Số điện thoại nữa. Số điện thoại là cộng 84 9 1 1 2 3 4 5 6 7 8.,đúng rồi đúng rồi và số điện thoại nữa số điện thoại là cộng tám mươi bốn chín một một hai ba bốn năm sáu bảy tám,đúng rồi đúng rồi và số điện thoại nữa số điện thoại là cộng tám mươi bốn chín một một hai ba bốn năm sáu bảy tám
vi-VN,conv-20-turn-17.txt,Đúng rồi.,à đúng rồi.,đúng rồi
vi-VN,conv-20-turn-18.txt,OK.,ok.,okay
vi-VN,conv-20-turn-19.txt,"Tôi muốn xin được cấp thẻ sớm hơn, lẹ hơn. Tôi không muốn đợi lâu.","tôi muốn xin được cấp thẻ sớm hơn, lẹ hơn, tôi không muốn đợi lâu.",tôi muốn xin được cấp thẻ sớm hơn lẹ hơn tôi không muốn đợi lâu
vi-VN,conv-20-turn-2.txt,Mã của tôi là C N 4 2 4.,mã của tôi là CN bốn hai bốn,mã của tôi là c n bốn hai bốn
vi-VN,conv-20-turn-20.txt,Tôi muốn hỏi chi phí phát hành thẻ là bao nhiêu?,tôi muốn hỏi là chi phí phát hành thẻ là bao nhiêu?,tôi muốn hỏi là chi phí phát hành thẻ là bao nhiêu
vi-VN,conv-20-turn-21.txt,Muốn ạ. Vui lòng hỗ trợ tôi với.,muốn à vừa làm hỗ trợ tôi với,muốn vừa làm hỗ trợ tôi với
vi-VN,conv-20-turn-22.txt,Thôi được rồi. Cảm ơn.,thôi được rồi cảm ơn,thôi được rồi cảm ơn
vi-VN,conv-20-turn-3.txt,Là sao? C N 4 2 4 hay là 4 0 4?,là sao CN bốn hai bốn hay là bốn không bốn.,là sao c n bốn hai bốn hay là bốn không bốn
vi-VN,conv-20-turn-4.txt,OK. C N 4 2 4.,ok C N bốn hai bốn,okay c n bốn hai bốn
vi-VN,conv-20-turn-5.txt,Tên đầy đủ là Trần Minh.,tên đầy đủ là trần minh,tên đầy đủ là trần minh
vi-VN,conv-20-turn-6.txt,Địa chỉ email là minh chấm trần at Gmail chấm com.,địa chỉ email là minh chấm trần at gmail chấm com,địa chỉ email là minh chấm trần at gmail chấm com
vi-VN,conv-20-turn-7.txt,"À, đúng vậy.",đúng vậy.,đúng vậy
vi-VN,conv-20-turn-8.txt,Số điện thoại là cộng 84 9 1 1 2 3 4 5 6 7 8.,số điện thoại là cộng tám mươi bốn chín một một hai ba bốn năm sáu bảy tám,số điện thoại là cộng tám mươi bốn chín một một hai ba bốn năm sáu bảy tám
vi-VN,conv-20-turn-9.txt,Đúng vậy. Đúng vậy.,đúng vậy đúng vậy.,đúng vậy đúng vậy
vi-VN,conv-21-turn-0.txt,"Trước khi bắt đầu, tôi muốn hỏi số theo dõi của cuộc gọi này.","Trước khi bắt đầu, tôi muốn hỏi xấu theo dõi của của cậu này.",trước khi bắt đầu tôi muốn hỏi xấu theo dõi của của cậu này
vi-VN,conv-21-turn-1.txt,Tôi có.,tôi có,tôi có
vi-VN,conv-21-turn-10.txt,Tôi muốn hỏi về vấn đề tăng tín dụng.,tôi muốn hỏi về vấn đề tăng tín dụng.,tôi muốn hỏi về vấn đề tăng tín dụng
vi-VN,conv-21-turn-11.txt,Tôi sẵn sàng.,tôi sẵn sàng.,tôi sẵn sàng
vi-VN,conv-21-turn-12.txt,Tôi chưa.,tôi chưa.,tôi chưa
vi-VN,conv-21-turn-13.txt,Tôi muốn gặp nhân viên chăm sóc khách hàng.,tôi muốn gặp nhân viên chăm sóc khách hàng.,tôi muốn gặp nhân viên chăm sóc khách hàng
vi-VN,conv-21-turn-14.txt,Tôi sẵn sàng.,tôi sẵn sàng.,tôi sẵn sàng
vi-VN,conv-21-turn-2.txt,Tôi sẵn sàng.,tôi sẵn sàng.,tôi sẵn sàng
vi-VN,conv-21-turn-3.txt,Làm thế nào để nhận được số theo dõi của cuộc gọi này?,làm thế nào để nhận được số theo dõi của cuộc gọi này?,làm thế nào để nhận được số theo dõi của cuộc gọi này
vi-VN,conv-21-turn-4.txt,"Ý tôi là làm thế nào để nhận được, chứ không phải là cần bạn đọc.",ý tôi là làm thế nào để nhận được chứ không phải là cần bạn đọc.,ý tôi là làm thế nào để nhận được chứ không phải là cần bạn đọc
vi-VN,conv-21-turn-5.txt,Tôi không.,"tôi không, tôi",tôi không tôi
vi-VN,conv-21-turn-6.txt,Tôi gọi đến từ ứng dụng.,tôi gọi đến từ ứng dụng,tôi gọi đến từ ứng dụng
vi-VN,conv-21-turn-7.txt,Tôi vẫn còn thắc mắc cần giải quyết.,tôi vẫn còn thắc mắc cần giải quyết.,tôi vẫn còn thắc mắc cần giải quyết
vi-VN,conv-21-turn-8.txt,Thắc mắc của tôi về dịch vụ của ngân hàng.,thắc mắc của tôi về dịch vụ của ngân hàng.,thắc mắc của tôi về dịch vụ của ngân hàng
vi-VN,conv-21-turn-9.txt,Hạn mức tín dụng.,hạn mức tín dụng.,hạn mức tín dụng
vi-VN,conv-22-turn-0.txt,Tôi muốn xem lại cái sao kê gần đây nhất của mình.,tôi muốn xem lại cái sau kê gần đây nhất của mình.,tôi muốn xem lại cái sau kê gần đây nhất của mình
vi-VN,conv-22-turn-1.txt,Đã sẵn sàng.,đã sẵn sàng,đã sẵn sàng
vi-VN,conv-22-turn-10.txt,Số điện thoại là.,số điện thoại là,số điện thoại là
vi-VN,conv-22-turn-11.txt,Số điện thoại là cộng 84 9 1 1 2 3 4 5 6 7 8.,số điện thoại là cộng tám mươi bốn chín một một hai ba bốn năm sáu bảy tám,số điện thoại là cộng tám mươi bốn chín một một hai ba bốn năm sáu bảy tám
vi-VN,conv-22-turn-12.txt,Đúng rồi.,ờ đúng rồi.,đúng rồi
vi-VN,conv-22-turn-13.txt,Đúng rồi. Đúng rồi. Số điện thoại đúng rồi.,đúng rồi đúng rồi số điện thoại đúng rồi,đúng rồi đúng rồi số điện thoại đúng rồi
vi-VN,conv-22-turn-14.txt,Có thể đọc nội dung chính cho tôi nghe ngay bây giờ luôn không?,có thể đọc nội dung chính cho tôi nghe bây giờ luôn không?,có thể đọc nội dung chính cho tôi nghe bây giờ luôn không
vi-VN,conv-22-turn-15.txt,Cho tôi nghe tổng số dư trước đi.,cho tôi nghe tổng số liệu trước đi.,cho tôi nghe tổng số liệu trước đi
vi-VN,conv-22-turn-16.txt,Có. Vui lòng chuyển tôi sang nhân viên để được hỗ trợ trực tiếp.,có vui lòng mà chuyển tôi sang nhân viên để được hỗ trợ trực tiếp.,có vui lòng mà chuyển tôi sang nhân viên để được hỗ trợ trực tiếp
vi-VN,conv-22-turn-17.txt,Ứng dụng thì làm như thế nào?,ứng dụng ứng dụng thì làm như thế nào?,ứng dụng ứng dụng thì làm như thế nào
vi-VN,conv-22-turn-18.txt,Hướng dẫn tôi từ đầu tới cuối đi. Tôi chưa có quen.,thướng dẫn tôi từ đầu tới cuối đi tôi chưa quen.,thướng dẫn tôi từ đầu tới cuối đi tôi chưa quen
vi-VN,conv-22-turn-19.txt,Được rồi. Được rồi. Bây giờ làm gì tiếp theo?,"được rồi được rồi, bây giờ làm gì tiếp theo?",được rồi được rồi bây giờ làm gì tiếp theo
vi-VN,conv-22-turn-2.txt,Mã là gì?,mã là gì?,mã là gì
vi-VN,conv-22-turn-20.txt,Đã thấy rồi. Xin cảm ơn.,đã thấy rồi xin cảm ơn.,đã thấy rồi xin cảm ơn
vi-VN,conv-22-turn-21.txt,OK.,ok,okay
vi-VN,conv-22-turn-22.txt,Khoan. Khoan. Khoan. Khoan.,coin coin coin coin,coin coin coin coin
vi-VN,conv-22-turn-23.txt,Tôi muốn hỏi là cái sao kê này tôi muốn in ra bản giấy có được không?,tôi muốn hỏi là cái sao kê này tôi mới in ra bản giấy có được không?,tôi muốn hỏi là cái sao kê này tôi mới in ra bản giấy có được không
vi-VN,conv-22-turn-24.txt,Tôi có thể tới ngân hàng để mà nhận cái sao kê luôn không? Tôi không biết đi in ở đâu.,tôi có thể nào tới tới để mà ngân hàng để mà nhận cái sau kê luôn không tôi không biết đi in cái đâu,tôi có thể nào tới tới để mà ngân hàng để mà nhận cái sau kê luôn không tôi không biết đi in cái đâu
vi-VN,conv-22-turn-25.txt,Tôi không cần. Tại vì tôi không biết in nên là tôi muốn được hỗ trợ để in ra giấy.,tôi không cần nhưng mà tôi cần tại vì tôi không có biết in đang là tôi muốn được hỗ trợ để in cái giấy,tôi không cần nhưng mà tôi cần tại vì tôi không có biết in đang là tôi muốn được hỗ trợ để in cái giấy
vi-VN,conv-22-turn-26.txt,Xin chào.,xin chào.,xin chào
vi-VN,conv-22-turn-27.txt,Tôi muốn được hỗ trợ in sao kê.,"tôi muốn được hỗ trợ, okay.",tôi muốn được hỗ trợ okay
vi-VN,conv-22-turn-28.txt,Tôi muốn nhận qua email luôn đi.,tôi muốn nhận qua email luôn đi.,tôi muốn nhận qua email luôn đi
vi-VN,conv-22-turn-29.txt,Thôi được rồi. Nhưng mà tôi muốn.,thôi được rồi nhưng mà tôi muốn,thôi được rồi nhưng mà tôi muốn
vi-VN,conv-22-turn-3.txt,C N 7 1 2.,CN bảy một hai.,c n bảy một hai
vi-VN,conv-22-turn-30.txt,Tôi muốn xin được lấy sao kê của cả năm luôn được không?,tôi muốn xin được lấy sao kê của cả năm luôn được không?,tôi muốn xin được lấy sao kê của cả năm luôn được không
vi-VN,conv-22-turn-31.txt,Đúng vậy.,đúng vậy.,đúng vậy
vi-VN,conv-22-turn-32.txt,OK. Cảm ơn.,ok cảm ơn.,okay cảm ơn
vi-VN,conv-22-turn-33.txt,Cảm ơn.,cảm ơn.,cảm ơn
vi-VN,conv-22-turn-34.txt,OK.,ok.,okay
vi-VN,conv-22-turn-4.txt,C N 7 1 8.,CN bảy một tám.,c n bảy một tám
vi-VN,conv-22-turn-5.txt,C N 7 1 8.,CN bảy một tám.,c n bảy một tám
vi-VN,conv-22-turn-6.txt,Tên đầy đủ là Trần Minh.,tên đầy đủ là Trần Minh.,tên đầy đủ là trần minh
vi-VN,conv-22-turn-7.txt,Đúng vậy.,đúng vậy.,đúng vậy
vi-VN,conv-22-turn-8.txt,Email là minh chấm trần a còng email chấm com.,email là minh chấm trần a cộng email chấm com,email là minh chấm trần a cộng email chấm com
vi-VN,conv-22-turn-9.txt,Đúng rồi.,đúng rồi.,đúng rồi
vi-VN,conv-23-turn-0.txt,"Tôi muốn được tại vì tuần trước tôi làm mất thẻ, tôi có xin lại rồi mà giờ chưa thấy thông báo gì hết, nên tôi muốn coi tình trạng nó như thế nào.",tôi muốn được tại vì tuần trước tôi làm mất thẻ tôi có xin lại rồi nhưng mà hiện tại chưa thấy thông báo gì hết nên muốn coi tình trạng nó như thế nào,tôi muốn được tại vì tuần trước tôi làm mất thẻ tôi có xin lại rồi nhưng mà hiện tại chưa thấy thông báo gì hết nên muốn coi tình trạng nó như thế nào
vi-VN,conv-23-turn-1.txt,"Ờ, rồi.",à rồi.,rồi
vi-VN,conv-23-turn-10.txt,Cám ơn.,cảm ơn,cảm ơn
vi-VN,conv-23-turn-11.txt,"Tôi muốn hỏi, tôi được cấp một lần hai thẻ không, để sơ cua.",tôi muốn hỏi đó là tôi được cấp một lần hai thẻ không để làm sư cua,tôi muốn hỏi đó là tôi được cấp một lần hai thẻ không để làm sư cua
vi-VN,conv-23-turn-12.txt,Được. Chuyển tôi qua nhân viên trực tiếp đi.,được chuyển tôi qua nhân viên trực tiếp đi.,được chuyển tôi qua nhân viên trực tiếp đi
vi-VN,conv-23-turn-13.txt,Có. Vui lòng giúp tôi.,cỏ vui lòng giúp tôi.,cỏ vui lòng giúp tôi
vi-VN,conv-23-turn-14.txt,Rồi. Xin cảm ơn.,thôi được rồi xin cảm ơn,thôi được rồi xin cảm ơn
vi-VN,conv-23-turn-2.txt,Mã là C N 1 1 1.,mã là cn một một một,mã là c n một một một
vi-VN,conv-23-turn-3.txt,Tên đầy đủ là Trần Thu.,tên này đủ là Trần Thu.,tên này đủ là trần thu
vi-VN,conv-23-turn-4.txt,Email là thu chấm trần email chấm com.,email là thu chấm trần a cộng email chấm cơm,email là thu chấm trần a cộng email chấm cơm
vi-VN,conv-23-turn-5.txt,"À, đúng rồi.",à đúng rồi.,đúng rồi
vi-VN,conv-23-turn-6.txt,"À, đúng rồi.",đúng rồi.,đúng rồi
vi-VN,conv-23-turn-7.txt,Số điện là cộng 84 9 1 1 2 3 4 5 6 7 8.,số điện thoại là cộng tám mươi bốn chín một một hai ba bốn năm sáu bảy tám,số điện thoại là cộng tám mươi bốn chín một một hai ba bốn năm sáu bảy tám
vi-VN,conv-23-turn-8.txt,Đúng rồi. Số điện thoại chính xác.,đúng rồi số điện thoại chính xác,đúng rồi số điện thoại chính xác
vi-VN,conv-23-turn-9.txt,"Tôi muốn hỏi xem là có được cấp hai thẻ luôn được không, để sơ cua.",tôi muốn hỏi xem là có thể được cấp hai thẻ luôn được không để sơ cua,tôi muốn hỏi xem là có thể được cấp hai thẻ luôn được không để sơ cua
vi-VN,conv-24-turn-0.txt,Xin chào Anna.,xin chào Anna.,xin chào anna
vi-VN,conv-24-turn-1.txt,Chào Anna nha. Mình đang muốn tối ưu chi tiêu cá nhân và tăng hạn mức thẻ tín dụng. Bạn có thể giúp mình xem là cần chuẩn bị cái gì không?,"Chào Anna nha, mình đang muốn tối ưu chi tiết, tối ưu chi tiêu cá nhân và tăng hạn mức thẻ tín dụng. Bạn có thể giúp mình xem là cần chuẩn bị cái gì không?",chào anna nha mình đang muốn tối ưu chi tiết tối ưu chi tiêu cá nhân và tăng hạn mức thẻ tín dụng bạn có thể giúp mình xem là cần chuẩn bị cái gì không
vi-VN,conv-24-turn-10.txt,Đúng rồi.,đúng rồi.,đúng rồi
vi-VN,conv-24-turn-11.txt,Đúng rồi ạ.,đi rồi.,đi rồi
vi-VN,conv-24-turn-12.txt,Mình sẵn sàng rồi. Bạn giúp mình với nhé.,mình sẵn sàng rồi bạn giúp mình với nha.,mình sẵn sàng rồi bạn giúp mình với nha
vi-VN,conv-24-turn-2.txt,Nhanh giúp mình nhé.,nhanh giúp mình nhé.,nhanh giúp mình nhé
vi-VN,conv-24-turn-3.txt,C N 1 8 8. Đúng không?,cn một tám tám đúng không?,c n một tám tám đúng không
vi-VN,conv-24-turn-4.txt,Mình chưa nghe rõ. Bạn đọc lại giúp mình với.,mình chưa nghe rõ bạn đọc lại giúp mình với.,mình chưa nghe rõ bạn đọc lại giúp mình với
vi-VN,conv-24-turn-5.txt,Được rồi nhé. Cảm ơn bạn.,được rồi nhé cảm ơn bạn.,được rồi nhé cảm ơn bạn
vi-VN,conv-24-turn-6.txt,Rồi ạ.,rồi à.,rồi
vi-VN,conv-24-turn-7.txt,"Tên của mình là Trần Minh. Email là minh trần a còng Gmail chấm com. Số điện thoại là cộng 8 4 9 1 1 2 3 4 5 6 7 8. Địa chỉ của mình là số 1 2 3, đường Lê Lợi, Hồ Chí Minh, 700 000, Việt Nam.","Tên của mình là Trần Minh, email là minhtranacong@gmail.com, số điện thoại là 849112345678, địa chỉ của mình là số 123 đường Lê lợi, thành phố Hồ Chí Minh, 700.000, Việt Nam.",tên của mình là trần minh email là minhtranacong gmail chấm com số điện thoại là tám bốn chín một một hai ba bốn năm sáu bảy tám địa chỉ của mình là số một hai ba đường lê lợi thành phố hồ chí minh bảy trăm nghìn việt nam
vi-VN,conv-24-turn-8.txt,Đúng rồi ạ.,đúng rồi á.,đúng rồi á
vi-VN,conv-24-turn-9.txt,Bạn có thể cho mình biết thông tin về.,bạn có thể cho mình biết thông tin về,bạn có thể cho mình biết thông tin về
vi-VN,conv-25-turn-0.txt,Chào Anna. Mình đang muốn tối ưu chi tiêu cá nhân và nghĩ đến việc tăng hạn mức thẻ tín dụng. Bạn có thể giúp mình xem là mình cần chuẩn bị cái gì không?,"Chào Anna, mình đang muốn tối ưu chi tiêu cá nhân và nghĩ đến việc tăng hạn mức thẻ tín dụng. Bạn có thể giúp mình xem là mình cần chuẩn bị cái gì không?",chào anna mình đang muốn tối ưu chi tiêu cá nhân và nghĩ đến việc tăng hạn mức thẻ tín dụng bạn có thể giúp mình xem là mình cần chuẩn bị cái gì không
vi-VN,conv-25-turn-1.txt,Bạn gửi giúp mình nhé.,bạn gửi giúp mình nhé.,bạn gửi giúp mình nhé
vi-VN,conv-25-turn-2.txt,Ờ. Mình tên là Trần Minh.,mình tên là Trần Minh,mình tên là trần minh
vi-VN,conv-25-turn-3.txt,À. Email của mình là minh chấm trần a còng Gmail chấm com.,Email của mình là minh chấm trần a gmail chấm com,email của mình là minh chấm trần a gmail chấm com
vi-VN,conv-25-turn-4.txt,OK. Số điện thoại của mình là cộng 84 9 1 1 2 3 4 5 6 7 8.,"OK, số điện thoại của mình là cộng tám tư chín một một hai ba bốn năm sáu bảy tám.",okay số điện thoại của mình là cộng tám tư chín một một hai ba bốn năm sáu bảy tám
vi-VN,conv-26-turn-0.txt,Chào Anna nhé. Mình đang muốn tối ưu chi tiêu cá nhân và muốn tăng hạn mức thẻ tín dụng. Bạn có thể xem giúp mình cần chuẩn bị những gì không?,"chào Anna nhé, mình đang muốn tối ưu chi tiêu cá nhân và muốn tăng hạn mức thẻ tiến dụng, bạn có thể xem là giúp mình cần những chuẩn bị những gì không?",chào anna nhé mình đang muốn tối ưu chi tiêu cá nhân và muốn tăng hạn mức thẻ tiến dụng bạn có thể xem là giúp mình cần những chuẩn bị những gì không
vi-VN,conv-26-turn-1.txt,OK.,ok.,okay
vi-VN,conv-26-turn-10.txt,Bạn liệt kê giúp mình với.,bạn liệt kê giúp mình với.,bạn liệt kê giúp mình với
vi-VN,conv-26-turn-11.txt,Bạn hướng dẫn mình nhé.,bạn hướng dẫn mình nhé.,bạn hướng dẫn mình nhé
vi-VN,conv-26-turn-12.txt,Cảm ơn cậu nhé. Câu trả lời rất rõ ràng. Mình đã hiểu rồi.,"cảm ơn cậu nhé. câu trả lời rất rõ ràng, mình đã hiểu rồi.",cảm ơn cậu nhé câu trả lời rất rõ ràng mình đã hiểu rồi
vi-VN,conv-26-turn-13.txt,Cảm ơn nhé.,cảm ơn nhé.,cảm ơn nhé
vi-VN,conv-26-turn-2.txt,C N 8 4 5.,CN tám bốn năm.,c n tám bốn năm
vi-VN,conv-26-turn-3.txt,"Tên của mình là Trần Minh. Email là minh chấm trần a còng Gmail chấm com. Số điện thoại là cộng 8 4 9 1 1 2 3 4 5 6 7 8. Địa chỉ là 1 2 3 đường Lê Lợi, Thành phố Hồ Chí Minh, 700000, Việt Nam.","Tên của mình là Trần Minh, email là minh.chtran@gmail.com, số điện thoại là +84 91 1234 5678, địa chỉ là 123 Đường Lê lợi, Thành phố Hồ Chí Minh, 700.000 Việt Nam.",tên của mình là trần minh email là minh chấm trần a còng gmail chấm com số điện thoại là cộng tám mươi bốn chín một một hai ba bốn năm sáu bảy tám địa chỉ là một hai ba đường lê lợi thành phố hồ chí minh bảy trăm nghìn việt nam
vi-VN,conv-26-turn-4.txt,Số điện thoại bị sai rồi. Số điện thoại của mình là cộng 8 4 9 1 1 2 3 4 5 6 7 8.,số điện thoại bị sai rồi. số điện thoại của mình là cộng tám tư chín một một hai ba bốn năm sáu bảy tám,số điện thoại bị sai rồi số điện thoại của mình là cộng tám tư chín một một hai ba bốn năm sáu bảy tám
vi-VN,conv-26-turn-5.txt,Sẵn sàng.,sẵn sàng.,sẵn sàng
vi-VN,conv-26-turn-6.txt,OK.,ok.,okay
vi-VN,conv-26-turn-7.txt,Mình muốn hỏi là khi trao đổi với ngân hàng thì mình cần nói như thế nào cho hợp lý nhờ?,mình muốn hỏi là khi mà trao đổi với ngân hàng thì mình cần nói như thế nào cho hợp lý nhở?,mình muốn hỏi là khi mà trao đổi với ngân hàng thì mình cần nói như thế nào cho hợp lý nhở
vi-VN,conv-26-turn-8.txt,Bạn hướng dẫn mình nhé.,bạn hướng dẫn mình nhé.,bạn hướng dẫn mình nhé
vi-VN,conv-26-turn-9.txt,Mình đã dùng thẻ được gần một năm rồi. Thanh toán đúng hạn và có chi tiêu đều hàng tháng. Nhưng mà mình chưa rõ mức thu nhập hay hồ sơ nào cần cung cấp để thuyết phục hơn ấy.,mình đã dùng thẻ được gần một năm rồi thanh toán đúng hạn và có chi tiêu đều hàng tháng nhưng mà mình chưa rõ mức thu nhập hay là hồ sơ nào cần cung cấp để thuyết phục hơn ấy.,mình đã dùng thẻ được gần một năm rồi thanh toán đúng hạn và có chi tiêu đều hàng tháng nhưng mà mình chưa rõ mức thu nhập hay là hồ sơ nào cần cung cấp để thuyết phục hơn ấy
vi-VN,conv-27-turn-0.txt,Chào Anna. Mình đang muốn tối ưu chi tiêu cá nhân và đang nghĩ đến việc tăng hạn mức thẻ tín dụng. Bạn có thể giúp mình xem là mình cần chuẩn bị những gì không?,"Chào Anna, mình đang muốn tối ưu chi tiêu cá nhân và nghĩ đến việc tăng hạn mức thẻ tín dụng. Bạn có thể giúp mình xem là mình cần chuẩn bị những gì không?",chào anna mình đang muốn tối ưu chi tiêu cá nhân và nghĩ đến việc tăng hạn mức thẻ tín dụng bạn có thể giúp mình xem là mình cần chuẩn bị những gì không
vi-VN,conv-27-turn-1.txt,OK bạn.,ok bạn.,okay bạn
vi-VN,conv-27-turn-10.txt,OK.,ok.,okay
vi-VN,conv-27-turn-11.txt,Thế thì khi mà mình trao đổi với ngân hàng thì mình cần nói như thế nào cho hợp lý giờ?,thế thì khi mà mình trao đổi với ngân hàng thì mình cần nói như thế nào cho hợp lý nhỉ,thế thì khi mà mình trao đổi với ngân hàng thì mình cần nói như thế nào cho hợp lý nhỉ
vi-VN,conv-27-turn-12.txt,Thế mình cần chuẩn bị những giấy tờ gì nhỉ?,thế mình cần cần chuẩn bị những cái giấy cái tờ gì nhỉ,thế mình cần cần chuẩn bị những cái giấy cái tờ gì nhỉ
vi-VN,conv-27-turn-13.txt,Bạn hướng dẫn lại cho mình với. Mình vẫn chưa rõ lắm.,bạn thường dẫn lại mình với mình vẫn chưa rõ lắm.,bạn thường dẫn lại mình với mình vẫn chưa rõ lắm
vi-VN,conv-27-turn-14.txt,Thế thì mất bao lâu để hệ thống gửi lại thông báo cho mình nhỉ?,thế thì mất bao lâu để hệ thống gửi lại thông báo cho mình nhỉ,thế thì mất bao lâu để hệ thống gửi lại thông báo cho mình nhỉ
vi-VN,conv-27-turn-15.txt,OK. Cảm ơn bạn nhé.,ok cảm ơn bạn nhé.,okay cảm ơn bạn nhé
vi-VN,conv-27-turn-16.txt,Cảm ơn bạn đã hỗ trợ mình.,cảm ơn bạn đã hỗ trợ mình.,cảm ơn bạn đã hỗ trợ mình
vi-VN,conv-27-turn-2.txt,C N 4 1 5.,cn bốn một năm,c n bốn một năm
vi-VN,conv-27-turn-3.txt,C N 4 1 8?,C N bốn một tám,c n bốn một tám
vi-VN,conv-27-turn-4.txt,Tên của mình là Trần Minh.,Tên của mình là Trần Minh.,tên của mình là trần minh
vi-VN,conv-27-turn-5.txt,Địa chỉ email của mình là minh chấm trần a còng Gmail chấm com.,địa chỉ email của mình là minh chấm trần a còng gmail chấm com,địa chỉ email của mình là minh chấm trần a còng gmail chấm com
vi-VN,conv-27-turn-6.txt,OK rồi.,ok rồi.,okay rồi
vi-VN,conv-27-turn-7.txt,Số điện thoại là cộng 8 4 9 1 1 2 3 4 5 6 7 8.,số điện thoại là cộng tám tư chín một một hai ba bốn năm sáu bảy tám,số điện thoại là cộng tám tư chín một một hai ba bốn năm sáu bảy tám
vi-VN,conv-27-turn-8.txt,"Mình muốn tất cả các thẻ ấy, tại vì mình đã dùng thẻ được một năm, thanh toán đúng hạn và có chi tiêu đều hàng tháng nhưng mình chưa rõ mức thu nhập hay là hồ sơ nào cần cung cấp để thuyết phục hơn?","mình muốn tất cả các thẻ, tại vì mình đã dùng thẻ được một năm thanh toán đúng hạn và có chi tiêu đều hàng tháng, nhưng nhưng mà mình chưa rõ cái mức thu nhập hay là hồ sơ nào cần cung cấp để thuyết phục hơn",mình muốn tất cả các thẻ tại vì mình đã dùng thẻ được một năm thanh toán đúng hạn và có chi tiêu đều hàng tháng nhưng nhưng mà mình chưa rõ cái mức thu nhập hay là hồ sơ nào cần cung cấp để thuyết phục hơn
vi-VN,conv-27-turn-9.txt,Mình sẵn sàng rồi.,mình sẵn sàng rồi.,mình sẵn sàng rồi
vi-VN,conv-28-turn-0.txt,"Xin chào Anna. Mình đang có một chút rắc rối với giấy tờ tài chính. Mình đang cần gấp bản sao sao kê tháng trước để nộp cho công ty, mà tìm mãi không thấy. Bạn giúp mình với.","Xin chào Anna, mình đang có một chút rắc rối với giấy tờ tài chính, mình đang cần gấp bản sao sao kê tháng trước tiền nộp cho công ty, mà tiền mãi không thấy bạn giúp mình với.",xin chào anna mình đang có một chút rắc rối với giấy tờ tài chính mình đang cần gấp bản sao sao kê tháng trước tiền nộp cho công ty mà tiền mãi không thấy bạn giúp mình với
vi-VN,conv-28-turn-1.txt,Nhanh giúp mình nhé.,nhanh giúp mình nhé.,nhanh giúp mình nhé
vi-VN,conv-28-turn-10.txt,Đúng rồi ạ.,nóng rồi.,nóng rồi
vi-VN,conv-28-turn-11.txt,Bạn gửi qua email cho mình nhé.,bạn gửi qua email cho mình nhé.,bạn gửi qua email cho mình nhé
vi-VN,conv-28-turn-12.txt,Làm nhanh giúp mình.,làm nhanh giúp mình.,làm nhanh giúp mình
vi-VN,conv-28-turn-13.txt,Cũng được. Bạn hướng dẫn mình tải bản sao kê bản PDF.,cũng được bạn hướng dẫn mình tải bản sao kê bản PDF,cũng được bạn hướng dẫn mình tải bản sao kê bản pdf
vi-VN,conv-28-turn-14.txt,Mình vừa mới đăng nhập vào rồi. Bình thường mình xem sao kê trên app nhưng mà chưa thử lấy bản cũ bao giờ. Bạn hướng dẫn lại mình với.,mình vừa mới đăng nhập vào rồi bình thường mình xem giao kèo trên app nhưng mà chưa thử lấy bản cũ bao giờ bạn thường dẫn lại mình với,mình vừa mới đăng nhập vào rồi bình thường mình xem giao kèo trên app nhưng mà chưa thử lấy bản cũ bao giờ bạn thường dẫn lại mình với
vi-VN,conv-28-turn-15.txt,"Mình mới thấy cái chỗ sao kê theo kỳ, đúng không?",mình mới thấy cái chỗ sao kê theo kỳ đúng không?,mình mới thấy cái chỗ sao kê theo kỳ đúng không
vi-VN,conv-28-turn-16.txt,Để mình làm thử nhá.,đợi mình làm thử nhá.,đợi mình làm thử nhá
vi-VN,conv-28-turn-17.txt,A. Nó báo là dữ liệu đã quá hạn 60 ngày rồi. Chỉ có thể yêu cầu lại qua tổng đài hoặc là đến chi nhánh.,à nó báo là dữ liệu đã quá hạn sáu mươi ngày rồi chỉ có thể yêu cầu lại qua tổng đài hoặc là đến chi nhánh,nó báo là dữ liệu đã quá hạn sáu mươi ngày rồi chỉ có thể yêu cầu lại qua tổng đài hoặc là đến chi nhánh
vi-VN,conv-28-turn-18.txt,Mình muốn đến xin ngân hàng xuất lại hóa đơn bổ sung hoặc là chi tiết giao dịch. Thế thì mình có cần báo cáo tài chính hoặc là quyết toán công tác không nhỉ?,mình muốn đến xin ngân hàng xuất lại hóa đơn bổ sung hoặc là chi tiết giao dịch thế thì mình có cần báo cáo tài chính hoặc là quyết toán công tác không nhở?,mình muốn đến xin ngân hàng xuất lại hóa đơn bổ sung hoặc là chi tiết giao dịch thế thì mình có cần báo cáo tài chính hoặc là quyết toán công tác không nhở
vi-VN,conv-28-turn-19.txt,Bạn hướng dẫn mình với.,bạn hướng dẫn mình rồi.,bạn hướng dẫn mình rồi
vi-VN,conv-28-turn-2.txt,Sẵn sàng.,cảnh sáng.,cảnh sáng
vi-VN,conv-28-turn-20.txt,Tiếp tục.,tiếp tục,tiếp tục
vi-VN,conv-28-turn-21.txt,Nếu mà mình đến xin thì họ có gửi cả sao kê lẫn hóa đơn không?,nhớ mà mình đến xin thì họ có gửi cả sao kê lẫn hóa đơn không?,nhớ mà mình đến xin thì họ có gửi cả sao kê lẫn hóa đơn không
vi-VN,conv-28-turn-22.txt,Bạn liệt kê giúp mình nhé.,bạn tuyệt chế giúp mình nhé.,bạn tuyệt chế giúp mình nhé
vi-VN,conv-28-turn-23.txt,Thôi. Mình đã rõ rồi. Cảm ơn bạn nhé.,thôi mình đã rõ rồi cảm ơn bạn nhé.,thôi mình đã rõ rồi cảm ơn bạn nhé
vi-VN,conv-28-turn-3.txt,Mình đã sẵn sàng rồi.,mình đã sẵn sàng rồi.,mình đã sẵn sàng rồi
vi-VN,conv-28-turn-4.txt,C N 4 9 0.,k n bốn chín không,k n bốn chín không
vi-VN,conv-28-turn-5.txt,C N 4 9 0.,cn bốn chín không,c n bốn chín không
vi-VN,conv-28-turn-6.txt,C N 4 9 0.,CN bốn chín không.,c n bốn chín không
vi-VN,conv-28-turn-7.txt,Tên của mình là Trần Minh.,Tên của mình là Trần Minh.,tên của mình là trần minh
vi-VN,conv-28-turn-8.txt,Email của mình là minh chấm trần a còng Gmail chấm com.,Email của mình là minh.chẩn@gmail.com.,email của mình là minh chấm chẩn a còng gmail chấm com
vi-VN,conv-28-turn-9.txt,Số điện thoại là cộng 8 4 9 1 1 2 3 4 5 6 7 8.,số điện thoại là cộng tám bốn chín một một hai ba bốn năm sáu bảy tám,số điện thoại là cộng tám bốn chín một một hai ba bốn năm sáu bảy tám
vi-VN,conv-29-turn-0.txt,Xin chào. Tôi muốn nâng hạn mức thẻ tín dụng.,"xin chào, tôi muốn đơn hàng mất thẻ tín dụng.",xin chào tôi muốn đơn hàng mất thẻ tín dụng
vi-VN,conv-29-turn-1.txt,Tôi sẵn sàng.,tôi sẵn sàng.,tôi sẵn sàng
vi-VN,conv-29-turn-10.txt,Xin cảm ơn.,xin cảm ơn.,xin cảm ơn
vi-VN,conv-29-turn-11.txt,Tôi không thấy được cái thông báo.,ờ tôi không thấy được cái thông báo,tôi không thấy được cái thông báo
vi-VN,conv-29-turn-12.txt,Tôi không thấy gì hết. Có thể hỗ trợ ngay tại đây được không?,tôi không thấy gì hết. có thể hỗ trợ ngay tại đây được không?,tôi không thấy gì hết có thể hỗ trợ ngay tại đây được không
vi-VN,conv-29-turn-13.txt,Muốn. Vui lòng kết nối tôi với một nhân viên hỗ trợ trực tiếp.,muốn vui lòng kết nối tôi với một nhân viên hỗ trợ trực tiếp.,muốn vui lòng kết nối tôi với một nhân viên hỗ trợ trực tiếp
vi-VN,conv-29-turn-14.txt,Tôi muốn thử lại ngay bây giờ.,tôi muốn thử lại ngay bây giờ.,tôi muốn thử lại ngay bây giờ
vi-VN,conv-29-turn-15.txt,Tôi muốn biết là tôi có đủ khả năng được tăng hạn mức thẻ tín dụng hay không?,tôi cũng biết là tôi có đủ khả năng được tăng hạn mức hay tác dụng hay không.,tôi cũng biết là tôi có đủ khả năng được tăng hạn mức hay tác dụng hay không
vi-VN,conv-29-turn-16.txt,Tôi cần chuẩn bị những giấy tờ gì để có thể được tăng hạn mức?,tôi cần chuẩn bị những giấy tờ gì để có thể được tăng hạn mức?,tôi cần chuẩn bị những giấy tờ gì để có thể được tăng hạn mức
vi-VN,conv-29-turn-17.txt,Vui lòng kết nối tôi với nhân viên hỗ trợ trực tiếp.,vui lòng cất nói tôi với nhân viên hỗ trợ trực tiếp.,vui lòng cất nói tôi với nhân viên hỗ trợ trực tiếp
vi-VN,conv-29-turn-18.txt,Vui lòng kết nối tôi với nhân viên hỗ trợ trực tiếp.,vui lòng kết nối tôi với nhân viên hỗ trợ trực tiếp.,vui lòng kết nối tôi với nhân viên hỗ trợ trực tiếp
vi-VN,conv-29-turn-19.txt,Không. Xin cảm ơn.,không xin cảm ơn,không xin cảm ơn
vi-VN,conv-29-turn-2.txt,Mã theo dõi của tôi là C N 1 1 3.,mã theo dõi của tôi là cn một một ba,mã theo dõi của tôi là c n một một ba
vi-VN,conv-29-turn-3.txt,"Tôi đã ghi xuống mã, không cần nghe lại.",tôi đã ghi xuống mã không cần nghe lại.,tôi đã ghi xuống mã không cần nghe lại
vi-VN,conv-29-turn-4.txt,Tên của tôi là Trần Minh.,tên của tôi là Trần Minh.,tên của tôi là trần minh
vi-VN,conv-29-turn-5.txt,Địa chỉ email là minh chấm trần a còng email chấm com.,địa chỉ email là minh chấm trần a cộng email chấm com,địa chỉ email là minh chấm trần a cộng email chấm com
vi-VN,conv-29-turn-6.txt,Số điện thoại là cộng 84 9 1 1 2 3 4 5 6 7 8.,số điện thoại là cộng tám mươi bốn chín một một hai ba bốn năm sáu bảy tám,số điện thoại là cộng tám mươi bốn chín một một hai ba bốn năm sáu bảy tám
vi-VN,conv-29-turn-7.txt,Thông tin chính xác.,thông tin chính xác.,thông tin chính xác
vi-VN,conv-29-turn-8.txt,Rồi. Sẵn sàng rồi.,rồi sẵn sàng rồi.,rồi sẵn sàng rồi
vi-VN,conv-29-turn-9.txt,Đã sẵn sàng.,đã sẵn sàng.,đã sẵn sàng
vi-VN,conv-3-turn-0.txt,"Làm mất thẻ có xin cấp lại thẻ, muốn hỏi coi khi nào thì nhận được cái thẻ đó?",làm mất thẻ có xin cấp lại thẻ muốn hỏi coi là khi nào nhận được cái thẻ đó.,làm mất thẻ có xin cấp lại thẻ muốn hỏi coi là khi nào nhận được cái thẻ đó
vi-VN,conv-3-turn-1.txt,Ờ. Cám ơn.,cảm ơn,cảm ơn
vi-VN,conv-3-turn-10.txt,Không phải. Minh chấm.,không phải mình dám,không phải mình dám
vi-VN,conv-3-turn-11.txt,Email là minh chấm trần.,email là Minh Giấm Giòn,email là minh giấm giòn
vi-VN,conv-3-turn-12.txt,Minh chấm trần a còng email chấm com.,minh chấm trần a cộng email chấm com,minh chấm trần a cộng email chấm com
vi-VN,conv-3-turn-13.txt,"À, rồi.",à rồi.,rồi
vi-VN,conv-3-turn-14.txt,Đúng rồi. Đúng rồi.,đúng rồi đúng rồi.,đúng rồi đúng rồi
vi-VN,conv-3-turn-15.txt,Số điện thoại là cộng 84 9 1 1 2 3 4 5 6 7 8.,số điện thoại là cộng tám mươi bốn chín một một hai ba bốn năm sáu bảy tám,số điện thoại là cộng tám mươi bốn chín một một hai ba bốn năm sáu bảy tám
vi-VN,conv-3-turn-16.txt,Chưa đúng. Chính xác phải là cộng 84 9 1 1 2 3 4 5 6 7 8.,chưa đúng chính xác phải là cộng tám mươi bốn chín một một hai ba bốn năm sáu bảy tám,chưa đúng chính xác phải là cộng tám mươi bốn chín một một hai ba bốn năm sáu bảy tám
vi-VN,conv-3-turn-17.txt,Tôi muốn hỏi là có cần phải trả phí gì cho cái thẻ không?,tôi muốn hỏi là có cần phải trả phí gì cho cái thẻ không?,tôi muốn hỏi là có cần phải trả phí gì cho cái thẻ không
vi-VN,conv-3-turn-18.txt,Có. Vui lòng chuyển qua cho nhân viên.,có vui lòng chuyển qua cho nhân viên,có vui lòng chuyển qua cho nhân viên
vi-VN,conv-3-turn-19.txt,OK. Cảm ơn.,OK cảm ơn.,okay cảm ơn
vi-VN,conv-3-turn-2.txt,Sẵn sàng.,ờ sao sẵn sàng.,sao sẵn sàng
vi-VN,conv-3-turn-3.txt,Sẵn sàng rồi. Sẵn sàng rồi.,"sẵn sàng rồi, sẵn sàng rồi.",sẵn sàng rồi sẵn sàng rồi
vi-VN,conv-3-turn-4.txt,Mã là C N 3 4 6.,mã là cm ba bốn sáu,mã là c m ba bốn sáu
vi-VN,conv-3-turn-5.txt,Họ tên là Trần Minh.,họ tên là Trần Minh.,họ tên là trần minh
vi-VN,conv-3-turn-6.txt,Email là minh chấm trần a còng email chấm com.,email là minh tuấn trần hay còn email trấn cường,email là minh tuấn trần hay còn email trấn cường
vi-VN,conv-3-turn-7.txt,Không. Không phải. Đúng là minh chấm trần a còng email chấm com.,không không phải đúng là Minh Trắm Trần A Cồng đi neo chuyến cơm.,không không phải đúng là minh trắm trần a cồng đi neo chuyến cơm
vi-VN,conv-3-turn-8.txt,Email chưa đúng. Email phải là minh chấm trần a còng email chấm com.,email email chưa đúng email phải là minh chấm trần a cộng email chấm cơm,email email chưa đúng email phải là minh chấm trần a cộng email chấm cơm
vi-VN,conv-3-turn-9.txt,Còn.,à.,
vi-VN,conv-30-turn-0.txt,Tôi muốn.,tôi muốn,tôi muốn
vi-VN,conv-30-turn-1.txt,Tôi muốn xem lại sao kê gần đây nhất.,tôi muốn tôi muốn xem lại cái sau kê gần đây nhất,tôi muốn tôi muốn xem lại cái sao kê gần đây nhất
vi-VN,conv-30-turn-10.txt,Tất cả giao dịch.,tất cả giao dịch.,tất cả giao dịch
vi-VN,conv-30-turn-11.txt,Đọc hết tất cả theo trình tự thời gian.,đọc hết tất cả theo trình tự thời gian.,đọc hết tất cả theo trình tự thời gian
vi-VN,conv-30-turn-12.txt,OK. Cảm ơn.,ok cảm ơn,okay cảm ơn
vi-VN,conv-30-turn-13.txt,Tôi muốn kiểm tra tổng quan thông tin tài khoản.,tôi muốn kiểm tra tổng quan thông tin tài khoản.,tôi muốn kiểm tra tổng quan thông tin tài khoản
vi-VN,conv-30-turn-14.txt,Tổng số tiền để chi tiêu.,tổng số tiền để chi tiêu.,tổng số tiền để chi tiêu
vi-VN,conv-30-turn-15.txt,Cảm ơn.,cảm ơn,cảm ơn
vi-VN,conv-30-turn-16.txt,Tôi muốn xem lại số dư.,tôi muốn xem lại số dư.,tôi muốn xem lại số dư
vi-VN,conv-30-turn-17.txt,Qua email.,em gõ email,em gõ email
vi-VN,conv-30-turn-18.txt,Có. Vui lòng hướng dẫn.,có vừa làm hướng dẫn,có vừa làm hướng dẫn
vi-VN,conv-30-turn-19.txt,Không tìm thấy được.,không tìm thấy được.,không tìm thấy được
vi-VN,conv-30-turn-2.txt,Rồi. Tôi sẵn sàng.,rồi tôi xứng sẻ,rồi tôi xứng sẻ
vi-VN,conv-30-turn-20.txt,Có. Vui lòng hỗ trợ.,có vui lòng hỗ trợ.,có vui lòng hỗ trợ
vi-VN,conv-30-turn-21.txt,Tôi đăng nhập rồi nhưng không thấy gì hết. Kì quá.,tôi đang nhập rồi nhưng không thấy gì hết kỳ quá,tôi đang nhập rồi nhưng không thấy gì hết kỳ quá
vi-VN,conv-30-turn-22.txt,Tôi dùng Android. Tôi không thấy được gì hết.,"tôi dùng android, tôi không thấy gì được hết.",tôi dùng android tôi không thấy gì được hết
vi-VN,conv-30-turn-23.txt,OK. Đợi tôi một xíu.,ok để tôi một xíu.,okay để tôi một xíu
vi-VN,conv-30-turn-24.txt,OK. OK.,ok ok,okay okay
vi-VN,conv-30-turn-25.txt,Rồi. Rồi. Rồi.,rồi rồi rồi.,rồi rồi rồi
vi-VN,conv-30-turn-26.txt,Kiểm tra xong rồi ạ.,kiểm tra xong rồi.,kiểm tra xong rồi
vi-VN,conv-30-turn-27.txt,Có. Có.,có có.,có có
vi-VN,conv-30-turn-28.txt,Chưa. Chưa.,juu juu,juu juu
vi-VN,conv-30-turn-29.txt,Thấy rồi. Thấy rồi.,thấy rồi thấy rồi,thấy rồi thấy rồi
vi-VN,conv-30-turn-3.txt,Mã của tôi là C N 8 7 6.,mã của tôi là CN tám bảy sáu,mã của tôi là c n tám bảy sáu
vi-VN,conv-30-turn-30.txt,Thấy rồi.,thường.,thường
vi-VN,conv-30-turn-31.txt,Đã tìm thấy.,đã tìm thấy.,đã tìm thấy
vi-VN,conv-30-turn-32.txt,Đã xong.,đã xong.,đã xong
vi-VN,conv-30-turn-33.txt,"Tôi muốn kiểm tra các giao dịch, các sao kê gần đây nhất.",rồi muốn kiểm tra các giao dịch các sao kê gần đây nhất,muốn kiểm tra các giao dịch các sao kê gần đây nhất
vi-VN,conv-30-turn-34.txt,Qua ứng dụng đi.,quản dụng đi,quản dụng đi
vi-VN,conv-30-turn-35.txt,"Rồi, rồi.",rồi rồi.,rồi rồi
vi-VN,conv-30-turn-36.txt,Đã thấy. Đã thấy.,đã thấy đã thấy.,đã thấy đã thấy
vi-VN,conv-30-turn-37.txt,Thấy rồi. Thấy rồi. Thấy rồi.,"thế rồi, thế rồi, thế rồi",thế rồi thế rồi thế rồi
vi-VN,conv-30-turn-38.txt,Thấy rồi.,thế rồi.,thế rồi
vi-VN,conv-30-turn-39.txt,Tôi không cần đâu. Tôi muốn nói chuyện với người trực tiếp.,"em cần đâu, tôi muốn nói chuyện với người trực tiếp.",em cần đâu tôi muốn nói chuyện với người trực tiếp
vi-VN,conv-30-turn-4.txt,Tên đầy đủ là Trần Minh.,tên đầy đủ là Trần Minh.,tên đầy đủ là trần minh
vi-VN,conv-30-turn-40.txt,Thôi được rồi. Cảm ơn.,thôi rồi cảm ơn.,thôi rồi cảm ơn
vi-VN,conv-30-turn-5.txt,Địa chỉ email là minh chấm trần a còng email chấm com.,địa chỉ email là minh chấm trần a cộng email chấm com,địa chỉ email là minh chấm trần a cộng email chấm com
vi-VN,conv-30-turn-6.txt,Số điện thoại là cộng 84 9 1.,số điện thoại là cộng tám tư chín một,số điện thoại là cộng tám tư chín một
vi-VN,conv-30-turn-7.txt,Số điện thoại đầy đủ là cộng 84 9 1 1 2 3 4 5 6 7 8.,số điện thoại đầy đủ là tổng tám tư chín một một hai ba bốn năm sáu bảy tám,số điện thoại đầy đủ là tổng tám tư chín một một hai ba bốn năm sáu bảy tám
vi-VN,conv-30-turn-8.txt,Không cần chỉnh sửa. Mọi thứ đều chính xác.,không cần chỉnh sửa mọi thứ đều chính xác.,không cần chỉnh sửa mọi thứ đều chính xác
vi-VN,conv-30-turn-9.txt,Tôi muốn nghe ngay bây giờ.,tôi muốn nghe ngay bây giờ.,tôi muốn nghe ngay bây giờ
vi-VN,conv-31-turn-0.txt,Chào Anna nhé. Tôi đang muốn xem xét tăng hạn mức thẻ tín dụng của tôi. Bạn giúp tôi xem điều kiện với cả quy trình để được tăng hạn mức như thế nào với.,"chào Anna nhé, tôi đang muốn xem xét tăng hạn mức thẻ tín dụng của tôi, bạn giúp tôi xem là cái điều kiện về cả quy trình để được tăng hạn mức như thế nào với",chào anna nhé tôi đang muốn xem xét tăng hạn mức thẻ tín dụng của tôi bạn giúp tôi xem là cái điều kiện về cả quy trình để được tăng hạn mức như thế nào với
vi-VN,conv-31-turn-1.txt,"C N 2 9 4, đúng không?",CN hai chín bốn nu không.,c n hai chín bốn nu không
vi-VN,conv-31-turn-10.txt,Được.,được.,được
vi-VN,conv-31-turn-11.txt,Bạn giúp tôi bổ sung giấy tờ sao kê lương hoặc là chứng minh tài chính như thế nào nhở?,bạn giúp tôi bổ sung giấy tờ sao kê lương hoặc là chứng minh tài chính như thế nào nhỉ,bạn giúp tôi bổ sung giấy tờ sao kê lương hoặc là chứng minh tài chính như thế nào nhỉ
vi-VN,conv-31-turn-12.txt,"Hay là bạn kiểm tra giúp mình tình trạng phát hành với cả ngày gửi đi cho cái thẻ mới, thẻ thay thế ấy.","hay là bạn kiểm tra giúp mình cái tình trạng phát hành với cả ngày gửi đi cho cái thẻ mới, cái thẻ thay thế ấy.",hay là bạn kiểm tra giúp mình cái tình trạng phát hành với cả ngày gửi đi cho cái thẻ mới cái thẻ thay thế ấy
vi-VN,conv-31-turn-13.txt,Nếu có mã theo dõi đơn hàng thì kiểm tra luôn giúp tôi nhé.,nếu có mã theo dõi đơn hàng thì kiểm tra luôn giúp tôi nhé.,nếu có mã theo dõi đơn hàng thì kiểm tra luôn giúp tôi nhé
vi-VN,conv-31-turn-14.txt,Thế thì khoảng bao nhiêu ngày tôi mới nhận được thẻ vậy?,thế thì khoảng bao nhiêu ngày thì tôi mới nhận được thẻ vậy?,thế thì khoảng bao nhiêu ngày thì tôi mới nhận được thẻ vậy
vi-VN,conv-31-turn-15.txt,Tôi cần bản sao kê hoặc là hóa đơn mới nhất của thẻ tín dụng. Bạn giúp tôi gửi qua email đã đăng ký nhé.,"tôi cần kế bản, sao kê hoặc là hóa đơn mới nhất của thẻ tiến dụng ấy. bạn giúp tôi gửi qua email đã đăng ký nhé.",tôi cần kế bản sao kê hoặc là hóa đơn mới nhất của thẻ tiến dụng ấy bạn giúp tôi gửi qua email đã đăng ký nhé
vi-VN,conv-31-turn-16.txt,OK.,ok.,okay
vi-VN,conv-31-turn-2.txt,C N 2 9 2 à?,CN hai chín hai.,c n hai chín hai
vi-VN,conv-31-turn-3.txt,C N 2 9 2.,C N hai chín hai,c n hai chín hai
vi-VN,conv-31-turn-4.txt,Tên của tôi là Trần Minh.,Tên của tôi là Trần Minh.,tên của tôi là trần minh
vi-VN,conv-31-turn-5.txt,Minh chấm trần a còng Gmail chấm com.,minh trần acongmail.com,minh trần a còng gmail chấm com
vi-VN,conv-31-turn-6.txt,Đúng rồi.,đúng rồi.,đúng rồi
vi-VN,conv-31-turn-7.txt,Cộng 8 4 9 1 1 2 3 4 5 6 7 8.,cộng tám bốn chín một một hai ba bốn năm sáu bảy tám,cộng tám bốn chín một một hai ba bốn năm sáu bảy tám
vi-VN,conv-31-turn-8.txt,Đúng rồi.,đúng rồi.,đúng rồi
vi-VN,conv-31-turn-9.txt,Tôi sẵn sàng rồi.,tôi sẵn sàng rồi,tôi sẵn sàng rồi
vi-VN,conv-32-turn-0.txt,Chào Anna. Em đang muốn hỏi về việc tăng hạn mức thẻ tín dụng. Không biết là hiện tại em có đủ điều kiện không nhỉ? Với cả chị giúp em cách nộp hồ sơ hay các giấy tờ cần thiết nhé.,"chào Anna, em đang muốn hỏi về việc tăng hạn mức thẻ tín dụng, không biết là hiện tại em có đủ điều kiện không nhỉ? Với cả bạn chị giúp em cách nộp hồ sơ hoặc là giấy tờ cần thiết nhé.",chào anna em đang muốn hỏi về việc tăng hạn mức thẻ tín dụng không biết là hiện tại em có đủ điều kiện không nhỉ với cả bạn chị giúp em cách nộp hồ sơ hoặc là giấy tờ cần thiết nhé
vi-VN,conv-32-turn-1.txt,Vâng ạ.,vâng ạ.,vâng ạ
vi-VN,conv-32-turn-10.txt,Vâng ạ.,vâng ạ.,vâng ạ
vi-VN,conv-32-turn-11.txt,Dạ.,đó.,đó
vi-VN,conv-32-turn-12.txt,Từ từ đã. Cho em cái bản sao sao kê hoặc là hóa đơn gần nhất được không ạ? Anh chị gửi qua email đăng ký giúp em được không ạ?,từ từ đã cho em cái bản sao sắp kê hoặc là hóa đơn gần nhất được không ạ? Anh chị gửi qua email đăng ký giúp em được không ạ?,từ từ đã cho em cái bản sao sắp kê hoặc là hóa đơn gần nhất được không anh chị gửi qua email đăng ký giúp em được không
vi-VN,conv-32-turn-13.txt,Vâng ạ.,loà.,loà
vi-VN,conv-32-turn-14.txt,Dạ được ạ.,"ừ, đã được ạ.",đã được ạ
vi-VN,conv-32-turn-15.txt,"À. Với lại em đang chờ cái thẻ mới, cái thẻ thay thế ấy. Anh chị giúp em kiểm tra tình trạng phát hành với cả thẻ đã gửi đi chưa giúp em với ạ.","À, với lại em đang chờ cái thẻ mới, cái thẻ thay thế. Anh chỉ giúp em kiểm tra xem là cái tình trạng phát hành với cả thẻ đã gửi đi chưa giúp em với ạ.",với lại em đang chờ cái thẻ mới cái thẻ thay thế anh chỉ giúp em kiểm tra xem là cái tình trạng phát hành với cả thẻ đã gửi đi chưa giúp em với
vi-VN,conv-32-turn-16.txt,Vâng ạ.,vâng ạ.,vâng ạ
vi-VN,conv-32-turn-17.txt,Thông báo cập nhật đấy gửi qua đâu ạ?,không bảo cập nhật tí gửi qua đâu ạ.,không bảo cập nhật tí gửi qua đâu ạ
vi-VN,conv-32-turn-18.txt,Thế thì khi mà phát hành thì bao lâu em mới nhận được thẻ đấy ạ?,thế thì khi mà phát hành thì bao lâu thì em mới nhận được thẻ đây ạ,thế thì khi mà phát hành thì bao lâu thì em mới nhận được thẻ đây ạ
vi-VN,conv-32-turn-19.txt,Dạ vâng. Em cảm ơn ạ.,dạ vâng em cảm ơn ạ.,dạ vâng em cảm ơn
vi-VN,conv-32-turn-2.txt,C N 4 3 3.,CN bốn ba ba.,c n bốn ba ba
vi-VN,conv-32-turn-3.txt,Em tên là Trần Minh ạ.,em tên là Trần Minh ạ.,em tên là trần minh
vi-VN,conv-32-turn-4.txt,Minh chấm trần a còng Gmail chấm com.,minh.chtrn@gmail.com,minh chtrn a còng gmail chấm com
vi-VN,conv-32-turn-5.txt,Đúng rồi ạ.,đúng rồi ạ.,đúng rồi ạ
vi-VN,conv-32-turn-6.txt,Cộng 8 4 9 1 1 2 3 4 5 6 7 8.,cộng tam bốn chín một một hai ba bốn năm sáu bảy tám,cộng tam bốn chín một một hai ba bốn năm sáu bảy tám
vi-VN,conv-32-turn-7.txt,Cộng 8 4 9 1 1 2 3 4 5 6 7 8 ạ.,cộng tám bốn chín một một hai ba bốn năm sáu bảy tám ạ,cộng tám bốn chín một một hai ba bốn năm sáu bảy tám
vi-VN,conv-32-turn-8.txt,Đúng rồi ạ.,lông đâu ya.,lông đâu ya
vi-VN,conv-32-turn-9.txt,Được rồi ạ.,được rồi ạ.,được rồi ạ
vi-VN,conv-33-turn-0.txt,Chào Anna nhé. Tôi gọi để được hỗ trợ một số thông tin liên quan đến thẻ tín dụng. Bạn giúp mình được không?,"Chào Anna nhé, tôi gọi để được hỗ trợ một số thông tin liên quan đến thẻ tín dụng. Bạn giúp mình được không?",chào anna nhé tôi gọi để được hỗ trợ một số thông tin liên quan đến thẻ tín dụng bạn giúp mình được không
vi-VN,conv-33-turn-1.txt,Bạn đọc giúp mình với.,bạn đọc giúp mình với.,bạn đọc giúp mình với
vi-VN,conv-33-turn-10.txt,"Thế bạn kiểm tra thẻ mới hay thẻ thay thế giúp mình với, tình trạng ngày phát hành, ngày gửi nếu có. Với cả cung cấp mã theo dõi giúp mình với nhé.",thế bạn kiểm tra thẻ mới hoặc là cái thẻ thay thế giúp mình với cái tình trạng ngày phát hành ngày gửi nếu có nhé với cả cung cấp mã theo dõi cho mình với nhé,thế bạn kiểm tra thẻ mới hoặc là cái thẻ thay thế giúp mình với cái tình trạng ngày phát hành ngày gửi nếu có nhé với cả cung cấp mã theo dõi cho mình với nhé
vi-VN,conv-33-turn-11.txt,Được.,được.,được
vi-VN,conv-33-turn-2.txt,C N 6 0 7.,cn sáu không bảy,c n sáu không bảy
vi-VN,conv-33-turn-3.txt,Tên của mình là Trần Minh.,tên của mình là Trần Minh,tên của mình là trần minh
vi-VN,conv-33-turn-4.txt,Email của tôi là minh chấm trần a còng Gmail chấm com.,Email của tôi là minh.chtrn@gmail.com.,email của tôi là minh chấm chtrn a còng gmail chấm com
vi-VN,conv-33-turn-5.txt,Minh chấm trần a còng Gmail chấm com.,minh.chtrn@gmail.com,minh chtrn a còng gmail chấm com
vi-VN,conv-33-turn-6.txt,Số điện thoại là cộng 8 4 9 1 1 2 3 4 5 6 7 8.,Số điện thoại là: cộng tám bốn chín một một hai ba bốn năm sáu bảy tám,số điện thoại là cộng tám bốn chín một một hai ba bốn năm sáu bảy tám
vi-VN,conv-33-turn-7.txt,Cộng 8 4 9 1 1 2 3 4 5 6 7 8.,cộng tam bốn chín một một hai ba bốn năm sáu bảy tám,cộng tam bốn chín một một hai ba bốn năm sáu bảy tám
vi-VN,conv-33-turn-8.txt,Tôi đang muốn xem xét tăng hạn mức thẻ tín dụng. Bạn cho tôi xem điều kiện với quy trình cũng như tôi cần cung cấp các giấy tờ gì để được xét duyệt nhỉ?,"bạn tôi đang muốn xem xét tăng hạn mức thẻ tiến dụng ấy, bạn cho tôi xem là cái điều kiện với cả quy trình cũng như là tôi cần cung cấp cái giấy tờ gì để được xét duyệt nhỉ?",bạn tôi đang muốn xem xét tăng hạn mức thẻ tiến dụng ấy bạn cho tôi xem là cái điều kiện với cả quy trình cũng như là tôi cần cung cấp cái giấy tờ gì để được xét duyệt nhỉ
vi-VN,conv-33-turn-9.txt,Tôi đang cần bản sao sao kê hoặc hóa đơn mới nhất. Bạn có thể giúp tôi được không Gửi qua email đăng ký hoặc là hướng dẫn tôi cách tải.,"Tôi đang cần bản sao sao kê hoặc hóa đơn mới nhất, bạn có giúp tôi được không? gửi qua email đăng ký hoặc là hướng dẫn tôi cách tải.",tôi đang cần bản sao sao kê hoặc hóa đơn mới nhất bạn có giúp tôi được không gửi qua email đăng ký hoặc là hướng dẫn tôi cách tải
vi-VN,conv-34-turn-0.txt,Chào Anna. Em gọi để nhờ mình hỗ trợ một vài thông tin liên quan đến thẻ tín dụng của em.,"Chào Anna, em gọi để nhờ mình hỗ trợ một vài thông tin liên quan đến thẻ tín dụng của em ấy.",chào anna em gọi để nhờ mình hỗ trợ một vài thông tin liên quan đến thẻ tín dụng của em ấy
vi-VN,conv-34-turn-1.txt,C N 2 8 1.,cn hai tám một,c n hai tám một
vi-VN,conv-34-turn-10.txt,"Thế anh chị cho em xin mã theo dõi đơn hàng với ạ, để cho em chủ động kiểm tra.",thế anh chị cho em xin cái mã theo dõi đơn hàng với ạ để cho em chủ động kiểm tra ấy.,thế anh chị cho em xin cái mã theo dõi đơn hàng với để cho em chủ động kiểm tra ấy
vi-VN,conv-34-turn-11.txt,Nếu thẻ bị gửi chậm thì ngân hàng có cách nào hỗ trợ tạm thời như là cấp thẻ ảo hay là hình thức thay thế không ạ? Anh chị giới thiệu giúp em để em cân nhắc với.,nếu mà thẻ mà bị gửi chậm ấy thì ngân hàng có cách nào hỗ trợ tạm thời như là cấp thẻ áo hoặc là hình thức thay thế không ạ anh chị giới thiệu giúp em để em cân nhắc với,nếu mà thẻ mà bị gửi chậm ấy thì ngân hàng có cách nào hỗ trợ tạm thời như là cấp thẻ áo hoặc là hình thức thay thế không ạ anh chị giới thiệu giúp em để em cân nhắc với
vi-VN,conv-34-turn-2.txt,Tên của mình là Trần Thu.,tên của mình là trần thu,tên của mình là trần thu
vi-VN,conv-34-turn-3.txt,Email là minh chấm trần a còng Gmail chấm com.,email là minh chấm trần a cộng gmail.com,email là minh chấm trần a còng gmail chấm com
vi-VN,conv-34-turn-4.txt,Cộng 8 4 9 1 1 2 3 4 5 6 7 8.,cộng tam bốn chín một một hai ba bốn năm sáu bảy tám,cộng tam bốn chín một một hai ba bốn năm sáu bảy tám
vi-VN,conv-34-turn-5.txt,"Đầu tiên, em muốn hỏi về việc tăng hạn mức thẻ tín dụng của em, tại vì dạo gần đây nhu cầu của em có tăng. Chi tiêu công việc, đi lại với một số khoản thanh toán lớn nên em muốn xem liệu hạn mức có thể được nâng lên hay không. Anh chị giúp em kiểm tra xem thẻ của em có nằm trong diện được xét tăng hạn mức không ạ?","đầu tiên em muốn hỏi về việc tăng hạn mức thẻ tiến dụng của em, tại vì dạo gần đây nhu cầu của em có tăng ấy, kiểu như là chi tiêu công việc, đi lại, với cả một số khoản thanh toán lớn, nên là em muốn xem liệu hạn mức có thể được nâng lên hay không. Anh chỉ giúp em kiểm tra xem là thẻ của em còn nằm trong diện được xét tăng hạn mức không ạ?",đầu tiên em muốn hỏi về việc tăng hạn mức thẻ tiến dụng của em tại vì dạo gần đây nhu cầu của em có tăng ấy kiểu như là chi tiêu công việc đi lại với cả một số khoản thanh toán lớn nên là em muốn xem liệu hạn mức có thể được nâng lên hay không anh chỉ giúp em kiểm tra xem là thẻ của em còn nằm trong diện được xét tăng hạn mức không ạ
vi-VN,conv-34-turn-6.txt,Vâng ạ.,vâng ạ,vâng ạ
vi-VN,conv-34-turn-7.txt,Thế em muốn xin bản sao sao kê hoặc là hóa đơn kỳ gần nhất của thẻ tín dụng được không ạ? Tại vì hiện tại em đang tổng hợp lại một vài chi tiêu của vài tháng gần đây nên cần bản sao kê mới nhất để theo dõi cho chính xác.,thế em muốn xin cái bản sao sao kê hoặc là hóa đơn kỳ gần nhất có thể tiến dụng được không ạ? tại vì hiện tại em đang tổng hợp lại một vài chi tiêu chi tiêu của vài tháng gần đây nên là cần bản sao kê mới nhất để theo dõi cho nó chính xác,thế em muốn xin cái bản sao sao kê hoặc là hóa đơn kỳ gần nhất có thể tiến dụng được không tại vì hiện tại em đang tổng hợp lại một vài chi tiêu chi tiêu của vài tháng gần đây nên là cần bản sao kê mới nhất để theo dõi cho nó chính xác
vi-VN,conv-34-turn-8.txt,Bạn gửi cho em giúp cái email đã đăng ký với ngân hàng hoặc là nếu có cách nào trực tiếp trên app thì giúp cho em để lần sau em chủ động thao tác hơn nha.,bạn gửi cho em giúp cái email đã đăng ký với ngân hàng hoặc là nếu có cách tạo trực tiếp trên app thì giúp cho em để lần sau em chủ động thao tác hơn nhá.,bạn gửi cho em giúp cái email đã đăng ký với ngân hàng hoặc là nếu có cách tạo trực tiếp trên app thì giúp cho em để lần sau em chủ động thao tác hơn nhá
vi-VN,conv-34-turn-9.txt,Em có yêu cầu phát hành thẻ mới trước đó nên em muốn hỏi xem là thẻ của em đã được xử lý đến đâu rồi? Anh chị kiểm tra giúp em xem thẻ của em đã được phát hành chưa và đã gửi đi chưa? Được vận chuyển chưa hay vẫn đang chờ xét duyệt ấy ạ?,em có cái yêu cầu phát hành thẻ mới trước đó nên là em muốn hỏi xem là thẻ của em đã được xử lý đến đâu rồi ạ? Anh chị kiểm tra giúp em xem là cái thẻ của em đã phát hành chưa và đã gửi đi chưa? Được vận chuyển chưa hay là vẫn đang chờ xét duyệt để ạ?,em có cái yêu cầu phát hành thẻ mới trước đó nên là em muốn hỏi xem là thẻ của em đã được xử lý đến đâu rồi anh chị kiểm tra giúp em xem là cái thẻ của em đã phát hành chưa và đã gửi đi chưa được vận chuyển chưa hay là vẫn đang chờ xét duyệt để ạ
vi-VN,conv-35-turn-0.txt,Tôi gọi để được hỗ trợ một số thông tin liên quan đến thẻ tín dụng của tôi.,tôi gọi để được hỗ trợ một số thông tin liên quan đến thẻ tín dụng của tôi.,tôi gọi để được hỗ trợ một số thông tin liên quan đến thẻ tín dụng của tôi
vi-VN,conv-35-turn-1.txt,C N 6 1 0 0.,CN sáu một không không.,c n sáu một không không
vi-VN,conv-35-turn-10.txt,Alo.,alo,alo
vi-VN,conv-35-turn-11.txt,Alo.,alo,alo
vi-VN,conv-35-turn-2.txt,C N 6 1 0.,cn sáu một không.,c n sáu một không
vi-VN,conv-35-turn-3.txt,C N 6 1 9.,CN sáu một chín.,c n sáu một chín
vi-VN,conv-35-turn-4.txt,Tên của tôi là Trần Thu.,tên của tôi là trần thu,tên của tôi là trần thu
vi-VN,conv-35-turn-5.txt,Email của tôi là thu chấm trần a còng Gmail chấm com.,email của tôi là thu chấm trần a cộng gmail chấm com,email của tôi là thu chấm trần a cộng gmail chấm com
vi-VN,conv-35-turn-6.txt,Đúng rồi ạ.,đúng rồi ạ.,đúng rồi ạ
vi-VN,conv-35-turn-7.txt,Cộng 8 4 9 1 1 2 3 4 5 6 7 8.,cộng tam bốn chín một một hai ba bốn năm sáu bảy tám,cộng tam bốn chín một một hai ba bốn năm sáu bảy tám
vi-VN,conv-35-turn-8.txt,Cộng 8 4 9 1 1 2 3 4 5 6 7 8.,cộng tám bốn chín một một hai ba bốn năm sáu bảy tám,cộng tám bốn chín một một hai ba bốn năm sáu bảy tám
vi-VN,conv-35-turn-9.txt,"Trước tiên, tôi muốn được tư vấn về việc tăng hạn mức thẻ tín dụng. Gần đây, nhu cầu chi tiêu và thanh toán của tôi có tăng. Vì vậy nên tôi muốn xem xét điều kiện để nâng hạn mức nhằm sử dụng thẻ thuận tiện hơn. Bạn thử kiểm tra giúp tôi xem là các thẻ của tôi có đủ điều kiện để xem xét tăng hạn mức không. Nếu mà cần cung cấp các giấy tờ như là sao kê lương hay là chứng minh thu nhập, hợp đồng lao động hay là bất kỳ cái hồ sơ nào khác thì bạn hướng dẫn tôi để tôi chuẩn bị đầy đủ nhá. Ngoài ra, tôi cũng mong bạn thông tin về cái thời gian dự kiến xét duyệt, quy trình nội bộ với các lưu ý quan trọng khi thực hiện nâng hạn mức.","Trước tiên là tôi muốn được tư vấn về việc tăng hạn mức thẻ tiến dụng. Gần đây thì nhu cầu chi tiêu với thanh toán của tôi có tăng, vì vậy nên tôi muốn xem xét điều kiện để nâng hạn mức nhằm sử dụng thẻ thuận tiện hơn. Bạn thử kiểm tra giúp tôi xem là cái thẻ của tôi có đủ điều kiện để xem xét tăng hạn mức không? Nếu mà cần cung cấp các giấy tờ như là sao kê lương hay là chứng minh thu nhập, hợp đồng lao động hay là bất kỳ cái hồ sơ nào khác thì bạn hướng dẫn tôi để tôi chuẩn bị đầy đủ nhé. Ngoài ra thì tôi cũng mong bạn thông tin về về cái thời gian dự kiến xét duyệt, quy trình nội bộ với các thư với các lưu ý quan trọng khi mà thực hiện nâng hạn mức.",trước tiên là tôi muốn được tư vấn về việc tăng hạn mức thẻ tiến dụng gần đây thì nhu cầu chi tiêu với thanh toán của tôi có tăng vì vậy nên tôi muốn xem xét điều kiện để nâng hạn mức nhằm sử dụng thẻ thuận tiện hơn bạn thử kiểm tra giúp tôi xem là cái thẻ của tôi có đủ điều kiện để xem xét tăng hạn mức không nếu mà cần cung cấp các giấy tờ như là sao kê lương hay là chứng minh thu nhập hợp đồng lao động hay là bất kỳ cái hồ sơ nào khác thì bạn hướng dẫn tôi để tôi chuẩn bị đầy đủ nhé ngoài ra thì tôi cũng mong bạn thông tin về về cái thời gian dự kiến xét duyệt quy trình nội bộ với các thư với các lưu ý quan trọng khi mà thực hiện nâng hạn mức
vi-VN,conv-36-turn-0.txt,Chào Anna. Tôi gọi để xin hỗ trợ một số thông tin liên quan đến thẻ tín dụng của tôi.,"Chào Anna, tôi gọi để xin hỗ trợ một số thông tin liên quan đến thẻ tín dụng của tôi.",chào anna tôi gọi để xin hỗ trợ một số thông tin liên quan đến thẻ tín dụng của tôi
vi-VN,conv-36-turn-1.txt,C N 8 2 7.,CN tám hai bảy.,c n tám hai bảy
vi-VN,conv-36-turn-10.txt,Thế làm thế nào để tôi có được bản sao sao kê hoặc là hóa đơn mới nhất của thẻ tín dụng vậy?,thế làm thế nào để tôi có được cái bản sao sa kê hoặc là hóa đơn mới của thẻ tín dụng vậy?,thế làm thế nào để tôi có được cái bản sao sa kê hoặc là hóa đơn mới của thẻ tín dụng vậy
vi-VN,conv-36-turn-11.txt,"Tôi có yêu cầu phát hành thẻ mới, cái thẻ thay thế ấy. Muốn kiểm tra tình trạng xử lý. Bạn cho tôi biết là thẻ đã được phát hành chưa? Đã được gửi đi chưa?","tôi có yêu cầu phát hành thẻ mới, cái thẻ thay thế và muốn kiểm tra cái tình trạng xử lý. bạn cho tôi biết là thẻ đã được phát hành chưa, đã được gửi đi chưa?",tôi có yêu cầu phát hành thẻ mới cái thẻ thay thế và muốn kiểm tra cái tình trạng xử lý bạn cho tôi biết là thẻ đã được phát hành chưa đã được gửi đi chưa
vi-VN,conv-36-turn-12.txt,Nếu mà thẻ gửi đi bị chậm thì ngân hàng có phương án hỗ trợ thẻ tạm thời nào để tôi thuận tiện trong công việc không?,nếu mà thẻ gửi đi bị chậm thì ngân hàng có phương án hỗ trợ thẻ cái hình thức tạm thời nào để tôi thuận tiện trong công việc không?,nếu mà thẻ gửi đi bị chậm thì ngân hàng có phương án hỗ trợ thẻ cái hình thức tạm thời nào để tôi thuận tiện trong công việc không
vi-VN,conv-36-turn-2.txt,Tên của tôi là Trần Thu.,Tên của tôi là Trần Thu.,tên của tôi là trần thu
vi-VN,conv-36-turn-3.txt,Email của tôi là thu chấm trần a còng Gmail chấm com.,Email của tôi là thu.chamtran@gmail.com.,email của tôi là thu chấm trần a còng gmail chấm com
vi-VN,conv-36-turn-4.txt,Đúng rồi.,đúng rồi.,đúng rồi
vi-VN,conv-36-turn-5.txt,Cộng 8 4 9 1 1 2 3 4 5 6 7 8.,cộng tám bốn chín một một hai ba bốn năm sáu bảy tám,cộng tám bốn chín một một hai ba bốn năm sáu bảy tám
vi-VN,conv-36-turn-6.txt,Cộng 8 4 9 1 1 2 3 4 5 6 7 8.,cộng tám bốn chín một một hai ba bốn năm sáu bảy tám,cộng tám bốn chín một một hai ba bốn năm sáu bảy tám
vi-VN,conv-36-turn-7.txt,Tôi muốn được tư vấn về việc tăng hạn mức của thẻ tín dụng. Tôi muốn hỏi điều kiện để nâng hạn mức nhằm sử dụng thẻ thuận tiện hơn là gì?,tôi muốn được tư vấn về việc tăng hạn mức của thẻ tiến dụng. tôi muốn hỏi là điều kiện để nâng hạn mức nhằm sử dụng thẻ thuận tiện hơn là gì,tôi muốn được tư vấn về việc tăng hạn mức của thẻ tiến dụng tôi muốn hỏi là điều kiện để nâng hạn mức nhằm sử dụng thẻ thuận tiện hơn là gì
vi-VN,conv-36-turn-8.txt,Tôi cần cung cấp giấy tờ gì để được nâng hạn mức thẻ tín dụng nhỉ?,tôi cần cung cấp giấy tờ gì để được nâng hạn mức thẻ tiến dụng nhỉ?,tôi cần cung cấp giấy tờ gì để được nâng hạn mức thẻ tiến dụng nhỉ
vi-VN,conv-36-turn-9.txt,Nhanh giúp tôi.,nhanh giúp tôi.,nhanh giúp tôi
vi-VN,conv-37-turn-0.txt,Chào Anna. Tôi muốn trao đổi về việc tăng hạn mức của thẻ tín dụng.,chào nana tôi muốn trao đổi về việc tăng hạn mức của thẻ tín dụng,chào nana tôi muốn trao đổi về việc tăng hạn mức của thẻ tín dụng
vi-VN,conv-37-turn-1.txt,Sẵn sàng.,tất cả,tất cả
vi-VN,conv-37-turn-10.txt,"Bạn kiểm tra giúp tôi, điều kiện hiện tại có đủ để tăng hạn mức không?",bạn kiểm tra giúp tôi là điều kiện hiện tại có đủ để tăng hạn mức không?,bạn kiểm tra giúp tôi là điều kiện hiện tại có đủ để tăng hạn mức không
vi-VN,conv-37-turn-11.txt,Nhanh giúp tôi.,nhanh giúp tôi,nhanh giúp tôi
vi-VN,conv-37-turn-12.txt,Thế thì cần những điều kiện gì?,thế thi cần những điều kiện gì,thế thi cần những điều kiện gì
vi-VN,conv-37-turn-13.txt,Tôi muốn nhận bản sao sao kê hoặc hóa đơn mới nhất của thẻ tín dụng. Bạn giúp tôi gửi qua email đã đăng ký nhé!,Tôi muốn nhận bản sao sao kê hoặc hóa đơn mới nhất của thẻ tiến dụng ấy. Bạn giúp tôi gửi qua email đã đăng ký nhé.,tôi muốn nhận bản sao sao kê hoặc hóa đơn mới nhất của thẻ tiến dụng ấy bạn giúp tôi gửi qua email đã đăng ký nhé
vi-VN,conv-37-turn-14.txt,"Tôi đã đăng ký phát hành thẻ mới, thẻ thay thế ấy. Tôi muốn kiểm tra tình trạng xử lý của thẻ như thế nào rồi. Bạn có thể kiểm tra với thông báo giúp tôi thẻ đã được phát hành chưa? Đã được chuyển đi chưa? Và nếu có mã vận chuyển thì cho tôi biết để theo dõi.",tôi đã đăng ký phát hành thẻ mới cái thẻ thay thế và tôi muốn kiểm tra là tình trạng xử lý của cái thẻ như thế nào rồi bạn có thể kiểm tra với cả thông báo giúp tôi xin là thẻ đã được phát hành chưa đã được chuyển đi chưa và nếu có mã vận chuyển thì cho tôi biết để theo dõi,tôi đã đăng ký phát hành thẻ mới cái thẻ thay thế và tôi muốn kiểm tra là tình trạng xử lý của cái thẻ như thế nào rồi bạn có thể kiểm tra với cả thông báo giúp tôi xin là thẻ đã được phát hành chưa đã được chuyển đi chưa và nếu có mã vận chuyển thì cho tôi biết để theo dõi
vi-VN,conv-37-turn-15.txt,Thẻ có đang bị chậm hay có vấn đề trong quá trình giao không ạ? Nếu có thì cho tôi xin phương án hỗ trợ tạm thời như là sử dụng thẻ ảo hay là các giải pháp thay thế để tôi không bị gián đoạn trong việc thanh toán.,thẻ đang có đang bị chậm hay là có vấn đề gì trong quá trình giao không ạ? nếu mà có thì cho tôi xin cái phương án hỗ trợ tạm thời ví dụ như là sử dụng thẻ áo hoặc là các giải pháp thay thế để tôi không bị gián đoạn trong cái việc thanh toán ấy,thẻ đang có đang bị chậm hay là có vấn đề gì trong quá trình giao không nếu mà có thì cho tôi xin cái phương án hỗ trợ tạm thời ví dụ như là sử dụng thẻ áo hoặc là các giải pháp thay thế để tôi không bị gián đoạn trong cái việc thanh toán ấy
vi-VN,conv-37-turn-2.txt,Mã của tôi là gì?,mã của tôi là gì?,mã của tôi là gì
vi-VN,conv-37-turn-3.txt,C N 3 0 0.,CN ba không không.,c n ba không không
vi-VN,conv-37-turn-4.txt,Tên của tôi là Trần Thu.,Tên của tôi là Trần Thu.,tên của tôi là trần thu
vi-VN,conv-37-turn-5.txt,Email là thu chấm trần a còng Gmail chấm com.,Email là thu trần a gmail.com,email là thu trần a gmail chấm com
vi-VN,conv-37-turn-6.txt,Cộng 8 4 9 1 1 2 3 4 5 6 7 8.,cộng tám bốn chín một một hai ba bốn năm sáu bảy tám,cộng tám bốn chín một một hai ba bốn năm sáu bảy tám
vi-VN,conv-37-turn-7.txt,Số điện thoại là cộng 8 4 9 1 1 2 3 4 5 6 7 8.,Số điện thoại là cộng tám bốn chín một một hai ba bốn năm sáu bảy tám.,số điện thoại là cộng tám bốn chín một một hai ba bốn năm sáu bảy tám
vi-VN,conv-37-turn-8.txt,"Tôi ở số 1 2 3 đường Lê Lợi, Thành phố Hồ Chí Minh, Việt Nam.","Tôi ở số một hai ba đường Lê Lợi, thành phố Hồ Chí Minh, Việt Nam.",tôi ở số một hai ba đường lê lợi thành phố hồ chí minh việt nam
vi-VN,conv-37-turn-9.txt,Sẵn sàng.,sẵn sàng.,sẵn sàng
vi-VN,conv-38-turn-0.txt,Tôi muốn.,tôi muốn,tôi muốn
vi-VN,conv-38-turn-1.txt,Tôi có yêu cầu làm thẻ mới và muốn biết hiện trạng bây giờ như thế nào.,tôi có yêu cầu là làm thẻ mới và muốn biết hiện trạng bây giờ như thế nào,tôi có yêu cầu là làm thẻ mới và muốn biết hiện trạng bây giờ như thế nào
vi-VN,conv-38-turn-10.txt,Đúng rồi. Vui lòng hỗ trợ.,đúng rồi vui lòng hỗ trợ.,đúng rồi vui lòng hỗ trợ
vi-VN,conv-38-turn-11.txt,Số điện thoại là cộng 84 9 1 1 2 3 4 5 6 7 8.,số điện thoại là cộng tám mươi bốn chín một một hai ba bốn năm sáu bảy tám,số điện thoại là cộng tám mươi bốn chín một một hai ba bốn năm sáu bảy tám
vi-VN,conv-38-turn-12.txt,Đúng rồi. Đúng rồi.,đúng rồi đúng rồi,đúng rồi đúng rồi
vi-VN,conv-38-turn-13.txt,Rồi. OK.,được.,được
vi-VN,conv-38-turn-14.txt,Bạn đã kiểm tra xong chưa?,mày đã kiểm tra xong chưa?,mày đã kiểm tra xong chưa
vi-VN,conv-38-turn-15.txt,Tôi có thể được nhận thẻ tạm không? Tôi muốn sử dụng thẻ tạm.,tôi có thể được nhận thẻ tạm không tôi muốn sử dụng thẻ tạm,tôi có thể được nhận thẻ tạm không tôi muốn sử dụng thẻ tạm
vi-VN,conv-38-turn-16.txt,Đúng vậy.,bốn mươi bảy.,bốn mươi bảy
vi-VN,conv-38-turn-17.txt,Muốn. Vui lòng cho gặp nhận viên hỗ trợ trực tiếp.,muốn vui lòng là cho gặp nhân viên hỗ trợ trực tiếp,muốn vui lòng là cho gặp nhân viên hỗ trợ trực tiếp
vi-VN,conv-38-turn-18.txt,Cảm ơn. Cảm ơn.,mừng chào mừng.,mừng chào mừng
vi-VN,conv-38-turn-19.txt,Được. Được. Cảm ơn.,được được cảm ơn.,được được cảm ơn
vi-VN,conv-38-turn-2.txt,OK.,ok.,okay
vi-VN,conv-38-turn-20.txt,"À, không. Cảm ơn.",không cảm ơn,không cảm ơn
vi-VN,conv-38-turn-3.txt,Sẵn sàng. Vui lòng đọc lại giùm.,chúng ta cũng lưu lòng gặp lại dùm ạ,chúng ta cũng lưu lòng gặp lại dùm
vi-VN,conv-38-turn-4.txt,C N 6 9 5.,CN sáu chín năm.,c n sáu chín năm
vi-VN,conv-38-turn-5.txt,Đúng rồi. Đúng rồi. C N 6 9 5.,đúng rồi đúng rồi C N sáu chín năm,đúng rồi đúng rồi c n sáu chín năm
vi-VN,conv-38-turn-6.txt,Tên là Trần Minh.,tên là trần minh,tên là trần minh
vi-VN,conv-38-turn-7.txt,Email là minh chấm trần a còng email chấm com.,email là minh chấm trần cộng email com,email là minh chấm trần cộng email com
vi-VN,conv-38-turn-8.txt,Chính xác.,thích thế,thích thế
vi-VN,conv-38-turn-9.txt,Đúng rồi. Đúng rồi.,nhưng đúng rồi đúng rồi,nhưng đúng rồi đúng rồi
vi-VN,conv-39-turn-0.txt,Chào Anna. Tôi muốn hỏi một chút về vấn đề này. Tôi muốn tăng hạn mức cao hơn cho thẻ tín dụng của mình.,"ở chào Anna, tôi muốn hỏi một chút về vấn đề này. Tôi muốn tăng hạn mức cao hơn cho thẻ tín dụng của mình.",chào anna tôi muốn hỏi một chút về vấn đề này tôi muốn tăng hạn mức cao hơn cho thẻ tín dụng của mình
vi-VN,conv-39-turn-1.txt,Ừ. Cảm ơn bạn. Bạn xem lại hộ mình nhá.,ờ cảm ơn bạn bạn sinh lại của mình đấy.,cảm ơn bạn bạn sinh lại của mình đấy
vi-VN,conv-39-turn-10.txt,Cảm ơn bạn nhiều nhá. Mình kết thúc cuộc gọi ở đây nhá.,"cả mọi bạn nhiều nhá, mình kết thúc cuộc gọi đây nhá.",cả mọi bạn nhiều nhá mình kết thúc cuộc gọi đây nhá
vi-VN,conv-39-turn-11.txt,Cảm ơn Anna. Bye Anna.,"cảm ơn anh na, bye anh na",cảm ơn anh na bye anh na
vi-VN,conv-39-turn-12.txt,OK. Cảm ơn Anna nhiều.,OK cảm ơn anh Anh Vũ.,okay cảm ơn anh anh vũ
vi-VN,conv-39-turn-2.txt,Có. Đọc lại cho mình để mình ghi với.,có đáp lại cho mình thì mình keep,có đáp lại cho mình thì mình keep
vi-VN,conv-39-turn-3.txt,OK. Mình nghe thấy rồi. C N 6 9 0. Cảm ơn Anna.,"OK, mình nghe thấy rồi CN sáu chín không, cảm ơn anh nha.",okay mình nghe thấy rồi c n sáu chín không cảm ơn anh nha
vi-VN,conv-39-turn-4.txt,OK. Mình đọc thông tin của mình nhá. Mình tên là Trần Minh. Mình có phải cung cấp thêm thông tin gì khác nữa không?,"OK, mình đọc thông tin của mình nhé. Mình tên là Trần Minh. Mình có vẻ cung cấp thêm thông tin gì khác nữa không?",okay mình đọc thông tin của mình nhé mình tên là trần minh mình có vẻ cung cấp thêm thông tin gì khác nữa không
vi-VN,conv-39-turn-5.txt,Mình đọc nhá. Địa chỉ email của mình là minh chấm trần a còng email chấm com. Tất cả đều viết không dấu.,mình đọc nhé địa chỉ email của mình là minh chấm trần a còng email chấm com tất cả đều viết không dấu,mình đọc nhé địa chỉ email của mình là minh chấm trần a còng email chấm com tất cả đều viết không dấu
vi-VN,conv-39-turn-6.txt,"OK. Số điện thoại của mình là, mình đọc đầy đủ nhá, cộng 8 4 9 1 1 2 3 4 5 6 7 8. Anna nghe được không?",ok số điện thoại của mình là mình đọc đầy đủ nhé cộng tám bốn chín một một hai ba bốn năm sáu bảy tám anh an nghe được không,okay số điện thoại của mình là mình đọc đầy đủ nhé cộng tám bốn chín một một hai ba bốn năm sáu bảy tám anh an nghe được không
vi-VN,conv-39-turn-7.txt,Đúng rồi Anna. Chuẩn. Cảm ơn bạn nhá.,đúng rồi Anna chuẩn cảm ơn năm bạn nhé.,đúng rồi anna chuẩn cảm ơn năm bạn nhé
vi-VN,conv-39-turn-8.txt,Ờ rồi. Mình cảm ơn. Vậy mình sẽ chờ email của bên bạn Anna.,ờ rồi mình cảm ơn vậy mình sẽ trèo email của bên bạn Anna.,rồi mình cảm ơn vậy mình sẽ trèo email của bên bạn anna
vi-VN,conv-39-turn-9.txt,À.,à.,
vi-VN,conv-4-turn-0.txt,"Chào Anna, tôi là.",chào anh nhé tôi là,chào anh nhé tôi là
vi-VN,conv-4-turn-1.txt,Mình muốn trao đổi một chút. Mình muốn tăng hạn mức thẻ tín dụng.,"ờ mình muốn trao đổi một chút, mình muốn tăng hạn mức thẻ tín dụng.",mình muốn trao đổi một chút mình muốn tăng hạn mức thẻ tín dụng
vi-VN,conv-4-turn-10.txt,Ờ đúng rồi bạn ạ.,ờ đúng rồi bạn ạ.,đúng rồi bạn ạ
vi-VN,conv-4-turn-11.txt,Rồi. Mình sẵn sàng rồi.,rồi mình sẵn sàng rồi.,rồi mình sẵn sàng rồi
vi-VN,conv-4-turn-12.txt,"Rồi. Cảm ơn bạn. Đây, để mình xem nhận thông báo được chưa nhá. Cảm ơn Anna.",rồi cảm ơn bạn đây để mình xem nhận thông báo được chưa nhá cảm ơn Anna,rồi cảm ơn bạn đây để mình xem nhận thông báo được chưa nhá cảm ơn anna
vi-VN,conv-4-turn-13.txt,"Rồi, OK bạn. Thank you nha.",độ ok bạn thank you nhé.,độ okay bạn thank you nhé
vi-VN,conv-4-turn-14.txt,Cảm ơn bạn. Chúc Anna một ngày vui vẻ. Anna kết thúc cuộc gọi cho mình nhá. Mình cảm ơn.,cảm ơn bạn chúc Anna một ngày vui vẻ mình Anna kết thúc cuộc gọi cho mình nhá mình cảm ơn,cảm ơn bạn chúc anna một ngày vui vẻ mình anna kết thúc cuộc gọi cho mình nhá mình cảm ơn
vi-VN,conv-4-turn-15.txt,"OK. Thank you, Anna.","OK OK, thank you bạn nè.",okay okay thank you bạn nè
vi-VN,conv-4-turn-16.txt,OK. Bye bye.,"OK, bye bye.",okay bye bye
vi-VN,conv-4-turn-2.txt,C N 7 8 3. Rồi. Mình nghe thấy rồi bạn ơi.,CN bảy tám ba rồi mình nghe thấy rồi bạn ơi.,c n bảy tám ba rồi mình nghe thấy rồi bạn ơi
vi-VN,conv-4-turn-3.txt,Ờ.,ờ.,
vi-VN,conv-4-turn-4.txt,Tên đầy đủ của mình là.,tên đầy đủ của mình là,tên đầy đủ của mình là
vi-VN,conv-4-turn-5.txt,Tên đầy đủ của tôi là Trần Minh.,tên đầy đủ của tôi là trần minh,tên đầy đủ của tôi là trần minh
vi-VN,conv-4-turn-6.txt,Đúng rồi bạn ạ. Chuẩn rồi Anna ơi.,"đúng rồi bạn ạ, chuẩn rồi Anna ơi.",đúng rồi bạn ạ chuẩn rồi anna ơi
vi-VN,conv-4-turn-7.txt,Địa chỉ email là minh chấn trần a còng email chấm com.,ở địa chỉ email là minh chấm trần a còng email chấm com,ở địa chỉ email là minh chấm trần a còng email chấm com
vi-VN,conv-4-turn-8.txt,Đúng rồi Anna.,đúng không uống rồi Anna.,đúng không uống rồi anna
vi-VN,conv-4-turn-9.txt,Số điện thoại của mình là cộng 8 4 9 1 1 2 3 4 5 6 7 8.,số điện thoại của mình là cộng tám bốn chín một một hai ba bốn năm sáu bảy tám,số điện thoại của mình là cộng tám bốn chín một một hai ba bốn năm sáu bảy tám
vi-VN,conv-40-turn-0.txt,Xin chào. Tôi gọi tới muốn xin gia tăng hạn mức thẻ tín dụng.,xin chào tôi gọi tới muốn muốn xin gia gia gia gia tăng kế hạn mức thẻ tín dụng ạ,xin chào tôi gọi tới muốn muốn xin gia gia gia gia tăng kế hạn mức thẻ tín dụng
vi-VN,conv-40-turn-1.txt,OK.,à ok.,okay
vi-VN,conv-40-turn-10.txt,Số điện thoại chưa chính xác. Số điện thoại là cộng 84.,"số điện thoại chưa chính xác, số điện thoại là cộng tám mươi bốn",số điện thoại chưa chính xác số điện thoại là cộng tám mươi bốn
vi-VN,conv-40-turn-11.txt,9 1.,chính một,chính một
vi-VN,conv-40-turn-12.txt,Cộng 84 9 1 1 2 3 4 5 6 7 8.,cộng tám mươi bốn chín một một hai ba bốn năm sáu bảy tám,cộng tám mươi bốn chín một một hai ba bốn năm sáu bảy tám
vi-VN,conv-40-turn-13.txt,"Chưa đúng, thiếu một số 1. Tức là cộng 84 9 1 rồi 1 2 3 4 5 6 7 8.",chưa đúng thiếu một số một tức là cộng tám mươi bốn chín một rồi một hai ba bốn năm sáu bảy tám,chưa đúng thiếu một số một tức là cộng tám mươi bốn chín một rồi một hai ba bốn năm sáu bảy tám
vi-VN,conv-40-turn-14.txt,Không phải. Là cộng 84.,không phải là cộng tám mươi bốn.,không phải là cộng tám mươi bốn
vi-VN,conv-40-turn-15.txt,9 1.,chín một,chín một
vi-VN,conv-40-turn-16.txt,Không đúng. Số điện thoại chính xác là cộng 84 9 1 1 2 3 4 5 6 7 8.,không đúng số điện thoại chính xác là cộng tám mươi bốn chín một một hai ba bốn năm sáu bảy tám,không đúng số điện thoại chính xác là cộng tám mươi bốn chín một một hai ba bốn năm sáu bảy tám
vi-VN,conv-40-turn-17.txt,Sai rồi. Đọc nãy giờ mà không nghe được. Số điện thoại nghe cho kĩ nè. Cộng 84 9 1 1 2 3 4 5 6 7 8.,xài rồi đọc nãy giờ mà không nghe được số điện thoại nghe cho kỉnh nè cộng tám mươi bốn chín một một hai ba bốn năm sáu bảy tám,xài rồi đọc nãy giờ mà không nghe được số điện thoại nghe cho kỉnh nè cộng tám mươi bốn chín một một hai ba bốn năm sáu bảy tám
vi-VN,conv-40-turn-18.txt,Chưa chính xác. Chính xác phải là cộng 84 9 1 1 2 3 4 5 6 7 8.,chưa chính xác chính xác phải là cộng tám mươi bốn chín một một hai ba bốn năm sáu bảy tám,chưa chính xác chính xác phải là cộng tám mươi bốn chín một một hai ba bốn năm sáu bảy tám
vi-VN,conv-40-turn-19.txt,"OK. Địa chỉ liên lạc là 1 2 3 Lê Lợi, Hồ Chí Minh, Việt Nam. Zip code là 700000.",ok địa chỉ liên lạc là một hai ba lê lợi hồ chí minh việt nam zip code là bảy trăm không,okay địa chỉ liên lạc là một hai ba lê lợi hồ chí minh việt nam zip code là bảy trăm không
vi-VN,conv-40-turn-2.txt,Bạn cần thông tin gì?,bạn cần thông tin gì?,bạn cần thông tin gì
vi-VN,conv-40-turn-20.txt,Đúng rồi.,đúng rồi.,đúng rồi
vi-VN,conv-40-turn-21.txt,Vui lòng hướng dẫn tôi.,vui lòng hướng dẫn tôi.,vui lòng hướng dẫn tôi
vi-VN,conv-40-turn-22.txt,OK.,ok.,okay
vi-VN,conv-40-turn-23.txt,Khoan đã. Tôi muốn hỏi là tôi cần những thông tin gì để có thể được tăng hạn mức?,"Khoan đã, cái tôi muốn hỏi là tôi cần những thông tin gì để có thể được tăng hạn mức?",khoan đã cái tôi muốn hỏi là tôi cần những thông tin gì để có thể được tăng hạn mức
vi-VN,conv-40-turn-24.txt,OK. Cảm ơn.,"ok, cám ơn.",okay cảm ơn
vi-VN,conv-40-turn-25.txt,Muốn. Vui lòng giúp tôi với.,muốn vui lòng giúp tôi với.,muốn vui lòng giúp tôi với
vi-VN,conv-40-turn-26.txt,OK.,à ok.,okay
vi-VN,conv-40-turn-27.txt,Thôi được rồi. Cảm ơn.,thôi được rồi cảm ơn,thôi được rồi cảm ơn
vi-VN,conv-40-turn-3.txt,C N 7 1 8.,CN bảy một tám.,c n bảy một tám
vi-VN,conv-40-turn-4.txt,Tên đầy đủ là Trần Minh.,tên đầy đủ là Trần Minh.,tên đầy đủ là trần minh
vi-VN,conv-40-turn-5.txt,Email là minh chấm trần a còng email chấm com.,email là minh chấm trần a còng email chấm com,email là minh chấm trần a còng email chấm com
vi-VN,conv-40-turn-6.txt,Số điện thoại là cộng 84 9 1 1 2 3 4 5 6 7 8.,số điện thoại là cộng tám mươi bốn chín một một hai ba bốn làm sao vậy ta?,số điện thoại là cộng tám mươi bốn chín một một hai ba bốn làm sao vậy ta
vi-VN,conv-40-turn-7.txt,Email thì đúng rồi nhưng mà cái số điện thoại thì bị sai. Số điện thoại phải là cộng 84.,email thì đúng rồi nhưng mà cái số điện thoại thì bị sai số điện thoại phải là cộng tám mươi bốn,email thì đúng rồi nhưng mà cái số điện thoại thì bị sai số điện thoại phải là cộng tám mươi bốn
vi-VN,conv-40-turn-8.txt,Cộng 84 9 1 1 2 3 4 5 6 7 8.,cộng tám mươi bốn chín một một hai ba bốn năm sáu bảy tám,cộng tám mươi bốn chín một một hai ba bốn năm sáu bảy tám
vi-VN,conv-40-turn-9.txt,Số điện thoại chưa chính xác. Số điện thoại chính xác là cộng 84 9 1 1 2 3 4 5 6 7 8.,"số điện thoại chưa chính xác, số điện thoại chính xác là cộng tám mươi bốn chín một một hai ba bốn năm sáu bảy tám",số điện thoại chưa chính xác số điện thoại chính xác là cộng tám mươi bốn chín một một hai ba bốn năm sáu bảy tám
vi-VN,conv-41-turn-0.txt,Tôi muốn coi cái hóa đơn thanh toán gần nhất.,tôi muốn coi cái hóa đơn thanh toán gần nhất,tôi muốn coi cái hóa đơn thanh toán gần nhất
vi-VN,conv-41-turn-1.txt,"Xem hết luôn. Tiền, ngày gì. Xem hết luôn.",xem hết lương tiền rồi ngày gì cũng xem hết.,xem hết lương tiền rồi ngày gì cũng xem hết
vi-VN,conv-41-turn-10.txt,Chưa phải. Số điện thoại là cộng 84 1 2. Xin đọc lại. Cộng 84 9 1 1 2 3 4 5 6 7 8.,chưa phải số điện thoại là cộng tám mươi bốn một hai đợi xin đọc lại cộng tám mươi bốn chín một một hai ba bốn năm sáu bảy tám,chưa phải số điện thoại là cộng tám mươi bốn một hai đợi xin đọc lại cộng tám mươi bốn chín một một hai ba bốn năm sáu bảy tám
vi-VN,conv-41-turn-11.txt,Chưa. Số điện thoại chính xác phải là cộng 84 9 1 1 2 3 4 5 6 7 8.,chưa số điện thoại chính xác phải là cộng tám mươi bốn chín một một hai ba bốn năm sáu bảy tám,chưa số điện thoại chính xác phải là cộng tám mươi bốn chín một một hai ba bốn năm sáu bảy tám
vi-VN,conv-41-turn-12.txt,Chính xác rồi.,chính xác rồi.,chính xác rồi
vi-VN,conv-41-turn-13.txt,OK. Cảm ơn.,cảm ơn,cảm ơn
vi-VN,conv-41-turn-14.txt,Vậy muốn xem thì phải làm sao?,vậy muốn xem thì phải làm sao?,vậy muốn xem thì phải làm sao
vi-VN,conv-41-turn-15.txt,"Cái này lần đầu, không biết. Hướng dẫn giùm.",này lần đầu không biết muốn dẫn gì.,này lần đầu không biết muốn dẫn gì
vi-VN,conv-41-turn-16.txt,Có. Vui lòng hướng dẫn.,và có vui lòng hướng dẫn,và có vui lòng hướng dẫn
vi-VN,conv-41-turn-17.txt,Qua ứng dụng.,qua ứng dụng,qua ứng dụng
vi-VN,conv-41-turn-18.txt,Rồi.,"ừ, rồi.",rồi
vi-VN,conv-41-turn-19.txt,Rồi. Vô hết rồi.,"thế rồi, giờ hết rồi",thế rồi giờ hết rồi
vi-VN,conv-41-turn-2.txt,Rồi.,ờ rồi.,rồi
vi-VN,conv-41-turn-20.txt,Rồi ạ. Vui lòng hướng dẫn tiếp tục. Xin chào.,"Rồi, vui lòng hướng dẫn tiếp tục. Xin chào.",rồi vui lòng hướng dẫn tiếp tục xin chào
vi-VN,conv-41-turn-21.txt,Có một vài giao dịch bất thường. Tôi muốn tìm hiểu.,có một vài giao dịch bất thường tôi muốn tìm hiểu.,có một vài giao dịch bất thường tôi muốn tìm hiểu
vi-VN,conv-41-turn-22.txt,"Ngày hôm qua, số tiền là 500000.",ngày hôm qua số tiền là năm trăm nghìn.,ngày hôm qua số tiền là năm trăm nghìn
vi-VN,conv-41-turn-23.txt,"Ngày là ngày hôm qua, ngày 17 tháng 11. Còn cái chỗ cửa hàng thì không có để tên, không biết.",ngày thì là ngày hôm qua ngày mười bảy tháng mười một còn cái chỗ cửa hàng thì không có để tên không có biết,ngày thì là ngày hôm qua ngày mười bảy tháng mười một còn cái chỗ cửa hàng thì không có để tên không có biết
vi-VN,conv-41-turn-24.txt,"Đúng, nhưng mà tôi muốn nói chuyện với người sớm hơn, ngay bây giờ.",đúng nhưng mà tôi muốn nói chuyện với người sớm hơn ngay bây giờ.,đúng nhưng mà tôi muốn nói chuyện với người sớm hơn ngay bây giờ
vi-VN,conv-41-turn-25.txt,Thôi. Vậy thôi.,đó là chuyện gì hả?,đó là chuyện gì hả
vi-VN,conv-41-turn-3.txt,Đã sẵn sàng.,đã sẵn sàng.,đã sẵn sàng
vi-VN,conv-41-turn-4.txt,Đã sẵn sàng.,đã sẵn sàng.,đã sẵn sàng
vi-VN,conv-41-turn-5.txt,Mã theo dõi là C N 8 6 1.,mã theo dõi là CN tám sáu một,mã theo dõi là c n tám sáu một
vi-VN,conv-41-turn-6.txt,Họ tên là Trần Minh.,họ tên là Trần Minh.,họ tên là trần minh
vi-VN,conv-41-turn-7.txt,Địa chỉ email là minh chấm trần a còng email chấm com.,thì email là minh trần a cộng email com,thì email là minh trần a cộng email com
vi-VN,conv-41-turn-8.txt,Rồi. Đúng rồi.,nè đúng rồi ạ.,đúng rồi
vi-VN,conv-41-turn-9.txt,Số điện thoại là cộng 84 9 1 1 2 3 4 5 6 7 8.,số điện thoại là tám mươi bốn chín một một hai ba bốn năm sáu bảy tám,số điện thoại là tám mươi bốn chín một một hai ba bốn năm sáu bảy tám
vi-VN,conv-42-turn-0.txt,Tôi muốn xin cấp thẻ mới. Muốn biết tình trạng thẻ như thế nào? Đã xin rồi.,tôi muốn là xin cấp thẻ mới muốn biết cái tình trạng thẻ như thế nào đã sinh rồi,tôi muốn là xin cấp thẻ mới muốn biết cái tình trạng thẻ như thế nào đã sinh rồi
vi-VN,conv-42-turn-1.txt,Rồi. Vui lòng cho tôi biết lại mã.,rồi vui lòng cho tôi biết lại cái mẹ,rồi vui lòng cho tôi biết lại cái mẹ
vi-VN,conv-42-turn-10.txt,À. Số điện thoại sai rồi. Số điện thoại đó không đúng.,số điện thoại sai rồi số điện thoại số điện thoại đó không đúng,số điện thoại sai rồi số điện thoại số điện thoại đó không đúng
vi-VN,conv-42-turn-11.txt,Số đầy đủ là.,số đầy đủ là.,số đầy đủ là
vi-VN,conv-42-turn-12.txt,Cộng 84 9 1 1 2 3 4 5 6 7 8.,cộng tám mươi cộng tám mươi bốn chín một một hai ba bốn năm sáu bảy tám,cộng tám mươi cộng tám mươi bốn chín một một hai ba bốn năm sáu bảy tám
vi-VN,conv-42-turn-13.txt,Cộng 84 9 1 1 2 3 4 5 6 7 8.,cộng tám mươi bốn chín một một hai ba bốn năm sáu bảy tám.,cộng tám mươi bốn chín một một hai ba bốn năm sáu bảy tám
vi-VN,conv-42-turn-14.txt,"À, chính xác. Chính xác. Kiểm tra giùm.",chính chính xác chính xác kiểm tra nghiệm,chính chính xác chính xác kiểm tra nghiệm
vi-VN,conv-42-turn-15.txt,Tôi muốn xin được đẩy nhanh tiến độ để có thể nhận thẻ sớm hơn.,tôi muốn xin được đẩy nhanh tiến độ để có thể nhận thẻ sớm hơn.,tôi muốn xin được đẩy nhanh tiến độ để có thể nhận thẻ sớm hơn
vi-VN,conv-42-turn-16.txt,Muốn.,và muốn.,và muốn
vi-VN,conv-42-turn-17.txt,"Tôi có thể nào xin thẻ tạm được không, trong quá trình đợi thẻ mới?",tôi có thể nộp xin thẻ tạm được không trong quá trình đợi thẻ mới?,tôi có thể nộp xin thẻ tạm được không trong quá trình đợi thẻ mới
vi-VN,conv-42-turn-18.txt,OK. Xin cảm ơn.,"ok, xin cảm ơn.",okay xin cảm ơn
vi-VN,conv-42-turn-19.txt,Tối muốn hỏi thêm về việc là mình được cấp bao nhiêu thẻ tối đa?,tôi muốn hỏi thêm về việc là mình được cấp bao nhiêu thẻ là tối đa,tôi muốn hỏi thêm về việc là mình được cấp bao nhiêu thẻ là tối đa
vi-VN,conv-42-turn-2.txt,C N 5 8 8 hay là C N 5 8 7?,cn năm tám tám hay là cn năm tám bảy,c n năm tám tám hay là c n năm tám bảy
vi-VN,conv-42-turn-20.txt,Tôi muốn nói chuyện với nhân viên trực tiếp.,tôi muốn nói chuyện với lại nhân viên trực tiếp.,tôi muốn nói chuyện với lại nhân viên trực tiếp
vi-VN,conv-42-turn-21.txt,OK.,ok.,okay
vi-VN,conv-42-turn-3.txt,Vui lòng đọc lại. Sao mã tùm lum vậy?,vui lòng đọc lại sao mã thuật linh vậy,vui lòng đọc lại sao mã thuật linh vậy
vi-VN,conv-42-turn-4.txt,C N 5 3 8.,sẽ in ra năm ba tám,sẽ in ra năm ba tám
vi-VN,conv-42-turn-5.txt,Tên đầy đủ là Trần Minh.,tin đầy đủ là trần minh,tin đầy đủ là trần minh
vi-VN,conv-42-turn-6.txt,Địa chỉ email là minh chấm trần a còng email chấm com.,địa chỉ email là minh chấm trần a cộng email chấm com,địa chỉ email là minh chấm trần a cộng email chấm com
vi-VN,conv-42-turn-7.txt,Số điện thoại là cộng 84.,số điện thoại là cộng tám mươi bốn,số điện thoại là cộng tám mươi bốn
vi-VN,conv-42-turn-8.txt,Số điện thoại. Số đầy đủ.,số điện thoại số đầy đủ,số điện thoại số đầy đủ
vi-VN,conv-42-turn-9.txt,Số đầy đủ là cộng 84 9 1 1 2 3 4 5 6 7 8.,số đầy đủ là cộng tám mươi bốn chín một một hai ba bốn năm sáu bảy tám,số đầy đủ là cộng tám mươi bốn chín một một hai ba bốn năm sáu bảy tám
vi-VN,conv-43-turn-0.txt,Tôi muốn xem lại cái sao kê gần nhất.,tôi muốn xem lại cái sau kề gần nhất,tôi muốn xem lại cái sau kề gần nhất
vi-VN,conv-43-turn-1.txt,Rồi. Sẵn sàng.,ờ rồi thành thành,rồi thành thành
vi-VN,conv-43-turn-10.txt,Đúng rồi.,đúng rồi.,đúng rồi
vi-VN,conv-43-turn-11.txt,Email là minh chấm trần a còng email chấm com.,email là minh chấm trần a cộng email chấm com,email là minh chấm trần a cộng email chấm com
vi-VN,conv-43-turn-12.txt,Email là minh chấm trần a còng email chấm com.,email là minh chấm trần a cộng email chấm com,email là minh chấm trần a cộng email chấm com
vi-VN,conv-43-turn-13.txt,Không phải. Minh chấm trần at email chấm com.,không phải Minh Chấm Trần at gmail at email dot com,không phải minh chấm trần at gmail at email chấm com
vi-VN,conv-43-turn-14.txt,Đúng rồi.,cũng là,cũng là
vi-VN,conv-43-turn-15.txt,À đúng rồi. Email đúng rồi.,đúng rồi email đúng rồi.,đúng rồi email đúng rồi
vi-VN,conv-43-turn-16.txt,Số điện thoại là cộng 84 9 1 1 2 3 4 5 6 7 8.,số điện thoại là cộng tám mươi bốn chín một một hai ba bốn năm sáu bảy tám,số điện thoại là cộng tám mươi bốn chín một một hai ba bốn năm sáu bảy tám
vi-VN,conv-43-turn-17.txt,Chưa chính xác. Phải là cộng 84.,chiều chín sét vậy là cộng chín cộng tám mươi bốn,chiều chín sét vậy là cộng chín cộng tám mươi bốn
vi-VN,conv-43-turn-18.txt,Cộng 84 9 1 1 2 3 4 5 6 7 8.,cộng tám mươi bốn chín một một hai ba bốn năm sáu bảy tám,cộng tám mươi bốn chín một một hai ba bốn năm sáu bảy tám
vi-VN,conv-43-turn-19.txt,Không phải. Cộng 84 9 1 1 2 3 4 5 6 7 8.,không phải cộng tám mươi bốn chín một một hai ba bốn năm sáu bảy tám,không phải cộng tám mươi bốn chín một một hai ba bốn năm sáu bảy tám
vi-VN,conv-43-turn-2.txt,Mã là C N 7 5 9.,mã là cn bảy năm chín,mã là c n bảy năm chín
vi-VN,conv-43-turn-20.txt,Đúng rồi.,đúng rồi.,đúng rồi
vi-VN,conv-43-turn-21.txt,Có thể làm nhanh cho tôi cái này được không?,có thể làm nhanh cho tôi cái này được không?,có thể làm nhanh cho tôi cái này được không
vi-VN,conv-43-turn-22.txt,Tôi muốn xem lại sao kê ngay bây giờ. Tôi cần có chuyện gấp.,tôi muốn xem lại sau kia ngay bây giờ tôi cần có chuyển cấp,tôi muốn xem lại sau kia ngay bây giờ tôi cần có chuyển cấp
vi-VN,conv-43-turn-23.txt,Tôi muốn nói chuyện với nhân viên trực tiếp để xin cái sao kê.,tôi muốn nói chuyện với nhân viên trực tiếp để xin cái sao kê,tôi muốn nói chuyện với nhân viên trực tiếp để xin cái sao kê
vi-VN,conv-43-turn-24.txt,Tôi muốn xin thêm cái chi tiêu gần nhất.,tôi muốn xin thêm cái chi tiêu gần nhất,tôi muốn xin thêm cái chi tiêu gần nhất
vi-VN,conv-43-turn-25.txt,Đúng vậy.,đúng vậy.,đúng vậy
vi-VN,conv-43-turn-26.txt,Sao kê trong tuần vừa qua.,sau kề trong tuần vừa qua,sau kề trong tuần vừa qua
vi-VN,conv-43-turn-27.txt,OK.,ok.,okay
vi-VN,conv-43-turn-28.txt,Muốn nói chuyện với nhân viên trực tiếp.,muốn nói chuyện với nhân viên trực tiếp,muốn nói chuyện với nhân viên trực tiếp
vi-VN,conv-43-turn-29.txt,"À, thôi. Được rồi.",anh sau này đi,anh sau này đi
vi-VN,conv-43-turn-3.txt,Tôi mới nói là C N 7 5 9 mà.,tôi mới nói bảy tôi mới nói là cn bảy năm chín mà,tôi mới nói bảy tôi mới nói là c n bảy năm chín mà
vi-VN,conv-43-turn-4.txt,Tên đầy đủ là Trần Minh.,tên đầy đủ là minh ở trần minh,tên đầy đủ là minh ở trần minh
vi-VN,conv-43-turn-5.txt,Tên đầy đủ là Trần Minh.,tên đầy đủ là trần minh,tên đầy đủ là trần minh
vi-VN,conv-43-turn-6.txt,Trần Minh.,Trần Minh.,trần minh
vi-VN,conv-43-turn-7.txt,Không phải. Không phải. Sai rồi.,không phải không phải sai rồi,không phải không phải sai rồi
vi-VN,conv-43-turn-8.txt,Trần Minh.,Trần Minh.,trần minh
vi-VN,conv-43-turn-9.txt,"Không phải Trường Minh, mà là Trần Minh. Trần Minh. Tran Minh.",phải truyền minh mà là truyền minh truyền minh truyền minh,phải truyền minh mà là truyền minh truyền minh truyền minh
vi-VN,conv-44-turn-0.txt,Tôi muốn được gia tăng hạn mức thẻ tín dụng.,tôi muốn được gia tăng hệ mức thẻ tiến dụng,tôi muốn được gia tăng hệ mức thẻ tiến dụng
vi-VN,conv-44-turn-1.txt,Có.,có.,có
vi-VN,conv-44-turn-10.txt,Cộng 84.,cộng tám mươi bốn.,cộng tám mươi bốn
vi-VN,conv-44-turn-11.txt,Cộng 84 9 1 1 2 3 4 5 6 7 8.,cộng cộng tám mươi bốn chín một một hai ba bốn năm sáu bảy tám,cộng cộng tám mươi bốn chín một một hai ba bốn năm sáu bảy tám
vi-VN,conv-44-turn-12.txt,Không phải. Cộng 84 9 1 1 2 3 4 5 6 7 8.,không phải cộng tám mươi bốn chín một một hai ba bốn năm sáu bảy tám,không phải cộng tám mươi bốn chín một một hai ba bốn năm sáu bảy tám
vi-VN,conv-44-turn-13.txt,Cộng 84 9 1 1 2 3 4 5 6 7 8. Sao đọc hoài mà không nghe vậy?,cộng tám mươi bốn chín một một hai ba bốn năm sáu bảy tám sẽ thọc quài không nghe vậy.,cộng tám mươi bốn chín một một hai ba bốn năm sáu bảy tám sẽ thọc quài không nghe vậy
vi-VN,conv-44-turn-14.txt,Số điện thoại. Vui lòng nghe cho kĩ. Vui lòng nghe cho kĩ số điện thoại. Số điện thoại là cộng 84 9 1 1 2 3 4 5 6 7 8.,số điện thoại vui lòng nghe cho kỹ số vui lòng nghe cho kỹ số điện thoại số điện thoại là cộng tám mươi bốn chín một một hai ba bốn năm sáu bảy tám,số điện thoại vui lòng nghe cho kỹ số vui lòng nghe cho kỹ số điện thoại số điện thoại là cộng tám mươi bốn chín một một hai ba bốn năm sáu bảy tám
vi-VN,conv-44-turn-15.txt,Số điện thoại không có chính xác. Số điện thoại phải là cộng 84 9 1 1 2 3 4 5 6 7 8.,số điện thoại không có chính xác số điện thoại phải là cộng tám mươi bốn chín một một hai ba bốn năm sáu bảy tám,số điện thoại không có chính xác số điện thoại phải là cộng tám mươi bốn chín một một hai ba bốn năm sáu bảy tám
vi-VN,conv-44-turn-16.txt,Đúng rồi. Đúng rồi.,đúng rồi đúng rồi.,đúng rồi đúng rồi
vi-VN,conv-44-turn-17.txt,"À, thấy rồi. Bây giờ tôi làm gì nữa?",thấy rồi. bây giờ tôi làm gì nữa?,thấy rồi bây giờ tôi làm gì nữa
vi-VN,conv-44-turn-18.txt,Vào được rồi.,ờ vào lúc growing.,vào lúc growing
vi-VN,conv-44-turn-19.txt,Tôi muốn biết trước đó là hạn mức tối đa tôi có thể được nhận là bao nhiêu?,tôi muốn biết trước đó là hạn mức tối đa tôi có thể được nhận là bao nhiêu,tôi muốn biết trước đó là hạn mức tối đa tôi có thể được nhận là bao nhiêu
vi-VN,conv-44-turn-2.txt,C N 1 0 0.,CN một không không.,c n một không không
vi-VN,conv-44-turn-20.txt,Muốn. Vui lòng chuyển tôi qua nhân viên.,muốn vui lòng chuyển tôi qua nhân viên.,muốn vui lòng chuyển tôi qua nhân viên
vi-VN,conv-44-turn-21.txt,"À, thôi. Được rồi. Cảm ơn.",thôi được cảm ơn,thôi được cảm ơn
vi-VN,conv-44-turn-3.txt,"C N 4 0 0, đúng không?",cn bốn không không đúng không?,c n bốn không không đúng không
vi-VN,conv-44-turn-4.txt,C N 4 0 7.,CN bốn không bảy.,c n bốn không bảy
vi-VN,conv-44-turn-5.txt,"C N 4 0 7, đúng không?",CN bốn không bảy đúng không?,c n bốn không bảy đúng không
vi-VN,conv-44-turn-6.txt,OK. Xác nhận. C N 4 0 7.,ok xác nhận cn bốn không bảy,okay xác nhận c n bốn không bảy
vi-VN,conv-44-turn-7.txt,Tên đầy đủ là Trần Minh.,tên đầy đủ là trần minh,tên đầy đủ là trần minh
vi-VN,conv-44-turn-8.txt,Email là minh chấm trần a còng email chấm com.,email là minh chấm trần cộng email chấm com,email là minh chấm trần cộng email chấm com
vi-VN,conv-44-turn-9.txt,Số điện thoại là cộng 84.,số điện thoại là cộng tám mươi bốn,số điện thoại là cộng tám mươi bốn
vi-VN,conv-45-turn-0.txt,"Tôi là mất thẻ. Tuần trước, tôi có xin cấp lại thẻ. Không biết hiện tại tình trạng thẻ như thế nào?",tôi làm mất thẻ tuần trước có xin cấp lại thẻ không biết hiện tại là tình trạng thẻ như thế nào,tôi làm mất thẻ tuần trước có xin cấp lại thẻ không biết hiện tại là tình trạng thẻ như thế nào
vi-VN,conv-45-turn-1.txt,Được. Bạn cần thông tin gì?,từ bạn cần thông tin gì?,từ bạn cần thông tin gì
vi-VN,conv-45-turn-2.txt,Thường sẽ có mã theo dõi. Mã theo dõi là gì?,"nhưng mà thường sẽ có mã theo dõi, mã theo dõi là gì?",nhưng mà thường sẽ có mã theo dõi mã theo dõi là gì
vi-VN,conv-45-turn-3.txt,"Không, ý là tôi muốn bạn đọc cho tôi nghe mã theo dõi. C N gì đó.",khá không ý là mà tôi muốn bạn đọc cho tôi nghe cái mã theo dõi C N gì đó,khá không ý là mà tôi muốn bạn đọc cho tôi nghe cái mã theo dõi c n gì đó
vi-VN,conv-45-turn-4.txt,Tôi chưa có mã.,tôi chưa có mã.,tôi chưa có mã
vi-VN,conv-45-turn-5.txt,"Tôi cần mã theo dõi, tại vì khi tôi gọi tới thì thường sẽ có cung cấp cho tôi mã theo dõi.","tôi cần mã theo dõi, tại vì khi mà tôi gọi tới thì thường là sẽ có cung cấp cho tôi mã theo dõi.",tôi cần mã theo dõi tại vì khi mà tôi gọi tới thì thường là sẽ có cung cấp cho tôi mã theo dõi
vi-VN,conv-45-turn-6.txt,OK.,ok.,okay
vi-VN,conv-45-turn-7.txt,Tôi cần phải biết cái mã đó trước khi có thể làm bước tiếp theo. Cho tôi biết cái mã.,tôi cần phải biết cái mã đó trước khi có thể làm bước tiếp theo cho tôi biết cái mã.,tôi cần phải biết cái mã đó trước khi có thể làm bước tiếp theo cho tôi biết cái mã
vi-VN,conv-45-turn-8.txt,Thôi được rồi.,"à, xem xem được rồi.",xem xem được rồi
vi-VN,conv-46-turn-0.txt,Tôi muốn được gia tăng hạn mức thẻ tín dụng.,tôi muốn được xin gia tăng hạn mức thẻ tín dụng.,tôi muốn được xin gia tăng hạn mức thẻ tín dụng
vi-VN,conv-46-turn-1.txt,Mã là C N 1 8 1 8.,mã là CN một tám một tám,mã là c n một tám một tám
vi-VN,conv-46-turn-10.txt,OK.,ok.,okay
vi-VN,conv-46-turn-11.txt,Tôi muốn hỏi là có cần chứng minh thu nhập để được tăng hạn mức không?,tôi muốn hỏi là có cần chứng minh thu nhập không để được tăng hạn mức,tôi muốn hỏi là có cần chứng minh thu nhập không để được tăng hạn mức
vi-VN,conv-46-turn-12.txt,OK.,ok.,okay
vi-VN,conv-46-turn-13.txt,Đồng ý.,đầu mối.,đầu mối
vi-VN,conv-46-turn-2.txt,OK. C N 1 8 1.,à ok C N một tám một,okay c n một tám một
vi-VN,conv-46-turn-3.txt,Tên đầy đủ của tôi là Trần Minh.,tên đầy đủ của tôi là Trần Minh.,tên đầy đủ của tôi là trần minh
vi-VN,conv-46-turn-4.txt,Email là minh chấm trần a còng email chấm com.,email là minh chấm trần a cộng email chấm com,email là minh chấm trần a cộng email chấm com
vi-VN,conv-46-turn-5.txt,Số điện thoại là cộng 84 9 1 1 2 3 4 5 6 7 8.,số điện thoại là cộng tám mươi bốn chín một một hai ba bốn năm sáu bảy tám,số điện thoại là cộng tám mươi bốn chín một một hai ba bốn năm sáu bảy tám
vi-VN,conv-46-turn-6.txt,Số điện thoại là cộng 84 9 1 1 2 3 4 5 6 7 8.,email là số điện thoại chứ số điện thoại là cộng tám mươi bốn chín một một hai ba bốn năm sáu bảy tám,email là số điện thoại chứ số điện thoại là cộng tám mươi bốn chín một một hai ba bốn năm sáu bảy tám
vi-VN,conv-46-turn-7.txt,Đúng rồi. Nhưng mà email là trần minh. Nhầm. Nói lại. Email là minh chấm trần a còng email chấm com.,đúng rồi email là nhưng mà email là trần minh nhầm nó lại nó lại email là minh chấm trần a cộng email chấm cơm,đúng rồi email là nhưng mà email là trần minh nhầm nó lại nó lại email là minh chấm trần a cộng email chấm cơm
vi-VN,conv-46-turn-8.txt,Được. Hướng dẫn giùm.,ok được được hướng dẫn gì mà,okay được được hướng dẫn gì mà
vi-VN,conv-46-turn-9.txt,OK. Đợi tôi xíu nhé.,ok đợi chút xíu nhé.,okay đợi chút xíu nhé
vi-VN,conv-47-turn-0.txt,Tôi muốn được xem lại những cái hóa đơn thanh toán gần đây.,tôi muốn được xem lại những cái hóa đơn thanh toán gần đây.,tôi muốn được xem lại những cái hóa đơn thanh toán gần đây
vi-VN,conv-47-turn-1.txt,OK.,ok.,okay
vi-VN,conv-47-turn-10.txt,"Đúng gần hết rồi, chỉ là 1 2 rồi tới 3 rồi mới tới 4. 1 2 3 4 5 6 7 8.",đúng gần hết rồi chỉ là một hai rồi tới ba rồi mới tới bốn một hai ba bốn năm sáu bảy tám,đúng gần hết rồi chỉ là một hai rồi tới ba rồi mới tới bốn một hai ba bốn năm sáu bảy tám
vi-VN,conv-47-turn-11.txt,Không đúng! Số điện thoại là cộng 84 9 1 1 2 3 4 5 6 7 8.,không đúng số điện thoại là cộng tám mươi bốn chín một một hai ba bốn năm sáu bảy tám,không đúng số điện thoại là cộng tám mươi bốn chín một một hai ba bốn năm sáu bảy tám
vi-VN,conv-47-turn-12.txt,Chưa chính xác. Nghe cho kĩ nè. Số là cộng 84 9 1 1 2 3 4 5 6 7 8.,chưa chính xác nghe cho kỹ nè số là cộng tám mươi bốn chín một một hai ba bốn năm sáu bảy tám,chưa chính xác nghe cho kĩ nè số là cộng tám mươi bốn chín một một hai ba bốn năm sáu bảy tám
vi-VN,conv-47-turn-13.txt,Chưa đúng. Đọc lại nè. Cộng 84 9 1 1 2 3 4 5 6 7 8.,chưa đúng đọc lại nè cộng tám mươi bốn chín một một hai ba bốn năm sáu bảy tám,chưa đúng đọc lại nè cộng tám mươi bốn chín một một hai ba bốn năm sáu bảy tám
vi-VN,conv-47-turn-14.txt,Trời ơi! Số điện thoại là cộng 84 9 1 1 2 3 4 5 6 7 8.,trời ơi số điện thoại là cộng tám mươi bốn chín một một hai ba bốn năm sáu bảy tám,trời ơi số điện thoại là cộng tám mươi bốn chín một một hai ba bốn năm sáu bảy tám
vi-VN,conv-47-turn-15.txt,"Đúng rồi, nhưng mà không phải là cộng 74 mà là cộng 84!",đúng rồi nhưng mà không phải là cộng bảy mươi bốn mà là cộng tám mươi bốn.,đúng rồi nhưng mà không phải là cộng bảy mươi bốn mà là cộng tám mươi bốn
vi-VN,conv-47-turn-16.txt,Trời ơi. Số điện thoại chưa có chính xác. Số điện thoại chính xác là cộng 84 9 1 1 2 3 4 5 6 7 8.,trời số điện thoại chưa có chính xác số điện thoại chính xác là cộng tám mươi bốn chín một một hai ba bốn năm sáu bảy tám,trời số điện thoại chưa có chính xác số điện thoại chính xác là cộng tám mươi bốn chín một một hai ba bốn năm sáu bảy tám
vi-VN,conv-47-turn-17.txt,Đúng rồi. Đúng rồi.,đúng rồi đúng rồi.,đúng rồi đúng rồi
vi-VN,conv-47-turn-18.txt,Tôi muốn xem hóa đơn của tháng 7 và tháng 8.,tôi muốn xem hóa đơn của tháng bảy và tháng tám.,tôi muốn xem hóa đơn của tháng bảy và tháng tám
vi-VN,conv-47-turn-19.txt,OK.,ok.,okay
vi-VN,conv-47-turn-2.txt,Rồi. Vui lòng cho tôi biết mã.,rồi vui lòng mà cho tôi biết mã.,rồi vui lòng mà cho tôi biết mã
vi-VN,conv-47-turn-20.txt,Kiểm tra hóa đơn qua ứng dụng đi.,qua hóa đơn kiểm tra hóa đơn qua ứng dụng đi.,qua hóa đơn kiểm tra hóa đơn qua ứng dụng đi
vi-VN,conv-47-turn-21.txt,Rồi.,rồi.,rồi
vi-VN,conv-47-turn-22.txt,Vào được rồi. Vào được rồi.,"bạn được rồi, bạn được rồi.",bạn được rồi bạn được rồi
vi-VN,conv-47-turn-23.txt,"Vài cái hóa đơn mà tôi không nhớ đã thực hiện thanh toán là ở đâu. Tôi muốn truy xuất lại xem xem những cái hóa đơn thanh toán đó là ở đâu, mục đích gì, có được không?",có một vài có hóa đơn mà tôi không nhớ là đã thực hiện thanh toán là ở đâu như vậy tôi vụ có muốn truy xuất lại xem xem những cái hóa đơn thanh toán đó là là cho ở đâu mục đích gì có được không,có một vài có hóa đơn mà tôi không nhớ là đã thực hiện thanh toán là ở đâu như vậy tôi vụ có muốn truy xuất lại xem xem những cái hóa đơn thanh toán đó là là cho ở đâu mục đích gì có được không
vi-VN,conv-47-turn-24.txt,Có một vài cái tôi nhìn mà không hiểu.,có một vài cái tôi nhìn mà không hiểu.,có một vài cái tôi nhìn mà không hiểu
vi-VN,conv-47-turn-25.txt,Nhiều lắm. Tôi đọc ví dụ như vào tháng 8 đi.,nhiều lắm tôi đọc vào ví dụ như vào tháng tám đi.,nhiều lắm tôi đọc vào ví dụ như vào tháng tám đi
vi-VN,conv-47-turn-26.txt,"Ngày giao dịch là ngày 14 tháng 8, số tiền là 500000 đồng.",ngày giao dịch giao dịch là ngày mười bốn tháng tám số tiền là năm trăm nghìn đồng,ngày giao dịch giao dịch là ngày mười bốn tháng tám số tiền là năm trăm nghìn đồng
vi-VN,conv-47-turn-27.txt,Ghi là cửa hàng giày dép.,ghi là cửa hàng giày dép,ghi là cửa hàng giày dép
vi-VN,conv-47-turn-28.txt,Đúng rồi. Tôi không có nhớ là mình đã thực hiện cái thanh toán này. Vui lòng truy cứu lại giúp tôi.,đúng rồi tôi không mới nhớ là mình đã thực hiện cái thanh toán này vui lòng là truy cứu lại giúp tôi,đúng rồi tôi không mới nhớ là mình đã thực hiện cái thanh toán này vui lòng là truy cứu lại giúp tôi
vi-VN,conv-47-turn-29.txt,Tôi muốn nói chuyện với bộ phận hỗ trợ ngay bây giờ. Một tuần thì lâu quá.,tôi muốn nói chuyện với bộ phận hỗ trợ ngay bây giờ một tuần thì lâu quá.,tôi muốn nói chuyện với bộ phận hỗ trợ ngay bây giờ một tuần thì lâu quá
vi-VN,conv-47-turn-3.txt,C N 4 7 4.,cn bốn bảy bốn,c n bốn bảy bốn
vi-VN,conv-47-turn-30.txt,Thôi được rồi. Cảm ơn.,"à thôi được rồi, cảm ơn.",thôi được rồi cảm ơn
vi-VN,conv-47-turn-4.txt,Tên đầy đủ là Trần Minh.,tên đầy đủ là Trần Minh.,tên đầy đủ là trần minh
vi-VN,conv-47-turn-5.txt,Địa chỉ email là minh chấm trần.,địa chỉ email là minhminh chấm trần,địa chỉ email là minhminh chấm trần
vi-VN,conv-47-turn-6.txt,Email đầy đủ của tôi là minh chấm trần a còng email chấm com.,email đầy đủ của tôi là minh chấm trần a cộng email chấm cơm,email đầy đủ của tôi là minh chấm trần a cộng email chấm cơm
vi-VN,conv-47-turn-7.txt,Đúng rồi.,à đúng rồi.,đúng rồi
vi-VN,conv-47-turn-8.txt,Số điện thoại là cộng 84 9 1 1 2 3 4 5 6 7 8.,số điện thoại là cộng tám mươi bốn chín một một hai ba bốn năm sáu bảy tám,số điện thoại là cộng tám mươi bốn chín một một hai ba bốn năm sáu bảy tám
vi-VN,conv-47-turn-9.txt,Chưa đúng. Số điện thoại của tôi là cộng 84 9 1 1 2 3 4 5 6 7 8.,chưa đúng số điện thoại của tôi là cộng tám mươi bốn chín một một hai ba bốn năm sáu bảy tám,chưa đúng số điện thoại của tôi là cộng tám mươi bốn chín một một hai ba bốn năm sáu bảy tám
vi-VN,conv-48-turn-0.txt,Tôi muốn được xem xét gia tăng hạn mức thẻ tín dụng.,tôi muốn được xem xét gia tăng hạn mức thẻ tín dụng.,tôi muốn được xem xét gia tăng hạn mức thẻ tín dụng
vi-VN,conv-48-turn-1.txt,"C N 8 0 4, phải không?",CNH tám không bốn phải không?,c n h tám không bốn phải không
vi-VN,conv-48-turn-10.txt,"À, đúng rồi.",à đúng rồi.,đúng rồi
vi-VN,conv-48-turn-11.txt,Thông tin của tôi như vậy là đúng rồi.,thông tin của tôi như vậy là đúng rồi,thông tin của tôi như vậy là đúng rồi
vi-VN,conv-48-turn-12.txt,Sẵn sàng.,em để sáng sảnh,em để sáng sảnh
vi-VN,conv-48-turn-13.txt,Tôi không thấy thông báo.,tôi không thấy cái thông báo.,tôi không thấy cái thông báo
vi-VN,conv-48-turn-14.txt,"À, rồi. Làm rồi luôn rồi. Chưa thấy thông báo.",rồi làm rồi luôn rồi chưa thấy thông báo.,rồi làm rồi luôn rồi chưa thấy thông báo
vi-VN,conv-48-turn-15.txt,Đợi tôi một xíu để tôi kiểm tra.,đợi tôi một xíu để tôi kiểm tra.,đợi tôi một xíu để tôi kiểm tra
vi-VN,conv-48-turn-16.txt,"À, kiểm tra rồi. Tôi đây. Đã thấy thông báo.",kiểm tra rồi tôi đây đã thấy thông báo,kiểm tra rồi tôi đây đã thấy thông báo
vi-VN,conv-48-turn-17.txt,Tôi đã thấy thông báo.,tôi đã hệ thông báo.,tôi đã hệ thông báo
vi-VN,conv-48-turn-18.txt,Tôi có thể tăng hạn mức nhờ vào việc thế chấp tài sản không?,tôi có thể được tăng hạn mức nhờ vào việc khai thác tài sản không?,tôi có thể được tăng hạn mức nhờ vào việc khai thác tài sản không
vi-VN,conv-48-turn-19.txt,OK.,ok.,okay
vi-VN,conv-48-turn-2.txt,C N 8 0 0.,C N tám không không.,c n tám không không
vi-VN,conv-48-turn-20.txt,"Muốn. Chuyển tôi qua, tôi muốn nói chuyện với nhân viên tư vấn.",muốn chuyển tôi qua tôi muốn nói chuyện với nhân viên tư vấn.,muốn chuyển tôi qua tôi muốn nói chuyện với nhân viên tư vấn
vi-VN,conv-48-turn-21.txt,Thôi vậy được rồi. Cảm ơn.,thôi vậy được rồi cảm ơn,thôi vậy được rồi cảm ơn
vi-VN,conv-48-turn-22.txt,OK. Cảm ơn.,"ok, cưng.",okay cưng
vi-VN,conv-48-turn-3.txt,Vui lòng đọc lại từng số một.,vui lòng đọc lại từng số một,vui lòng đọc lại từng số một
vi-VN,conv-48-turn-4.txt,C N 8 0 1.,C N tám không một.,c n tám không một
vi-VN,conv-48-turn-5.txt,Tên đầy đủ là Trần Minh.,tên này đủ là trần minh,tên này đủ là trần minh
vi-VN,conv-48-turn-6.txt,Email của tôi là minh chấm trần a còng email chấm com.,email của tôi là min chấm trần a cộng email chấm com,email của tôi là min chấm trần a cộng email chấm com
vi-VN,conv-48-turn-7.txt,Số điện thoại là cộng 84 9 1 1 2 3 4 5 6 7 8.,số điện thoại là cộng tám mươi bốn chín một một hai ba bốn năm sáu bảy tám,số điện thoại là cộng tám mươi bốn chín một một hai ba bốn năm sáu bảy tám
vi-VN,conv-48-turn-8.txt,Không đúng. Email là minh.,không đúng email là min,không đúng email là min
vi-VN,conv-48-turn-9.txt,Email là minh chấm trần a còng email chấm com. Số điện thoại cộng 84 9 1 1 2 3 4 5 6 7 8.,email là minh chấm trần a cộng email chấm com số điện thoại cộng tám mươi bốn chín một một hai ba bốn năm sáu bảy tám,email là minh chấm trần a cộng email chấm com số điện thoại cộng tám mươi bốn chín một một hai ba bốn năm sáu bảy tám
vi-VN,conv-49-turn-0.txt,"Tôi muốn được xem tình trạng thẻ của tôi. Tôi làm mất thẻ và có xin cấp lại, nhưng đã đợi hai tuần rồi mà vẫn chưa thấy thông tin gì.",tôi muốn được xem cái tình trạng thẻ của tôi tôi làm mất thẻ và có xin cấp lại nhưng mà đã đợi hai tuần mà vẫn chưa thấy thông tin gì,tôi muốn được xem cái tình trạng thẻ của tôi tôi làm mất thẻ và có xin cấp lại nhưng mà đã đợi hai tuần mà vẫn chưa thấy thông tin gì
vi-VN,conv-49-turn-1.txt,OK.,ok.,okay
vi-VN,conv-49-turn-10.txt,OK.,okay.,okay
vi-VN,conv-49-turn-11.txt,Muốn.,à muốn.,muốn
vi-VN,conv-49-turn-12.txt,Vui lòng hỗ trợ tôi nói chuyện với một người nhân viên hỗ trợ trực tiếp.,và vui lòng là hỗ trợ tôi nói chuyện với một người nhân viên hỗ trợ trực tiếp,và vui lòng là hỗ trợ tôi nói chuyện với một người nhân viên hỗ trợ trực tiếp
vi-VN,conv-49-turn-13.txt,OK.,ok.,okay
vi-VN,conv-49-turn-14.txt,Địa chỉ hiện tại mà cái thẻ giao tới là ở đâu?,địa chỉ hiện tại mà cái thẻ được giao tới là ở đâu?,địa chỉ hiện tại mà cái thẻ được giao tới là ở đâu
vi-VN,conv-49-turn-15.txt,Thôi được rồi. Cảm ơn.,thôi được rồi cảm ơn.,thôi được rồi cảm ơn
vi-VN,conv-49-turn-16.txt,OK. Cảm ơn.,"ok, kemon",okay kemon
vi-VN,conv-49-turn-2.txt,C N 4 7 1.,cn bốn bảy một,c n bốn bảy một
vi-VN,conv-49-turn-3.txt,Tên của tôi là.,tên của tôi là,tên của tôi là
vi-VN,conv-49-turn-4.txt,Tên của tôi là Trần Thu.,tên của tôi là Trần Thu,tên của tôi là trần thu
vi-VN,conv-49-turn-5.txt,Địa chỉ email là thu chấm trần a còng email chấm com.,địa chỉ email là thu chấm trần a cộng email chấm com,địa chỉ email là thu chấm trần a cộng email chấm com
vi-VN,conv-49-turn-6.txt,Email đúng rồi.,email thường rồi.,email thường rồi
vi-VN,conv-49-turn-7.txt,Số điện thoại của tôi là cộng 84 9 1 1 2 3 4 5 6 7 8.,số điện thoại của tôi là cộng tám mươi bốn chín một một hai ba bốn năm sáu bảy tám,số điện thoại của tôi là cộng tám mươi bốn chín một một hai ba bốn năm sáu bảy tám
vi-VN,conv-49-turn-8.txt,Thông tin này đúng rồi.,thông tin này đúng rồi.,thông tin này đúng rồi
vi-VN,conv-49-turn-9.txt,Tôi muốn đổi địa chỉ giao thẻ tới nhà. Tôi muốn đổi địa chỉ nhận thẻ.,"tôi muốn đổi cái địa chỉ mà giao thẻ tới nhà, tôi muốn đổi cái địa chỉ nhận thẻ.",tôi muốn đổi cái địa chỉ mà giao thẻ tới nhà tôi muốn đổi cái địa chỉ nhận thẻ
vi-VN,conv-5-turn-0.txt,Mình đang cần một bản sao kê cho tài khoản thẻ tín dụng gần nhất. Sao kê gần nhất của thẻ tín dụng mình đang dùng.,"mình đang cần một bản sao kê cho tài khoản thẻ tín dụng gần nhất, sao kê gần nhất của thẻ tín dụng mình đang dùng.",mình đang cần một bản sao kê cho tài khoản thẻ tín dụng gần nhất sao kê gần nhất của thẻ tín dụng mình đang dùng
vi-VN,conv-5-turn-1.txt,"Để mình ghi lại nhá. C N 3 9 0 7, đúng không? C N.",để để để mình ghi lại nhá C N ba chín không bảy đúng không C N,mình ghi lại nhá c n ba chín không bảy đúng không c n
vi-VN,conv-5-turn-10.txt,Ừ. Cảm ơn Anna nhá. Có gì cần mình gọi lên.,ờ cảm ơn nán nà nhé có gì cần mình gọi liền,cảm ơn nán nà nhé có gì cần mình gọi liền
vi-VN,conv-5-turn-2.txt,À.,à.,
vi-VN,conv-5-turn-3.txt,C N 3 9 7. OK.,"tn ba chín bảy, ok.",tn ba chín bảy okay
vi-VN,conv-5-turn-4.txt,"Ờ, ừ.",ừ ừ,
vi-VN,conv-5-turn-5.txt,Họ tên đầy đủ của mình là Trần Minh.,tên đầy đủ của mình là Trần Minh,tên đầy đủ của mình là trần minh
vi-VN,conv-5-turn-6.txt,Ừ. Email là minh chấm trần a còng email chấm com.,ở email là minh trần a còng email.com,email là minh trần a còng email chấm com
vi-VN,conv-5-turn-7.txt,Ừ. Số điện thoại là cộng 84 9 1 1 2 3 4 5 6 7 8.,số điện thoại là cộng tám bốn chín một một hai ba bốn năm sáu bảy tám,số điện thoại là cộng tám bốn chín một một hai ba bốn năm sáu bảy tám
vi-VN,conv-5-turn-8.txt,"Ừ. Đúng rồi. Rồi, Anna ơi. Chuẩn rồi.",ừ ừ đúng rồi đúng rồi rồi rồi rồi Anna chuẩn rồi,đúng rồi đúng rồi rồi rồi rồi anna chuẩn rồi
vi-VN,conv-5-turn-9.txt,"Ừ. Không. Vậy để 1 2 ngày làm việc, mình có cái sao kê gần nhất, thì cần gì hỗ trợ mình sẽ gọi lên cho các bạn.",ờ không vậy đợi một hai ngày đi làm việc mình có cái sau kê gần nhất thì cần gì hỗ trợ mình sẽ gọi lên cho các bạn.,không vậy đợi một hai ngày đi làm việc mình có cái sau kê gần nhất thì cần gì hỗ trợ mình sẽ gọi lên cho các bạn
vi-VN,conv-6-turn-0.txt,Tôi muốn gia tăng hạn mức thẻ tín dụng.,tôi muốn gia tăng hạn mức thẻ tín dụng.,tôi muốn gia tăng hạn mức thẻ tín dụng
vi-VN,conv-6-turn-1.txt,Rồi. Sẵn sàng.,"ờ, thành sinh",thành sinh
vi-VN,conv-6-turn-10.txt,"Thiếu mất một số cuối cùng, đầy đủ là cộng 84 9 1 1 2 3 4 5 6 7 8.",thiếu mất một số cuối cùng để đầy đủ là cộng tám mươi bốn chín một một hai ba bốn năm sáu bảy tám,thiếu mất một số cuối cùng để đầy đủ là cộng tám mươi bốn chín một một hai ba bốn năm sáu bảy tám
vi-VN,conv-6-turn-11.txt,Sẵn sàng.,ờ sẵn sàng,sẵn sàng
vi-VN,conv-6-turn-12.txt,Sẵn sàng. Sẵn sàng.,xinh xinh xinh xinh,xinh xinh xinh xinh
vi-VN,conv-6-turn-13.txt,Tôi đã sẵn sàng.,tôi đã sẵn sàng.,tôi đã sẵn sàng
vi-VN,conv-6-turn-14.txt,Xin chào.,xin chào.,xin chào
vi-VN,conv-6-turn-15.txt,OK. Vui lòng đợi tôi một xíu.,"ok, vừa làm đợi trong một xíu.",okay vừa làm đợi trong một xíu
vi-VN,conv-6-turn-16.txt,Đã xong.,đã xong.,đã xong
vi-VN,conv-6-turn-17.txt,Đã xác nhận. Đã xác nhận.,"đã xác nhận, đã xác nhận.",đã xác nhận đã xác nhận
vi-VN,conv-6-turn-18.txt,OK.,ok.,okay
vi-VN,conv-6-turn-19.txt,Tôi muốn hỏi xem là có yêu cầu gì cho cái việc tăng hạn mức hay không?,tôi muốn hỏi xem là có yêu cầu gì cho cái việc tăng hạn mức thì không?,tôi muốn hỏi xem là có yêu cầu gì cho cái việc tăng hạn mức thì không
vi-VN,conv-6-turn-2.txt,Sẵn sàng rồi.,sáng sành rồi.,sáng sành rồi
vi-VN,conv-6-turn-20.txt,Tôi có cần phải chứng minh lại thu nhập để có thể tăng hạn mức không?,tôi có cần phải chứng minh lại thu nhập để có thể được tăng hạn mức không,tôi có cần phải chứng minh lại thu nhập để có thể được tăng hạn mức không
vi-VN,conv-6-turn-21.txt,OK.,ok.,okay
vi-VN,conv-6-turn-22.txt,Muốn. Muốn.,muốn muốn,muốn muốn
vi-VN,conv-6-turn-23.txt,Tôi muốn chuyển. Vui lòng chuyển qua.,tôi muốn chuyển vui lòng chuyển qua,tôi muốn chuyển vui lòng chuyển qua
vi-VN,conv-6-turn-24.txt,OK.,ờ okay.,okay
vi-VN,conv-6-turn-25.txt,OK.,ok.,okay
vi-VN,conv-6-turn-3.txt,Xin chào.,xin chào.,xin chào
vi-VN,conv-6-turn-4.txt,Vui lòng đọc lại ạ.,vui lòng đọc lại.,vui lòng đọc lại
vi-VN,conv-6-turn-5.txt,Đúng. C N 9 6 8.,đúng C N chín sáu tám.,đúng c n chín sáu tám
vi-VN,conv-6-turn-6.txt,Tên đầy đủ là Trần Minh.,tên đầy đủ là Trần Minh.,tên đầy đủ là trần minh
vi-VN,conv-6-turn-7.txt,Email là minh trần at Gmail chấm com.,email là minh trần at gmail dot com,email là minh trần at gmail chấm com
vi-VN,conv-6-turn-8.txt,Không phải. Cái email đúng là minh chấm trần a còng email chấm com.,không phải cái email đúng là min chấm trần a cộng email chấm com,không phải cái email đúng là min chấm trần a cộng email chấm com
vi-VN,conv-6-turn-9.txt,Số điện thoại là cộng 84 9 1 1 2 3 4 5 6 7 8.,số điện thoại là cộng tám mươi bốn chín một một hai ba bốn năm sáu bảy tám,số điện thoại là cộng tám mươi bốn chín một một hai ba bốn năm sáu bảy tám
vi-VN,conv-7-turn-0.txt,"Tôi làm mất thẻ. Tôi xin cấp lại, muốn hỏi chừng nào có?","tôi làm mất cái thẻ, tôi xin cấp lại. muốn hỏi coi là trường nào có?",tôi làm mất cái thẻ tôi xin cấp lại muốn hỏi coi là trường nào có
vi-VN,conv-7-turn-1.txt,Rồi. Đọc lại đi.,rồi được đấy.,rồi được đấy
vi-VN,conv-7-turn-10.txt,Minh chấm trần a còng email chấm com.,minh chấm trần a cộng email chấm cơm,minh chấm trần a cộng email chấm cơm
vi-VN,conv-7-turn-11.txt,Số điện thoại là cộng 84 9 1 1 2 3 4 5 6 7 8.,số điện thoại là cộng tám mươi bốn chín một một hai ba bốn năm sáu bảy tám,số điện thoại là cộng tám mươi bốn chín một một hai ba bốn năm sáu bảy tám
vi-VN,conv-7-turn-12.txt,Email là minh chấm trần a còng email chấm com. Số điện thoại cộng 84 9 1 1 2 3 4 5 6 7 8.,email là min trần a c cộng email chấm com số điện thoại cộng tám mươi bốn chín một một hai ba bốn năm sáu bảy tám,email là min trần a c cộng email chấm com số điện thoại cộng tám mươi bốn chín một một hai ba bốn năm sáu bảy tám
vi-VN,conv-7-turn-13.txt,Có thể đẩy nhanh tiến độ được không?,có thể nào đẩy nhanh tiến độ được không?,có thể nào đẩy nhanh tiến độ được không
vi-VN,conv-7-turn-14.txt,Có.,có có,có có
vi-VN,conv-7-turn-15.txt,OK. Cảm ơn.,à ok các bạn,okay các bạn
vi-VN,conv-7-turn-2.txt,Rồi. Đọc lại đi.,rồi đọc lại đi.,rồi đọc lại đi
vi-VN,conv-7-turn-3.txt,Tôi cần nghe lại mã theo dõi.,tôi tôi cần nghe lại mã theo dõi.,tôi tôi cần nghe lại mã theo dõi
vi-VN,conv-7-turn-4.txt,"C N 4 1 0, đúng không?",cnn bốn một không đúng không?,cnn bốn một không đúng không
vi-VN,conv-7-turn-5.txt,Có.,gà gà,gà gà
vi-VN,conv-7-turn-6.txt,C N 4 1 4.,CN bốn một bốn.,c n bốn một bốn
vi-VN,conv-7-turn-7.txt,Thôi được rồi. Cần hỗ trợ.,thời được rồi cần hỗ trợ,thời được rồi cần hỗ trợ
vi-VN,conv-7-turn-8.txt,"Hồi nãy, tôi mới nói xong. Mất thẻ, muốn làm lại, khi nào thì có?","hồi nãy mới nói sao mất thẻ, muốn làm lại, coi coi là khi nào thì có.",hồi nãy mới nói sao mất thẻ muốn làm lại coi coi là khi nào thì có
vi-VN,conv-7-turn-9.txt,Họ tên đầy đủ là Trần Minh.,họ tên đủ là trần minh,họ tên đủ là trần minh
vi-VN,conv-8-turn-0.txt,"Tôi lỡ làm mất cái thẻ, đã xin cấp lại. Và bây giờ muốn được vận chuyển về nhà.",tôi lỡ làm mất cái thẻ đã xin cấp lại và bây giờ muốn được vận chuyển về nhà.,tôi lỡ làm mất cái thẻ đã xin cấp lại và bây giờ muốn được vận chuyển về nhà
vi-VN,conv-8-turn-1.txt,Thẻ tín dụng.,thẻ tín dụng,thẻ tín dụng
vi-VN,conv-8-turn-10.txt,Đúng rồi.,ờ đúng vậy.,đúng vậy
vi-VN,conv-8-turn-11.txt,Số chính xác rồi.,số chính xác hơn.,số chính xác hơn
vi-VN,conv-8-turn-12.txt,Số chính xác rồi. Vui lòng tiếp tục hướng dẫn.,số chính xác rồi vui lòng là tiếp tục hướng dẫn.,số chính xác rồi vui lòng là tiếp tục hướng dẫn
vi-VN,conv-8-turn-13.txt,Bạn đã có địa chỉ nhà tôi chưa?,bạn đã có địa chỉ nhà tôi chưa,bạn đã có địa chỉ nhà tôi chưa
vi-VN,conv-8-turn-14.txt,Địa chỉ nhà đầy đủ là số 1 2 3.,địa chỉ nhà đầy đủ là số một hai ba,địa chỉ nhà đầy đủ là số một hai ba
vi-VN,conv-8-turn-15.txt,"Chưa. Đầy đủ phải là 1 2 3 đường Lê Lợi, Hồ Chí Minh city, zip code là 700000, Việt Nam.",chưa đầy đủ với là một hai ba đường lề lợi hồ chí minh city zip code là bảy trăm không việt nam,chưa đầy đủ với là một hai ba đường lề lợi hồ chí minh city zip code là bảy trăm không việt nam
vi-VN,conv-8-turn-16.txt,"Chưa. Số chính xác là 1 2 3 Lê Lợi, Hồ Chí Minh city, zip code 7 0 0 0 0 0, Việt Nam.",chưa số chính xác là một hai ba l lợi Hồ Chí Minh City zip code bảy không không không không không Việt Nam,chưa số chính xác là một hai ba l lợi hồ chí minh city zip code bảy không không không không không việt nam
vi-VN,conv-8-turn-17.txt,"À, đúng rồi.",đúng rồi.,đúng rồi
vi-VN,conv-8-turn-18.txt,Địa chỉ đúng rồi.,địa chỉ đúng rồi.,địa chỉ đúng rồi
vi-VN,conv-8-turn-19.txt,Thôi như vậy được rồi.,thôi như vậy thì thôi.,thôi như vậy thì thôi
vi-VN,conv-8-turn-2.txt,Sẵn sàng.,sẵn sàng.,sẵn sàng
vi-VN,conv-8-turn-20.txt,Khoan. Khoan. Khoan. Khoan. Khoan. Khoan.,"à, huynh, huynh, huynh, huynh, huynh, huynh",huynh huynh huynh huynh huynh huynh
vi-VN,conv-8-turn-21.txt,Khoan. Khoan. Khoan.,à quen quen quen,quen quen quen
vi-VN,conv-8-turn-22.txt,Tôi muốn xin cấp lại thẻ nhưng mà cho hai bản luôn được không?,tôi muốn xin cấp lại thẻ nhưng mà cho hai bản luôn được không?,tôi muốn xin cấp lại thẻ nhưng mà cho hai bản luôn được không
vi-VN,conv-8-turn-23.txt,OK.,ok.,okay
vi-VN,conv-8-turn-24.txt,Muốn. Vui lòng hỗ trợ.,muốn vui lòng hội chợ.,muốn vui lòng hội chợ
vi-VN,conv-8-turn-25.txt,OK.,ok.,okay
vi-VN,conv-8-turn-26.txt,OK. Thôi được rồi.,"ok, à thôi.",okay thôi được rồi
vi-VN,conv-8-turn-3.txt,Mã là C N 2 8 4.,mã là CN hai tám bốn,mã là c n hai tám bốn
vi-VN,conv-8-turn-4.txt,Tên là Trần Minh.,tên là Trần Minh.,tên là trần minh
vi-VN,conv-8-turn-5.txt,Địa chỉ email là minh chấm trần a còng email chấm com.,địa chỉ email là minh chấm trần a cộng email chấm com,địa chỉ email là minh chấm trần a cộng email chấm com
vi-VN,conv-8-turn-6.txt,Chưa đúng. Chính xác là minh chấm trần a còng email chấm com.,chưa đúng chính xác là min chấm trần a tổng email chấm com,chưa đúng chính xác là min chấm trần a tổng email chấm com
vi-VN,conv-8-turn-7.txt,Số điện thoại là cộng 84 9 1 1 2 3 4 5 6 7 8.,số điện thoại là tổng tám mươi bốn chín một một hai ba bốn năm sáu bảy tám,số điện thoại là tổng tám mươi bốn chín một một hai ba bốn năm sáu bảy tám
vi-VN,conv-8-turn-8.txt,Chưa đúng. Số chính xác phải là cộng 84 9 1 1 2 3 4 5 6 7 8.,chưa đúng số chính xác là cộng tám mươi bốn chín một một hai ba bốn năm sáu bảy tám,chưa đúng số chính xác là cộng tám mươi bốn chín một một hai ba bốn năm sáu bảy tám
vi-VN,conv-8-turn-9.txt,Không phải. Chính xác phải là cộng 84 9 1 1 2 3 4 5 6 7 8.,không phải chính xác phải là cộng tám mươi bốn chín một một hai ba bốn năm sáu bảy tám,không phải chính xác phải là cộng tám mươi bốn chín một một hai ba bốn năm sáu bảy tám
vi-VN,conv-9-turn-0.txt,Tôi cần xin gia tăng hạn mức thẻ tín dụng.,tôi cần xin gia tăng hạn mức thẻ tín dụng.,tôi cần xin gia tăng hạn mức thẻ tín dụng
vi-VN,conv-9-turn-1.txt,"Mã của tôi là C N 6 6 6, phải không?",mã của tôi là cn sáu sáu sáu phải không,mã của tôi là c n sáu sáu sáu phải không
vi-VN,conv-9-turn-10.txt,Không phải. Số phải là cộng 84 9 1 1 2 3 4 5 6 7 8.,không phải số phải là cộng tám mươi bốn chín một một hai ba bốn năm sáu bảy tám,không phải số phải là cộng tám mươi bốn chín một một hai ba bốn năm sáu bảy tám
vi-VN,conv-9-turn-11.txt,Đúng rồi. Cái này thì đúng.,đúng rồi cái này thì đúng.,đúng rồi cái này thì đúng
vi-VN,conv-9-turn-12.txt,Sẵn sàng.,sẵn sàng.,sẵn sàng
vi-VN,conv-9-turn-13.txt,OK.,ok.,okay
vi-VN,conv-9-turn-14.txt,Có. Vui lòng hỗ trợ cái này.,có có vui lòng hỗ trợ cái này,có có vui lòng hỗ trợ cái này
vi-VN,conv-9-turn-15.txt,OK.,ok.,okay
vi-VN,conv-9-turn-16.txt,Có thể cho biết là có cần chứng minh thu nhập để được gia tăng hạn mức không?,có thể cho biết là có cần chiến binh thu nhập để được gia tăng hạn mức không?,có thể cho biết là có cần chiến binh thu nhập để được gia tăng hạn mức không
vi-VN,conv-9-turn-17.txt,Thôi được rồi. Chuyển tôi qua nhân viên đi.,thôi được rồi chuyển tôi qua nhân viên đi.,thôi được rồi chuyển tôi qua nhân viên đi
vi-VN,conv-9-turn-2.txt,Tôi nghe được rồi. C N 6 6 6.,tôi nghe được CN sau sau sau,tôi nghe được c n sau sau sau
vi-VN,conv-9-turn-3.txt,Tên tôi là Trần Minh.,tên tôi là Trần Minh,tên tôi là trần minh
vi-VN,conv-9-turn-4.txt,Email là minh chấm trần a còng email chấm com.,email là minh chấm trần a cộng email chấm cơm,email là minh chấm trần a cộng email chấm cơm
vi-VN,conv-9-turn-5.txt,Đúng rồi.,ờ vì.,
vi-VN,conv-9-turn-6.txt,Email chính xác.,gmail chính xác.,gmail chính xác
vi-VN,conv-9-turn-7.txt,Số điện thoại là.,số điện thoại là.,số điện thoại là
vi-VN,conv-9-turn-8.txt,Số điện thoại là cộng 84.,số điện thoại là cộng tám mươi bốn,số điện thoại là cộng tám mươi bốn
vi-VN,conv-9-turn-9.txt,Cộng 84 9 1 1 2 3 4 5 6 7 8.,cộng tám mươi bốn chín một một hai ba bốn năm sáu bảy tám,cộng tám mươi bốn chín một một hai ba bốn năm sáu bảy tám
zh-CN,conv-0-turn-0.txt,您好。,您好。,您好
zh-CN,conv-0-turn-1.txt,我想提高信用卡的限额。,我想起个信用卡的限额。,我想起个信用卡的限额
zh-CN,conv-0-turn-10.txt,不对呀。,不读a啊。,不读 a
zh-CN,conv-0-turn-11.txt,8 6 1 3 9 0 1 2 3 4 5 6 7。,八六幺三九零幺二三四五六七。,八 六 一 三 九 零 一 二 三 四 五 六 七
zh-CN,conv-0-turn-12.txt,说什么？,学什么？,学什么
zh-CN,conv-0-turn-13.txt,不对的。,不堆的。,不堆的
zh-CN,conv-0-turn-14.txt,不对呀。,不对呀。,不对呀
zh-CN,conv-0-turn-15.txt,8 6 1 3 9 0 1 2 3 4 5 6 7。,八六幺三九零幺二三四五六七。,八 六 一 三 九 零 一 二 三 四 五 六 七
zh-CN,conv-0-turn-16.txt,不对呀，不太对的。,嗯，不对呀，不太对的。,不对呀不太对的
zh-CN,conv-0-turn-17.txt,8 6 1 3 9 0 1 2 3 4 5 6 7。,八六幺三九零幺二三四五六七。,八 六 一 三 九 零 一 二 三 四 五 六 七
zh-CN,conv-0-turn-18.txt,听到了吗？,听到了吗？,听到了吗
zh-CN,conv-0-turn-19.txt,哎呀。,哎呀！,哎呀
zh-CN,conv-0-turn-2.txt,准备好了。,准备好了。,准备好了
zh-CN,conv-0-turn-3.txt,C N 7 6 2。,C N G 六二。,c n g 六 二
zh-CN,conv-0-turn-4.txt,C N 7 6 2。,CNG六二。,c n g 六 二
zh-CN,conv-0-turn-5.txt,美林。,美玲。,美玲
zh-CN,conv-0-turn-6.txt,我的邮箱地址是美林 at email dot com。,我的邮箱地址是 meiling at email dot com。,我的邮箱地址是 美林 at email dot com
zh-CN,conv-0-turn-7.txt,是对的。,是对的。,是对的
zh-CN,conv-0-turn-8.txt,对的，你说得对。,对，等于说的对。,对 等于说的对
zh-CN,conv-0-turn-9.txt,我的电话号码是 8 6 1 3 9 0 1 2 3 4 5 6 7。,我电好好号码是八六幺三九零幺二三四五六七。,我电好好号码是 八 六 一 三 九 零 一 二 三 四 五 六 七
zh-CN,conv-1-turn-0.txt,你好。,你好。,你好
zh-CN,conv-1-turn-1.txt,我需要提供最新账单。,我需要提供最新账单。,我需要提供最新账单
zh-CN,conv-1-turn-10.txt,是美点玲 at email dot com。,是梅典林 at email dot com。,是美点玲 at email dot com
zh-CN,conv-1-turn-11.txt,美玲 at email dot com。,mailing at email dot com,mailing at email dot com
zh-CN,conv-1-turn-12.txt,8 6 1 3 9 0 1 2 3 4 5 6 7。,八六幺三九零幺二三四五六七。,八 六 一 三 九 零 一 二 三 四 五 六 七
zh-CN,conv-1-turn-13.txt,听到了吗？,听到的吗？,听到的吗
zh-CN,conv-1-turn-14.txt,不对啊。,不对啊。,不对
zh-CN,conv-1-turn-15.txt,8 6 1 3 9 0 1 2 3 4 5 6 7。,八六幺三九零幺二三四五六七。,八 六 一 三 九 零 一 二 三 四 五 六 七
zh-CN,conv-1-turn-16.txt,我已经几次说了。,我已经几次说了。,我已经几次说了
zh-CN,conv-1-turn-17.txt,你，你还不知道我的电话号码。,你，你还不知道我的电话号码？,你 你还不知道我的电话号码
zh-CN,conv-1-turn-18.txt,那不可以。,那不可以。,那不可以
zh-CN,conv-1-turn-2.txt,需要提供最新账单。,需要提高最新让步。,需要提高最新让步
zh-CN,conv-1-turn-3.txt,那我要提高我的信用卡限额。,那我要提高我的信用卡限额。,那我要提高我的信用卡限额
zh-CN,conv-1-turn-4.txt,提高信，信用卡的额度。,提高信信用卡的呃额度。,提高信信用卡的额度
zh-CN,conv-1-turn-5.txt,对的。,对的。,对的
zh-CN,conv-1-turn-6.txt,准备好了。,准备好了。,准备好了
zh-CN,conv-1-turn-7.txt,C N 5 0 8。,C N五零八。,c n 五 零 八
zh-CN,conv-1-turn-8.txt,C N 5 0 8。,cn五零八。,c n 五 零 八
zh-CN,conv-1-turn-9.txt,美玲。,美玲。,美玲
zh-CN,conv-10-turn-0.txt,你好。,你好。,你好
zh-CN,conv-10-turn-1.txt,我提高我的信用卡的限额。,我想提高我的信用卡的限额。,我想提高我的信用卡的限额
zh-CN,conv-10-turn-10.txt,君玲。,朱金林。,朱金林
zh-CN,conv-10-turn-11.txt,听到的吗？,听到的吗？,听到的吗
zh-CN,conv-10-turn-12.txt,君玲。,军联。,军联
zh-CN,conv-10-turn-13.txt,君玲。,dreaming。,dreaming
zh-CN,conv-10-turn-14.txt,哎呀。,我呀。,
zh-CN,conv-10-turn-2.txt,你先告诉我的追踪号码。,你先告诉我我的公众号吗？,你先告诉我我的公众号吗
zh-CN,conv-10-turn-3.txt,准备好了。,啊，准备好了。,准备好了
zh-CN,conv-10-turn-4.txt,C N 6 1 0 7。,西恩老咬零几？,西恩老咬零几
zh-CN,conv-10-turn-5.txt,C N 1 0 7。,C N 零幺零七。,c n 零 一 零 七
zh-CN,conv-10-turn-6.txt,那我的姓，姓名呢？,那我的姓，呃，性命呢？,那我的姓 性命呢
zh-CN,conv-10-turn-7.txt,怎么了？,嗯，怎么了？,怎么了
zh-CN,conv-10-turn-8.txt,你还好吗？你觉得你有问题？,你还好吗？觉得有你有问题。,你还好吗 觉得有你有问题
zh-CN,conv-10-turn-9.txt,你还不知道，你还不知道我的姓名。,你还不知道，你还不知道我的姓名。,你还不知道你还不知道我的姓名
zh-CN,conv-11-turn-0.txt,你好。,你好。,你好
zh-CN,conv-11-turn-1.txt,我正在等待。,我现在正在，呃。,我现在正在
zh-CN,conv-11-turn-10.txt,郡。我的姓名是郡凛。郡。,尊尊，我的姓名是尊灵尊。,郡 我的姓名是郡凛 郡
zh-CN,conv-11-turn-11.txt,8 6 1 3 9 1 0 1 2 4 2 3 4 5 6 7。,八六幺三九幺零幺二四二三四五六七。,八 六 一 三 九 一 零 一 二 四 二 三 四 五 六 七
zh-CN,conv-11-turn-12.txt,不对。我再重复一遍。,不对，不对，我再重复一遍。,不对 不对 我再重复一遍
zh-CN,conv-11-turn-13.txt,8 6 1 3 9 0 1 2 3 4 5 6 7。,八六幺三九零幺二三四五六七。,八 六 一 三 九 零 一 二 三 四 五 六 七
zh-CN,conv-11-turn-14.txt,不对。,不对。,不对
zh-CN,conv-11-turn-15.txt,8 6 1 3 9 0 1 2 3 4 5 6 7。,八六幺三九零幺二三四五六七。,八 六 一 三 九 零 一 二 三 四 五 六 七
zh-CN,conv-11-turn-16.txt,1 3 9。1 3 9。,一三九，一三九。,一 三 九 一 三 九
zh-CN,conv-11-turn-17.txt,你说的不对！你为什么不听好呀。,你说的不对，你为什么听不听我呀？,你说的不对 你为什么听不听我呀
zh-CN,conv-11-turn-18.txt,我不再说。,我不再说呀。,我不再说
zh-CN,conv-11-turn-2.txt,我正在等待新卡，想知道它的状态。,我仍在等待新卡，想知道它的状态。,我仍在等待新卡 想知道它的状态
zh-CN,conv-11-turn-3.txt,嗯。,嗯。,
zh-CN,conv-11-turn-4.txt,你说得对，我现在等待新卡。想知道它的状态。,嗯，你说的对，我现在等待也新卡，想知道它的状态。,你说的对 我现在等待也新卡 想知道它的状态
zh-CN,conv-11-turn-5.txt,对。,对。,对
zh-CN,conv-11-turn-6.txt,再说一遍。,再说一遍。,再说一遍
zh-CN,conv-11-turn-7.txt,C N 0 3 8。,C N 零三八。,c n 零 三 八
zh-CN,conv-11-turn-8.txt,对的。,对的。,对的
zh-CN,conv-11-turn-9.txt,郡凛。,军令。,军令
zh-CN,conv-12-turn-0.txt,你好。,你好。,你好
zh-CN,conv-12-turn-1.txt,我正在等待信卡，想知道它状态。,我正在等待新卡，想知道它状态。,我正在等待新卡 想知道它状态
zh-CN,conv-12-turn-10.txt,君，你听得不对，真的不对，我怎么办？,君，你听的不对，认的不对，我怎么办？,君 你听得不对 认得不对 我怎么办
zh-CN,conv-12-turn-11.txt,我的姓名是君灵。,我的姓名是君凌。,我的姓名是君凌
zh-CN,conv-12-turn-12.txt,君灵 at email dot com。,dreamling at email dot com.,dreamling at email dot com
zh-CN,conv-12-turn-13.txt,君灵 at email dot com。,dreamling at email dot com.,dreamling at email dot com
zh-CN,conv-12-turn-14.txt,听到吗？,听到吗？,听到吗
zh-CN,conv-12-turn-15.txt,君灵 at email dot com 已经说了。,dreamling at email dot com，你清楚啦。,dreamling at email dot com 你清楚啦
zh-CN,conv-12-turn-16.txt,君，君，君灵，at email dot com。,drin drin drinling at email dot com,drin drin drinling at email dot com
zh-CN,conv-12-turn-2.txt,准备好了。,准备好了。,准备好了
zh-CN,conv-12-turn-3.txt,C N 0 5 8。,C N 零五八。,c n 零 五 八
zh-CN,conv-12-turn-4.txt,君灵。,君临。,君临
zh-CN,conv-12-turn-5.txt,听到了吗？,听到了吗？,听到了吗
zh-CN,conv-12-turn-6.txt,是君灵。,是军令。,是军令
zh-CN,conv-12-turn-7.txt,君，你说得不对，你听得不对，听得不对，你再等一下。,君，你说的不对，你听的不对，听的不对，你再动一下。,君 你说得不对 你听得不对 听得不对 你再动一下
zh-CN,conv-12-turn-8.txt,君，君，君灵。,drin drin drin lean,drin drin drin lean
zh-CN,conv-12-turn-9.txt,君灵。,林琳。,林琳
zh-CN,conv-13-turn-0.txt,你好。,你好。,你好
zh-CN,conv-13-turn-1.txt,我想提高我的信用卡的额度。,我想提高我的信用卡的额度。,我想提高我的信用卡的额度
zh-CN,conv-13-turn-10.txt,君玲 at email dot com。,dreamling at email dot com.,dreamling at email dot com
zh-CN,conv-13-turn-11.txt,听到吗？,听到吗？,听到吗
zh-CN,conv-13-turn-12.txt,君玲 at email dot com。,dreamling@gmail.com,dreamling at gmail dot com
zh-CN,conv-13-turn-13.txt,你有什么问题呀，你病了吗？,哎呀，你有什么问题啊？你病了吗？,你有什么问题你病了吗
zh-CN,conv-13-turn-14.txt,君玲 at email dot com。,drinling at email dot com,drinling at email dot com
zh-CN,conv-13-turn-15.txt,君玲 at email dot com。,drinling at email dot com,drinling at email dot com
zh-CN,conv-13-turn-2.txt,没有没有没有没有，想提高信用卡的额度。,没有，没有，没有，没有，想提高信用卡的额度。,没有没有没有没有 想提高信用卡的额度
zh-CN,conv-13-turn-3.txt,不对呀，你有什么问题。,不对呀，你有什么问题？,不对呀 你有什么问题
zh-CN,conv-13-turn-4.txt,想提高我的信用卡的限额。,想提高我的信用卡的限额。,想提高我的信用卡的限额
zh-CN,conv-13-turn-5.txt,嗯准备好了。,嗯，准备好了。,准备好了
zh-CN,conv-13-turn-6.txt,C N 9 1 7。,七点九一七。,七 点 九 一 七
zh-CN,conv-13-turn-7.txt,你为什么现在很大声跟我说话呀。,你为什么现在很大声跟我说话呀？,你为什么现在很大声跟我说话呀
zh-CN,conv-13-turn-8.txt,君玲。,军令。,军令
zh-CN,conv-13-turn-9.txt,君玲 at email dot com。,drinling at email dot com.,drinling at email dot com
zh-CN,conv-14-turn-0.txt,你好。,好，你好。,你好
zh-CN,conv-14-turn-1.txt,我想提高我的信用卡的限额。,我想提高我的信用卡的限额。,我想提高我的信用卡的限额
zh-CN,conv-14-turn-10.txt,我的邮箱地址是美玲 at email dot com。,我的邮箱地址是 meiling at email dot com。,我的邮箱地址是 meiling at email dot com
zh-CN,conv-14-turn-11.txt,没有没有没有，美玲 at email dot com。,"meo meo meo, mailing at email dot com.",meo meo meo mailing at email dot com
zh-CN,conv-14-turn-12.txt,你有，你有什么问题，我几次说是美玲。,你有你有什么问题？我几次说是梅林。,你有你有什么问题 我几次说是梅林
zh-CN,conv-14-turn-13.txt,美玲 at email dot com。,mailing at email dot com.,mailing at email dot com
zh-CN,conv-14-turn-14.txt,哎呀。,哎呀！,哎呀
zh-CN,conv-14-turn-2.txt,听到了吗？,听到了吗？,听到了吗
zh-CN,conv-14-turn-3.txt,准备好了，你说吧。,准备好了，你说吧。,准备好了 你说吧
zh-CN,conv-14-turn-4.txt,你说吧。,你说吧。,你说吧
zh-CN,conv-14-turn-5.txt,C N 5 1 5。,C N 五一五。,c n 五 一 五
zh-CN,conv-14-turn-6.txt,你可以再一遍，说。,你可以在一边说。,你可以在一边说
zh-CN,conv-14-turn-7.txt,没有没有没有，我的意思是重复我的追踪号码。,没有，没有，没有。我的意思是，重复我的尊重号码。,没有没有没有 我的意思是重复我的尊重号码
zh-CN,conv-14-turn-8.txt,美玲。,魅铃。,美玲
zh-CN,conv-14-turn-9.txt,美玲 at email dot com。,mailing at email dot com.,mailing at email dot com
zh-CN,conv-15-turn-0.txt,你好。,你好。,你好
zh-CN,conv-15-turn-1.txt,我想提高我的信用卡的额度。,我想提高我的信用卡的额度。,我想提高我的信用卡的额度
zh-CN,conv-15-turn-10.txt,是美玲 at email dot com。,shumailing at email dot com,shumailing at email dot com
zh-CN,conv-15-turn-11.txt,你真的有病啊，哎呀。,你真的有病啊！哎呀！,你真的有病
zh-CN,conv-15-turn-12.txt,美玲 at email dot com。,mailing at email dot com.,mailing at email dot com
zh-CN,conv-15-turn-13.txt,美玲 at email dot com。,mailing at email dot com,mailing at email dot com
zh-CN,conv-15-turn-2.txt,准备好了。,嗯，准备好了。,准备好了
zh-CN,conv-15-turn-3.txt,C N 8 8 6。,C N 八八六。,c n 八 八 六
zh-CN,conv-15-turn-4.txt,美玲。,美玲。,美玲
zh-CN,conv-15-turn-5.txt,美玲 at email dot com。,mailing at email dot com.,mailing at email dot com
zh-CN,conv-15-turn-6.txt,你听到了吗？,你听到了吗？,你听到了吗
zh-CN,conv-15-turn-7.txt,是美玲 at email dot com。,是梅玲 at email dot com。,是美玲 at email dot com
zh-CN,conv-15-turn-8.txt,你说的不对。美玲 at email dot com。,نشودا بدوی mailing at email dot com,نشودا بدوی mailing at email dot com
zh-CN,conv-15-turn-9.txt,那我的邮箱地址呢？,那我的邮箱地址呢？,那我的邮箱地址呢
zh-CN,conv-16-turn-0.txt,我想要提高我的信用卡限额。,我想要提高我的信用卡限额。,我想要提高我的信用卡限额
zh-CN,conv-16-turn-1.txt,准备好了。,准备好了。,准备好了
zh-CN,conv-16-turn-2.txt,C N 0 6 7。,cn零六七。,c n 零 六 七
zh-CN,conv-16-turn-3.txt,C N 0 6 7 数字 0 6 7。,C N 零六七，数字零六七。,c n 零 六 七 数字 零 六 七
zh-CN,conv-16-turn-4.txt,A N 0 6 7。,A N 零六七。,a n 零 六 七
zh-CN,conv-16-turn-5.txt,A N 0 6 7。,cn零六七。,c n 零 六 七
zh-CN,conv-17-turn-0.txt,你好。,你好。,你好
zh-CN,conv-17-turn-1.txt,我提高我的信用卡的额度。,我想提高我的信用卡的额度。,我想提高我的信用卡的额度
zh-CN,conv-17-turn-10.txt,美玲 at email dot com。,mailing at email dot com.,mailing at email dot com
zh-CN,conv-17-turn-11.txt,美玲 at email dot com。,mailing at email dot com,mailing at email dot com
zh-CN,conv-17-turn-12.txt,听到我的吗？,听到的吗？,听到的吗
zh-CN,conv-17-turn-13.txt,美玲 at email dot com。,mailing at email dot com,mailing at email dot com
zh-CN,conv-17-turn-14.txt,美玲，美玲。,梅梅林。,梅梅林
zh-CN,conv-17-turn-15.txt,美玲。,梅林。,美玲
zh-CN,conv-17-turn-16.txt,美玲 at email dot com。,mailin at email dot com,mailin at email dot com
zh-CN,conv-17-turn-17.txt,我几次说了，你有什么问题呀，为什么不听我，为什么听不懂我。,我几次说了，你有什么问题呀？为什么不听我？为什么听不懂我？,我几次说了 你有什么问题呀 为什么不听我 为什么听不懂我
zh-CN,conv-17-turn-18.txt,我的邮箱地址是 美玲 at email dot com。,我的邮箱地址是 meiling at email dot com。,我的邮箱地址是 meiling at email dot com
zh-CN,conv-17-turn-2.txt,嗯准备好了。,嗯，准备好了。,准备好了
zh-CN,conv-17-turn-3.txt,你可以重复我的追踪号吗？,呃，你可以重复我的尊重号吗？,你可以重复我的尊重号吗
zh-CN,conv-17-turn-4.txt,好，谢谢。,嗯，好，谢谢。,好谢谢
zh-CN,conv-17-turn-5.txt,继续吧。,技术吧。,技术吧
zh-CN,conv-17-turn-6.txt,你继续吧。,你继续吧。,你继续吧
zh-CN,conv-17-turn-7.txt,美玲。,魅铃。,美玲
zh-CN,conv-17-turn-8.txt,美玲 at email dot com。,mailing at email dot com.,mailing at email dot com
zh-CN,conv-17-turn-9.txt,美玲 at email dot com。,mailing at email dot com.,mailing at email dot com
zh-CN,conv-18-turn-0.txt,我想要提高我的信用卡限额。,我想要提高我的信用卡限额。,我想要提高我的信用卡限额
zh-CN,conv-18-turn-1.txt,准备好了。,准备好了。,准备好了
zh-CN,conv-18-turn-10.txt,不对，我的名字是林梅。,不对，我的名字是林美。,不对 我的名字是林美
zh-CN,conv-18-turn-11.txt,我已打开app。,我一打开app。,我一打开app
zh-CN,conv-18-turn-12.txt,我已点击确认。,我已点击确认。,我已点击确认
zh-CN,conv-18-turn-13.txt,没有了，谢谢，但是你记错了我的号码和我的邮箱地址。,没有了，谢谢。但是你记错了我的号码和我的邮箱地址。,没有了谢谢但是你记错了我的号码和我的邮箱地址
zh-CN,conv-18-turn-14.txt,我的邮箱地址是林梅 at email 点 com。,我的邮箱地址是林美 at email 点 com。,我的邮箱地址是林梅 at email 点 com
zh-CN,conv-18-turn-15.txt,电话号码是 1 3 9 0 1 2 3 4 5 6 7。,电话号码是幺三九零幺二三四五六七。,电话号码是 一 三 九 零 一 二 三 四 五 六 七
zh-CN,conv-18-turn-16.txt,没有了，谢谢。,没有了，谢谢。,没有了谢谢
zh-CN,conv-18-turn-17.txt,现在。,好的。,好的
zh-CN,conv-18-turn-2.txt,C N 负 0 0。,a n负零零。,a n 负 零 零
zh-CN,conv-18-turn-3.txt,C N 4 0 6。,cn四零六。,c n 四 零 六
zh-CN,conv-18-turn-4.txt,C N 4 0 6。,C N四零六。,c n 四 零 六
zh-CN,conv-18-turn-5.txt,确认。,确认。,确认
zh-CN,conv-18-turn-6.txt,林梅女士。,林梅女士。,林梅女士
zh-CN,conv-18-turn-7.txt,林梅，林梅，林梅 at。,呃，林美，林美，林美，at。,林梅 林梅 林梅 at
zh-CN,conv-18-turn-8.txt,加 8 6 1 3 9 0 1 2 3 4 5 6 7。,呃，加八六幺三九零幺二三四五六七。,加 八 六 一 三 九 零 一 二 三 四 五 六 七
zh-CN,conv-18-turn-9.txt,不对，我的邮箱是林梅 at email 点 com。,不对，我的邮箱是林美 at email 点 com。,不对 我的邮箱是林美 at email 点 com
zh-CN,conv-19-turn-0.txt,我想提高我的信用卡的额度。,我想提高我的信用卡的额度。,我想提高我的信用卡的额度
zh-CN,conv-19-turn-1.txt,准备好了。,嗯，准备好了。,准备好了
zh-CN,conv-19-turn-10.txt,对呀，但是我已经说了我的邮箱地址是美玲 at email dot com。,对呀，但是我已经说了，我的邮箱地址是mailing at email dot com。,对呀 但是我已经说了 我的邮箱地址是美玲 at email dot com
zh-CN,conv-19-turn-11.txt,哎呀。,哎呀！,
zh-CN,conv-19-turn-2.txt,C N 7 8 6。,C N 七八六。,c n 七 八 六
zh-CN,conv-19-turn-3.txt,美玲。,魅铃。,美玲
zh-CN,conv-19-turn-4.txt,美，你说得不对，是美玲，美玲。,梅，你说的不对，是梅林，梅林。,梅 你说的不对 是梅林 梅林
zh-CN,conv-19-turn-5.txt,美玲 at email dot com。,mailing at email dot com.,mailing at email dot com
zh-CN,conv-19-turn-6.txt,美玲 at email dot com。,mailion at email dot com.,mailion at email dot com
zh-CN,conv-19-turn-7.txt,听到吗？,听到吗？,听到吗
zh-CN,conv-19-turn-8.txt,邮箱地址是美玲 at email dot com。,邮箱地址是 meiling at email dot com。,邮箱地址是 美玲 at email dot com
zh-CN,conv-19-turn-9.txt,已经说了几次，你为什么不分辨，你为什么不会帮我？,已经说了几次，你为什么不会等？你为什么不会帮我？,已经说了几次 你为什么不会等 你为什么不会帮我
zh-CN,conv-2-turn-0.txt,你好。,您好。,您好
zh-CN,conv-2-turn-1.txt,我正在等待我的信用卡，想知道它的状态。,我正在等待我的信用卡，想知道它的状态。,我正在等待我的信用卡 想知道它的状态
zh-CN,conv-2-turn-10.txt,你不，你还不知道我的电子地址，你还。,你不是，你还不知道我的电子地址，你还。,你不是你还不知道我的电子地址你还
zh-CN,conv-2-turn-11.txt,美玲 at email dot com。,mailing at email dot com.,mailing at email dot com
zh-CN,conv-2-turn-2.txt,准备好了。,嗯，准备好了。,准备好了
zh-CN,conv-2-turn-3.txt,C N 6 5 3。,C N六五三。,c n 六 五 三
zh-CN,conv-2-turn-4.txt,美玲。,美玲。,美玲
zh-CN,conv-2-turn-5.txt,美玲 at email dot com。,mailing at email dot com,mailing at email dot com
zh-CN,conv-2-turn-6.txt,美玲 at email dot com。,mailing at email dot com.,mailing at email dot com
zh-CN,conv-2-turn-7.txt,美玲 at email dot com。,mailing at email dot com.,mailing at email dot com
zh-CN,conv-2-turn-8.txt,美玲 at email dot com。,mailing at email dot com ni ting dawdma.,mailing at email dot com ni ting dawdma
zh-CN,conv-2-turn-9.txt,你有什么问题呀，我说得很。,有什么问题呀？我说的很。,有什么问题我说的很
zh-CN,conv-20-turn-0.txt,你好。,你好。,你好
zh-CN,conv-20-turn-1.txt,我想提高我的信用卡额度。,我想提高的信用卡额度。,我想提高的信用卡额度
zh-CN,conv-20-turn-10.txt,我的邮箱地址是美玲 at email dot com。,我的邮箱地址是 meiling at email dot com。,我的邮箱地址是 美玲 at email dot com
zh-CN,conv-20-turn-11.txt,你正在说什么，你正在说什么，你是不是傻子。,哇，你你你正在说什么？你正在说什么？你是个傻子！,哇 你 你 你正在说什么 你正在说什么 你是个傻子
zh-CN,conv-20-turn-12.txt,美玲，我的姓名是美玲。,梅林，我的姓名是梅林。,美玲 我的姓名是美玲
zh-CN,conv-20-turn-13.txt,美玲 at email dot com。,mailing at email dot com.,mailing at email dot com
zh-CN,conv-20-turn-14.txt,美玲 at email dot com。,mailing at email dot com.,mailing at email dot com
zh-CN,conv-20-turn-2.txt,没有没有没有，你，我正在等待我的新卡，想知道它的状态。,没有，没有，没有。你，我正在等待我的信用卡，想知道它的状态。,没有没有没有 你 我正在等待我的信用卡 想知道它的状态
zh-CN,conv-20-turn-3.txt,准备好了，你再说吧。,嗯，准备好了，你再说吧。,准备好了你再说吧
zh-CN,conv-20-turn-4.txt,C N 7 9 1。,呃，CNC九一。,c n 七 九 一
zh-CN,conv-20-turn-5.txt,美玲。,魅铃。,美玲
zh-CN,conv-20-turn-6.txt,不对不对，你说我的名字不对。,不对，不对，你说我的名字不对。,不对不对你说我的名字不对
zh-CN,conv-20-turn-7.txt,美玲。,梅林。,美玲
zh-CN,conv-20-turn-8.txt,美玲。,梅岭。,美玲
zh-CN,conv-20-turn-9.txt,是美玲 at email dot com。,是梅林 at email dot com。,是美玲 at email dot com
zh-CN,conv-21-turn-0.txt,你好。,你好。,你好
zh-CN,conv-21-turn-1.txt,我想要知道我上一次的流水证明。,我想要知道我上一次的流水证明。,我想要知道我上一次的流水证明
zh-CN,conv-21-turn-10.txt,我要更新我的邮箱地址，我的邮箱地址是错的。,我要更新我的邮箱地址，我的邮箱地址是错的。,我要更新我的邮箱地址我的邮箱地址是错的
zh-CN,conv-21-turn-11.txt,林美 at email 点 C O M。,林妹 at email 点 com。,林美 at email 点 c o m
zh-CN,conv-21-turn-12.txt,林美。,四零妹。,四 零 妹
zh-CN,conv-21-turn-13.txt,林美 at E M A I L 点 C O M。,林美i e m a i l点c o m。,林美 i e m a i l 点 c o m
zh-CN,conv-21-turn-14.txt,林美 at email 点 com。,林美 at email 点 com。,林美 at email 点 com
zh-CN,conv-21-turn-15.txt,林美 at email 点 com。,林美艾特，email点com。,林美 at email 点 com
zh-CN,conv-21-turn-16.txt,不是的。,哦，是的。,是的
zh-CN,conv-21-turn-17.txt,我的地址是中国北京市海淀区。,我的地址是中国北京市海淀区。,我的地址是中国北京市海淀区
zh-CN,conv-21-turn-18.txt,海淀区，不是海定区。,海淀区不是海淀区。,海淀区 不是 海淀区
zh-CN,conv-21-turn-19.txt,不是海边区，不正确。,不是海边区，不正确。,不是海边区不正确
zh-CN,conv-21-turn-2.txt,我的姓名是林美。,我的姓名是林美。,我的姓名是林美
zh-CN,conv-21-turn-20.txt,中国北京市海淀区北京路1 2 3号。,中国北京市海淀区北京路一二三号。,中国北京市海淀区北京路一 二 三号
zh-CN,conv-21-turn-21.txt,确认正确。,确认正确。,确认正确
zh-CN,conv-21-turn-22.txt,给我瞧一下银行流水。,给我调一下银行流水。,给我调一下银行流水
zh-CN,conv-21-turn-23.txt,对的。,对的。,对的
zh-CN,conv-21-turn-24.txt,需要。,需要。,需要
zh-CN,conv-21-turn-25.txt,需要。,需要。,需要
zh-CN,conv-21-turn-3.txt,邮箱地址为林点美 at。,邮箱地址为零点美at。,邮箱地址为零点美 at
zh-CN,conv-21-turn-4.txt,电话是 1 3 9 0 1 2 3 4 5 6 7。,电话是幺三九零幺二三四五六七。,电话是 一 三 九 零 一 二 三 四 五 六 七
zh-CN,conv-21-turn-5.txt,1 2 3 北京路的海淀，海淀区北京区，中国。,呃，一二三北京路的海淀，海淀区，北京区，中国。,一 二 三 北京路的海淀 海淀区 北京区 中国
zh-CN,conv-21-turn-6.txt,正确。,正确。,正确
zh-CN,conv-21-turn-7.txt,准备好了。,准备好了。,准备好了
zh-CN,conv-21-turn-8.txt,C N 5 6 5。,C N五六五。,c n 五 六 五
zh-CN,conv-21-turn-9.txt,确认。,确认。,确认
zh-CN,conv-22-turn-0.txt,你好。,你好。,你好
zh-CN,conv-22-turn-1.txt,我想提高我的信用卡额度。,我想提高我的信用卡额度。,我想提高我的信用卡额度
zh-CN,conv-22-turn-10.txt,C N 4 8 2。,C N 四八二。,c n 四 八 二
zh-CN,conv-22-turn-11.txt,还是不对呀。,嗯，害怕不？对呀。,害怕不 对呀
zh-CN,conv-22-turn-12.txt,美玲。,美玲。,美玲
zh-CN,conv-22-turn-13.txt,美玲 at email dot com。,mailing at email dot com.,mailing at email dot com
zh-CN,conv-22-turn-14.txt,美玲 at email dot com。,mailing at email dot com,mailing at email dot com
zh-CN,conv-22-turn-15.txt,美玲 at email dot com。,mailing at email dot com,mailing at email dot com
zh-CN,conv-22-turn-16.txt,"美玲 at email dot com 是我的邮箱地址。When I concern, I'll get it.",mailing at email dot com，谁会打邮件地址？我怎么想不起来这个？,mailing at email dot com 谁会打邮件地址 我怎么想不起来这个
zh-CN,conv-22-turn-2.txt,准备好了。,准备好了。,准备好了
zh-CN,conv-22-turn-3.txt,C N 4 8 2。,CN四百二。,c n 四 八 二
zh-CN,conv-22-turn-4.txt,对吗？,对吗？对。,对吗 对
zh-CN,conv-22-turn-5.txt,C N 4 8 2。,CN四百二。,c n 四 八 二
zh-CN,conv-22-turn-6.txt,C N 4 8 2。,C N 四八二。,c n 四 八 二
zh-CN,conv-22-turn-7.txt,C N 4 8 2。,cm四八二。,c m 四 八 二
zh-CN,conv-22-turn-8.txt,C N 4 8 2。,C N 四八二。,c n 四 八 二
zh-CN,conv-22-turn-9.txt,C C N 4 8 2。,C C N 四八二。,c c n 四 八 二
zh-CN,conv-23-turn-0.txt,你好。,你好。,你好
zh-CN,conv-23-turn-1.txt,我正在等待新卡，想知道它的状态。,我正在等待信卡，想知道它的状态。,我正在等待信卡 想知道它的状态
zh-CN,conv-23-turn-10.txt,我的。,我的。,我的
zh-CN,conv-23-turn-11.txt,你先听我的名字。,你先听我的名字。,你先听我的名字
zh-CN,conv-23-turn-12.txt,妹玲。,魅铃。,妹玲
zh-CN,conv-23-turn-13.txt,对了，你说的对。,嗯，对的，你说的对。,对了 你说的对
zh-CN,conv-23-turn-14.txt,我的姓名是妹玲。,我的姓名是魅灵。,我的姓名是妹玲
zh-CN,conv-23-turn-15.txt,妹玲 at email dot com。,mailing at email dot com.,mailing at email dot com
zh-CN,conv-23-turn-16.txt,你听到吗？,你听到吗？,你听到吗
zh-CN,conv-23-turn-17.txt,妹玲 at email dot com。,mailion at email dot com。,mailion at email dot com
zh-CN,conv-23-turn-18.txt,是妹玲 at email dot com。,shumailing at email dot com,shumailing at email dot com
zh-CN,conv-23-turn-19.txt,唉呀，你听到吗？,哎呀，你听到吗？,哎呀 你听到吗
zh-CN,conv-23-turn-2.txt,准备好了，你说吧。,嗯，准备好了，你说吧。,准备好了你说吧
zh-CN,conv-23-turn-3.txt,C N 6 6 4。,C N六六四。,c n 六 六 四
zh-CN,conv-23-turn-4.txt,C N 6 6 4。,C N六六四。,c n 六 六 四
zh-CN,conv-23-turn-5.txt,C N 6 6 4。,C N六六四。,c n 六 六 四
zh-CN,conv-23-turn-6.txt,妹玲。,魅铃。,妹玲
zh-CN,conv-23-turn-7.txt,你可以重复我的姓名。,你可以重复我的姓名。,你可以重复我的姓名
zh-CN,conv-23-turn-8.txt,不对的。,部队的。,部队的
zh-CN,conv-23-turn-9.txt,妹玲。,梅林。,妹玲
zh-CN,conv-24-turn-0.txt,我办了一张新卡，我想问一下我的新卡什么时候到？,我办了一张新卡，我想问一下我的新卡什么时候到？,我办了一张新卡 我想问一下我的新卡什么时候到
zh-CN,conv-24-turn-1.txt,准备好了。,准备好了。,准备好了
zh-CN,conv-24-turn-10.txt,邮箱地址是林美 at email 点 com。,我的邮箱地址是林美 at email 点 com。,我的邮箱地址是林美 at email 点 com
zh-CN,conv-24-turn-11.txt,林美 at email 点 com。,林妹 at email 点 com。,林美 at email 点 com
zh-CN,conv-24-turn-12.txt,不正确。,不正确。,不正确
zh-CN,conv-24-turn-13.txt,林美 at email dot com。,林美 at email dot com。,林美 at email dot com
zh-CN,conv-24-turn-14.txt,不正确。,不正确。,不正确
zh-CN,conv-24-turn-15.txt,不用了，不用记录我的邮箱了，能不能不用我这个邮箱。,不用了，不用进入我的邮箱了，能不能不用我的邮箱？,不用了 不用进入我的邮箱了 能不能不用我的邮箱
zh-CN,conv-24-turn-16.txt,我的住址是中国市北京，我的住址是中国。,我的住址是中国市北京。我的住址是中国。,我的住址是中国市北京我的住址是中国
zh-CN,conv-24-turn-17.txt,中国北京市海淀区北京路 1 2 3号。,中国北京市海淀区北京路一百二十三号。,中国北京市海淀区北京路 一 二 三号
zh-CN,conv-24-turn-18.txt,电话号码不正确。,电话号码不正确。,电话号码不正确
zh-CN,conv-24-turn-19.txt,1 3 9 0 1 2 3 4 5 6 7。,幺三九零一二三四五六七。,一 三 九 零 一 二 三 四 五 六 七
zh-CN,conv-24-turn-2.txt,确认。,确认，确认。,确认 确认
zh-CN,conv-24-turn-20.txt,正确。,正确。,正确
zh-CN,conv-24-turn-21.txt,没通过吗，怎么那么慢？,在发货吗？怎么那么慢？,在发货吗 怎么那么慢
zh-CN,conv-24-turn-22.txt,你好。,你好。,你好
zh-CN,conv-24-turn-3.txt,林美。,林美。,林美
zh-CN,conv-24-turn-4.txt,林点美。,林典美。,林点美
zh-CN,conv-24-turn-5.txt,林美 at email 点 com。,林妹 at email点com。,林美 at email 点 com
zh-CN,conv-24-turn-6.txt,1 3 9 0 1 2 3 4 5 6 7。,一三九零一二三四五六七。,一 三 九 零 一 二 三 四 五 六 七
zh-CN,conv-24-turn-7.txt,电话号码是 1 3 9 0 1 2 3 4 5 6 7。,电话号码是一三九零一二三四五六七。,电话号码是 一 三 九 零 一 二 三 四 五 六 七
zh-CN,conv-24-turn-8.txt,我的电话号码是 1 3 9 0 1 2 3 4 5 6 7。,我的电话号码是幺三九零一二三四五六七。,我的电话号码是 一 三 九 零 一 二 三 四 五 六 七
zh-CN,conv-24-turn-9.txt,我的电话号码是 1 3 9 0 1 2 3 4 5 6 7。,我的电话号码是一三九零一二三四五六七。,我的电话号码是 一 三 九 零 一 二 三 四 五 六 七
zh-CN,conv-25-turn-0.txt,你好。,你好。,你好
zh-CN,conv-25-turn-1.txt,我想提高我的信用卡额度。,我想提高提高我的信用卡额度。,我想提高提高我的信用卡额度
zh-CN,conv-25-turn-10.txt,不对的，不对！是美玲 at email dot com。,不对的，不对，是美玲 at email dot com。,不对的不对 是美玲 at email dot com
zh-CN,conv-25-turn-11.txt,我已经几次说了，哎呀！,我已经几次说了。哎呀！,我已经几次说了 哎呀
zh-CN,conv-25-turn-12.txt,我的邮箱地址是美玲 at email dot com。,我的邮箱地址是 meiling at email dot com。,我的邮箱地址是 meiling at email dot com
zh-CN,conv-25-turn-2.txt,是的是的，想提高信用卡的额度。,啊，是的，是的，想提高信用卡的额度。,是的是的 想提高信用卡的额度
zh-CN,conv-25-turn-3.txt,准备好了。,嗯，准备好了。,准备好了
zh-CN,conv-25-turn-4.txt,C N 0 8 8。,C N 零八八。,c n 零 八 八
zh-CN,conv-25-turn-5.txt,我说的对吗？,我说的对吗？,我说的对吗
zh-CN,conv-25-turn-6.txt,美玲。,梅岭。,梅岭
zh-CN,conv-25-turn-7.txt,美玲 at email dot com。,mailing at email dot com,mailing at email dot com
zh-CN,conv-25-turn-8.txt,听到吗？,听到吗？,听到吗
zh-CN,conv-25-turn-9.txt,是，美玲 at email dot com。,是mailing at email dot com。,是 mailing at email dot com
zh-CN,conv-26-turn-0.txt,你好。,你好。,你好
zh-CN,conv-26-turn-1.txt,我正在等待我的新卡，想知道它的状态。,我让在当代我的信卡想知道它的状态。,我让在当代我的信卡想知道它的状态
zh-CN,conv-26-turn-10.txt,美玲 at email dot com。,mailing at email dot com.,mailing at email dot com
zh-CN,conv-26-turn-11.txt,美玲 at email dot com。,mailing at email dot com.,mailing at email dot com
zh-CN,conv-26-turn-12.txt,美玲 at email dot com。,mailing at email dot com.,mailing at email dot com
zh-CN,conv-26-turn-13.txt,美玲 美玲。,哎呀，喂！,喂
zh-CN,conv-26-turn-14.txt,你为什么听不懂我？,你为什么听不到我？,你为什么听不到我
zh-CN,conv-26-turn-15.txt,你还不知道我的邮箱地址。,你还不知道我的邮箱地址？,你还不知道我的邮箱地址
zh-CN,conv-26-turn-16.txt,邮箱地址呢？邮箱地址你知道吗？,有生知识呢，有生知识，你知道吗？,有生知识呢 有生知识 你知道吗
zh-CN,conv-26-turn-17.txt,美玲 at email dot com。,mailing at email dot com.,mailing at email dot com
zh-CN,conv-26-turn-2.txt,准备好了。,嗯，准备好了。,准备好了
zh-CN,conv-26-turn-3.txt,嗯。,嗯。,
zh-CN,conv-26-turn-4.txt,C N 7 0 6。,C N七零六。,c n 七 零 六
zh-CN,conv-26-turn-5.txt,嗯。,嗯。,
zh-CN,conv-26-turn-6.txt,C N 7 0 7 0 6。,C N 零呃，C 零六。,c n 零 c 零六
zh-CN,conv-26-turn-7.txt,美玲。,美玲。,美玲
zh-CN,conv-26-turn-8.txt,美玲 at email dot com。,mailing at email dot com.,mailing at email dot com
zh-CN,conv-26-turn-9.txt,你听到了吗？,你听到了吗？,你听到了吗
zh-CN,conv-27-turn-0.txt,你好，我想要取消我银行卡的手续费。,你好，我想要取消我银行卡的手续费。,你好 我想要取消我银行卡的手续费
zh-CN,conv-27-turn-1.txt,取现费。,取现费。,取现费
zh-CN,conv-27-turn-10.txt,林美 at email dot com。,林美 at email dot com。,林美 at email dot com
zh-CN,conv-27-turn-11.txt,林美 at email dot com。,林美 at email dot com。,林美 at email dot com
zh-CN,conv-27-turn-12.txt,L E I dot L I N G at E M A I L dot C O M。,m.e.i.dots.l.i.n.g.s.e.m.a.i.l.dots.c.o.m,m e i dot s l i n g s e m a i l dot s c o m
zh-CN,conv-27-turn-13.txt,1 3 9 0 1 2 3 4 5 6 7。,幺三九零幺二三四五六七。,一 三 九 零 一 二 三 四 五 六 七
zh-CN,conv-27-turn-14.txt,不对。是 1 3 9 0 1 2 3 4 5 6 7。,不对，是幺三九零幺二三四五六七。,不对 是 一 三 九 零 一 二 三 四 五 六 七
zh-CN,conv-27-turn-15.txt,不对。,不对。,不对
zh-CN,conv-27-turn-16.txt,1 3 9 0 1 2 3 4 5 6 7。,幺三九零幺二三四五六七。,一 三 九 零 一 二 三 四 五 六 七
zh-CN,conv-27-turn-17.txt,我的联系地址是中国北京市海定区北京路123号。,我的联系地址是中国北京市海淀区北京路一百二十三号。,我的联系地址是中国北京市海淀区北京路一百二十三号
zh-CN,conv-27-turn-18.txt,对。,对。,对
zh-CN,conv-27-turn-19.txt,我的邮箱不正确。,我的邮箱不正确。,我的邮箱不正确
zh-CN,conv-27-turn-2.txt,是的。,是的。,是的
zh-CN,conv-27-turn-3.txt,是的。,是的。,是的
zh-CN,conv-27-turn-4.txt,准备好了。,准备好了。,准备好了
zh-CN,conv-27-turn-5.txt,A N 6 5 5 确认。,AN六五五，确认。,a n 六 五 五 确认
zh-CN,conv-27-turn-6.txt,辨认。,别人。,别人
zh-CN,conv-27-turn-7.txt,林美。,林美。,林美
zh-CN,conv-27-turn-8.txt,林美 at email 点 com。,林妹 at email点com。,林美 at email 点 com
zh-CN,conv-27-turn-9.txt,林美 at email 点 com。,林妹 at email点com。,林美 at email 点 com
zh-CN,conv-28-turn-0.txt,你好。,你好。,你好
zh-CN,conv-28-turn-1.txt,我正在等待新卡，想知道它的状态。,呃，我正在等待一呃信卡，想知道它的状态。,我正在等待一信卡 想知道它的状态
zh-CN,conv-28-turn-10.txt,你有什么问题？,有什么问题？,有什么问题
zh-CN,conv-28-turn-2.txt,准备好了。,嗯，准备好了。,准备好了
zh-CN,conv-28-turn-3.txt,C N 0 3 9。,C N 零三九。,c n 零 三 九
zh-CN,conv-28-turn-4.txt,美玲。,魅铃。,美玲
zh-CN,conv-28-turn-5.txt,美玲 at email dot com。,mailing at email dot com,mailing at email dot com
zh-CN,conv-28-turn-6.txt,听到了吗？,听到了吗？,听到了吗
zh-CN,conv-28-turn-7.txt,美玲 at email dot com。,mailing at email dot com。,mailing at email dot com
zh-CN,conv-28-turn-8.txt,哎呀，是美玲 at email dot com。,哎呀，是梅林 at email dot com。,哎呀 是美玲 at email dot com
zh-CN,conv-28-turn-9.txt,美玲 at email dot com。,mailing at email dot com.,mailing at email dot com
zh-CN,conv-29-turn-0.txt,你好。,你好。,你好
zh-CN,conv-29-turn-1.txt,如何取消银行卡的短信通知？,如何取消银行卡的短信通知？,如何取消银行卡的短信通知
zh-CN,conv-29-turn-2.txt,准备好了。,准备好了。,准备好了
zh-CN,conv-29-turn-3.txt,C N 3 0 5。,AN三零五。,a n 三 零 五
zh-CN,conv-29-turn-4.txt,林梅。,林美。,林美
zh-CN,conv-29-turn-5.txt,1 3 9 0 1 2 3 4 5 6 7。,幺三九零一二三四五六七。,一 三 九 零 一 二 三 四 五 六 七
zh-CN,conv-29-turn-6.txt,我不想提供。,我不想提供。,我不想提供
zh-CN,conv-29-turn-7.txt,中国北京市海淀区北京路 1 2 3号。,中国北京市海淀区北京路一百二十三号。,中国北京市海淀区北京路 一 二 三号
zh-CN,conv-29-turn-8.txt,是的。,是的。,是的
zh-CN,conv-3-turn-0.txt,我正在等待我的信用卡，想知道它的状态。,我想在当代，我的信用卡想提想知道它的状态。,我想在当代 我的信用卡想提想知道它的状态
zh-CN,conv-3-turn-1.txt,准备好了。,准备好了。,准备好了
zh-CN,conv-3-turn-10.txt,美玲 at email dot com。,mailing at email dot com,mailing at email dot com
zh-CN,conv-3-turn-11.txt,哎呀！,哎呀！,哎呀
zh-CN,conv-3-turn-12.txt,你有什么问题啊。,你有什么问题呀？,你有什么问题
zh-CN,conv-3-turn-13.txt,你好。,你好。,你好
zh-CN,conv-3-turn-2.txt,C N 3 8 0。,C N三八零。,c n 三 八 零
zh-CN,conv-3-turn-3.txt,美玲。,美玲。,美玲
zh-CN,conv-3-turn-4.txt,美玲 at email dot com。,mailing at email dot com.,mailing at email dot com
zh-CN,conv-3-turn-5.txt,听到的吗？,听到的吗？,听到的吗
zh-CN,conv-3-turn-6.txt,美玲 at email dot com。,mailing at email dot com.,mailing at email dot com
zh-CN,conv-3-turn-7.txt,你写了我的电子邮箱吗？,呃，那你学了我的垫子有香吗？,那你学了我的垫子有香吗
zh-CN,conv-3-turn-8.txt,美玲 at email dot com。,mailing at email dot com.,mailing at email dot com
zh-CN,conv-3-turn-9.txt,你还没听到呀！,你还没听到呀？,你还没听到呀
zh-CN,conv-30-turn-0.txt,你好。,你好。,你好
zh-CN,conv-30-turn-1.txt,你好我最近转出去的那笔账为什么还没有到对方的账户上？,你好，我最近转出去的那笔账为什么还没有到对方的账户上？,你好我最近转出去的那笔账为什么还没有到对方的账户上
zh-CN,conv-30-turn-10.txt,俊，不是邻居，是林俊。,郡不是邻郡，是邻郡。,郡不是邻郡是邻郡
zh-CN,conv-30-turn-11.txt,我不想告诉你电子邮箱地址。,我不想告诉你电子邮箱地址。,我不想告诉你电子邮箱地址
zh-CN,conv-30-turn-12.txt,我没有电子邮箱地址。,我没有电子邮箱地址。,我没有电子邮箱地址
zh-CN,conv-30-turn-13.txt,1 3 9 0 1 2 3 4 5 6 7。,幺三九零幺二三四五六七。,一 三 九 零 一 二 三 四 五 六 七
zh-CN,conv-30-turn-14.txt,北京市海鼎区北京路123号。,北京市海淀区北京路一百二十三号。,北京市海淀区北京路一百二十三号
zh-CN,conv-30-turn-15.txt,正确。,正确。,正确
zh-CN,conv-30-turn-16.txt,转账日期是11月23号，金额是100万，对方户名为林梅。,转账日期是十一月二十三号，金额是一百万，对方户名为林梅。,转账日期是十一月二十三号 金额是一百万 对方户名为林梅
zh-CN,conv-30-turn-17.txt,不用了谢谢。,不用了，谢谢。,不用了谢谢
zh-CN,conv-30-turn-2.txt,准备好了。,准备好了。,准备好了
zh-CN,conv-30-turn-3.txt,C N 0 7 3。,C N 零七三。,c n 零 七 三
zh-CN,conv-30-turn-4.txt,林俊。,林俊。,林俊
zh-CN,conv-30-turn-5.txt,林俊。,林俊。,林俊
zh-CN,conv-30-turn-6.txt,林俊。,林俊。,林俊
zh-CN,conv-30-turn-7.txt,不是邻居，是林俊，俊，俊。,不是邻居，是邻郡，郡，郡。,不是邻居 是邻郡 郡 郡
zh-CN,conv-30-turn-8.txt,我的姓名是林俊。,我的姓名是林俊。,我的姓名是林俊
zh-CN,conv-30-turn-9.txt,不是邻居，是林俊。,不是灵芝，是灵菌。,不是灵菌
zh-CN,conv-31-turn-0.txt,你好。,你好。,你好
zh-CN,conv-31-turn-1.txt,我的卡为什么被冻结了，不能用。,我的卡为什么被冻结了？不能用。,我的卡为什么被冻结了 不能用
zh-CN,conv-31-turn-2.txt,准备好了。,准备好了。,准备好了
zh-CN,conv-31-turn-3.txt,C N 5 6 8。,C N五六八。,c n 五 六 八
zh-CN,conv-31-turn-4.txt,林梅女士。,林美女士。,林美女士
zh-CN,conv-32-turn-0.txt,你好。,你好。,你好
zh-CN,conv-32-turn-1.txt,我的卡为什么被限额了。,我的卡为什么被限额了？,我的卡为什么被限额了
zh-CN,conv-32-turn-10.txt,是的。,是的。,是的
zh-CN,conv-32-turn-11.txt,我要接入人工客服。,我要接入人工客服。,我要接入人工客服
zh-CN,conv-32-turn-12.txt,你不能再发一遍通知吗？,你不能再发一遍通知吗？,你不能再发一遍通知吗
zh-CN,conv-32-turn-13.txt,没有了，谢谢。,没有了，谢谢。,没有了谢谢
zh-CN,conv-32-turn-14.txt,再见。,再见。,再见
zh-CN,conv-32-turn-2.txt,准备好了。,准备好了。,准备好了
zh-CN,conv-32-turn-3.txt,林梅。,灵媒。,灵媒
zh-CN,conv-32-turn-4.txt,林梅 at email dot com。,林梅 at email点com。,林梅 at email dot com
zh-CN,conv-32-turn-5.txt,林美 at email dot com。,林梅 at email 点 com。,林美 at email dot com
zh-CN,conv-32-turn-6.txt,1 3 9 0 1 2 3 4 5 6 7。,幺三九零幺二三四五六七。,一 三 九 零 一 二 三 四 五 六 七
zh-CN,conv-32-turn-7.txt,正确。,正确。,正确
zh-CN,conv-32-turn-8.txt,需要，请帮我提升额度。,需要，请帮我提升额度。,需要请帮我提升额度
zh-CN,conv-32-turn-9.txt,我没有，我没有得到通知。,我没有得，我没有得到通知。,我没有得 我没有得到通知
zh-CN,conv-33-turn-0.txt,你好。,你好。,你好
zh-CN,conv-33-turn-1.txt,我的卡被冻结了，怎么解锁。,我的卡被冻结了，怎么解锁？,我的卡被冻结了 怎么解锁
zh-CN,conv-33-turn-10.txt,林俊。,林俊。,林俊
zh-CN,conv-33-turn-11.txt,我的姓名是林俊。,我的姓名是林俊。,我的姓名是林俊
zh-CN,conv-33-turn-12.txt,不是邻居，是林俊，俊，J U N。,不是邻居，是邻郡，郡J U N。,不是邻居 是邻郡 郡 j u n
zh-CN,conv-33-turn-13.txt,姓名是林俊，英俊的俊。,命名是“林俊”，英俊的“俊”。,命名是 林俊 英俊的俊
zh-CN,conv-33-turn-14.txt,林俊 at email 点 com。,林俊 at email 点 com。,林俊 at email 点 com
zh-CN,conv-33-turn-15.txt,邮箱地址也是林俊。,邮箱地址也是林俊。,邮箱地址也是林俊
zh-CN,conv-33-turn-16.txt,错误。,错误。,错误
zh-CN,conv-33-turn-17.txt,错误，我的姓名是林俊。,錯誤，我的姓名是林俊。,错误 我的姓名是林俊
zh-CN,conv-33-turn-18.txt,确认。,确认。,确认
zh-CN,conv-33-turn-19.txt,确认。,确认。,确认
zh-CN,conv-33-turn-2.txt,准备好了。,准备好了。,准备好了
zh-CN,conv-33-turn-20.txt,邮箱地址是林俊 at email 点 com。,邮箱地址是林俊 at email点com。,邮箱地址是林俊 at email 点 com
zh-CN,conv-33-turn-21.txt,不对，我不要跟你讲我的邮箱地址了。,不对，我不要跟你讲我的邮箱地址了。,不对 我不要跟你讲我的邮箱地址了
zh-CN,conv-33-turn-22.txt,我的手机号是 1 3 9 0 1 2 3 4 5 6 7。,我的手机号是幺三九零幺二三四五六七。,我的手机号是 一 三 九 零 一 二 三 四 五 六 七
zh-CN,conv-33-turn-23.txt,收货地址是北京市海淀区北京路 1 2 3号。,收货地址是中国北京市海淀区北京路一百二十三号。,收货地址是中国北京市海淀区北京路 一 百 二 十 三号
zh-CN,conv-33-turn-24.txt,确认。,确认。,确认
zh-CN,conv-33-turn-25.txt,不是卡片发没发货，我是说我的卡冻结了，刷不了。,不是卡片发没发货，我是说我的卡冻结了，刷不了。,不是卡片发没发货 我是说我的卡冻结了 刷不了
zh-CN,conv-33-turn-26.txt,没有啊。,没有啊。,没有
zh-CN,conv-33-turn-27.txt,我想要现在就接人工客服。,我想要现在就接人工客服。,我想要现在就接人工客服
zh-CN,conv-33-turn-28.txt,没有了，谢谢。,没有了，谢谢。,没有了谢谢
zh-CN,conv-33-turn-3.txt,C N 8 0 5。,C N八零五。,c n 八 零 五
zh-CN,conv-33-turn-4.txt,确认，C N 8 0 5。,确认，C N八零五。,确认 c n 八 零 五
zh-CN,conv-33-turn-5.txt,确认。,确认。,确认
zh-CN,conv-33-turn-6.txt,林俊。,林俊。,林俊
zh-CN,conv-33-turn-7.txt,我的姓名不是丁俊，是林俊。,我的姓名不是顶俊，是林俊。,我的姓名不是顶俊是林俊
zh-CN,conv-33-turn-8.txt,不是邻居，是林俊。,不是鄰居，是鄰郡。,不是鄰居 是鄰郡
zh-CN,conv-33-turn-9.txt,不是邻居。,不是邻居。,不是邻居
zh-CN,conv-34-turn-0.txt,怎么办一张信用卡？,怎么办一张信用卡？,怎么办一张信用卡
zh-CN,conv-34-turn-1.txt,准备好了。,准备好了。,准备好了
zh-CN,conv-34-turn-10.txt,我的电话是 1 3 9 0 1 2 3 4 5 6 7。,我的电话号码是一三九零一二三四五六七。,我的电话号码是 一 三 九 零 一 二 三 四 五 六 七
zh-CN,conv-34-turn-11.txt,还需要了解。,还需要了解。,还需要了解
zh-CN,conv-34-turn-12.txt,还想要了解，需要了解。,还想要了解，需要了解。,还想要了解 需要了解
zh-CN,conv-34-turn-2.txt,A N 9 5 0。,A N九五零。,a n 九 五 零
zh-CN,conv-34-turn-3.txt,林美。,灵媒。,灵媒
zh-CN,conv-34-turn-4.txt,林美 at email。,林梅，at，email。,林美 at email
zh-CN,conv-34-turn-5.txt,1 3 9。,幺三九。,一 三 九
zh-CN,conv-34-turn-6.txt,0 1 2 3 4 5 6 7。,零幺二三四五六七。,零 幺 二 三 四 五 六 七
zh-CN,conv-34-turn-7.txt,不是，我的电话是 1 3 9 0 1 2 3。,不是，我的电话号码是幺三九零幺二三。,不是 我的电话号码是 一 三 九 零 一 二 三
zh-CN,conv-34-turn-8.txt,我的电话错误，我的电话号码是 1 3 9 0 1 2 3 4 5 6 7。,我的电话号码错误。我的电话号码是幺三九零幺二三四五六七。,我的电话号码错误 我的电话号码是 一 三 九 零 一 二 三 四 五 六 七
zh-CN,conv-34-turn-9.txt,不正确，我的信息是 1 3 9 0 1 2 3 4 5 6 7。,不正确，我的信息是幺三九零幺二三四五六七。,不正确 我的信息是 一 三 九 零 一 二 三 四 五 六 七
zh-CN,conv-35-turn-0.txt,你好。,你好。,你好
zh-CN,conv-35-turn-1.txt,我想咨询未成年能办卡吗？,我想咨询：未成年能办卡吗？,我想咨询 未成年能办卡吗
zh-CN,conv-35-turn-2.txt,帮我转接人工客服。,帮我转接人工客服。,帮我转接人工客服
zh-CN,conv-35-turn-3.txt,方便。,方便。,方便
zh-CN,conv-35-turn-4.txt,我想要办一张卡。,我想要办一张卡。,我想要办一张卡
zh-CN,conv-35-turn-5.txt,我想要办一张卡，但是我未成年，怎么办？,我想要办一张卡，但是我未成年，怎么办？,我想要办一张卡但是我未成年怎么办
zh-CN,conv-36-turn-0.txt,我想要办一张卡。,我想要办一张卡。,我想要办一张卡
zh-CN,conv-36-turn-1.txt,准备好了。,准备好了。,准备好了
zh-CN,conv-36-turn-10.txt,我的电话号码，我的电话号码是 0 1 2 3。,我的电话号码，我的电话号码是零一二三。,我的电话号码我的电话号码是 零 一 二 三
zh-CN,conv-36-turn-11.txt,我的电话号码是 1 3 9 0 1 2 3 4 5 6 7。,我的电话号码是一三九零一二三四五六七。,我的电话号码是 一 三 九 零 一 二 三 四 五 六 七
zh-CN,conv-36-turn-12.txt,你好。,有。,有
zh-CN,conv-36-turn-13.txt,你好。,你好。,你好
zh-CN,conv-36-turn-14.txt,我的电话号码是 1 3 9 0 1 2 3 4 5 6 7。,我的电话号码是幺三九零幺二三四五六七。,我的电话号码是 一 三 九 零 一 二 三 四 五 六 七
zh-CN,conv-36-turn-15.txt,你好，能听见我说话吗？,你好，能听见我话吗？,你好 能听见我话吗
zh-CN,conv-36-turn-16.txt,喂。,喂。,喂
zh-CN,conv-36-turn-17.txt,电话号码错误。,电话号码错误。,电话号码错误
zh-CN,conv-36-turn-18.txt,1 3 9 0 1 2 3 4 5 6 7。,一三九零一二三四五六七。,一 三 九 零 一 二 三 四 五 六 七
zh-CN,conv-36-turn-19.txt,你好。,你好。,你好
zh-CN,conv-36-turn-2.txt,C N 9 5 8。,AN九五八。,a n 九 五 八
zh-CN,conv-36-turn-20.txt,不是，但是能不能别要我的电话号码了。,不是，但是能不能别用我的电话号码？,不是 但是能不能别用我的电话号码了
zh-CN,conv-36-turn-21.txt,不用了，谢谢。,不用了，谢谢。,不用了谢谢
zh-CN,conv-36-turn-3.txt,确认。,确认。,确认
zh-CN,conv-36-turn-4.txt,林梅。,灵媒。,灵媒
zh-CN,conv-36-turn-5.txt,林梅 at email 点 com。,林梅艾特，email点com。,林梅 at email 点 com
zh-CN,conv-36-turn-6.txt,我的邮箱是林梅 at email 点 com。,我的邮箱是林梅 at email点 com。,我的邮箱是林梅 at email 点 com
zh-CN,conv-36-turn-7.txt,我的联系方式是 1 3 9 0 1 2 3 4 5 6 7。,我的联系方式是幺三九零一二三四五六七。,我的联系方式是 一 三 九 零 一 二 三 四 五 六 七
zh-CN,conv-36-turn-8.txt,电话号码错误，电话号码是 1 2 3，不对，电话号码是 1 3 9 0 1 2 3 4 5 6 7。,电话号码错误，电话号码是一二三，不对，电话号码是一三九零一二三四五六七。,电话号码错误 电话号码是 一 二 三 不对 电话号码是 一 三 九 零 一 二 三 四 五 六 七
zh-CN,conv-36-turn-9.txt,不正确。,不正确。,不正确
zh-CN,conv-37-turn-0.txt,你好。,你好。,你好
zh-CN,conv-37-turn-1.txt,你好。,你好。,你好
zh-CN,conv-37-turn-10.txt,你，你可以重复我的姓名啊。,你，你可以重复我的性命啊！,你 你可以重复我的性命
zh-CN,conv-37-turn-11.txt,嗯对的。,嗯，对的。,对的
zh-CN,conv-37-turn-12.txt,对的对的。,对的，对的。,对的对的
zh-CN,conv-37-turn-13.txt,君玲 at email dot com。,dreamling at email dot com,dreamling at email dot com
zh-CN,conv-37-turn-14.txt,君玲 at email dot com。,drinlin at email dot com,drinlin at email dot com
zh-CN,conv-37-turn-15.txt,君玲 at email dot com。,junling at email dot com,君玲 at email dot com
zh-CN,conv-37-turn-16.txt,君玲 at email dot com。,drinlin@gmail.com,君玲 at email dot com
zh-CN,conv-37-turn-17.txt,你说得不对。,你说的不对。,你说得不对
zh-CN,conv-37-turn-18.txt,我的邮箱地址是君玲 at email dot com。,我的邮箱地址是 dreamling at email dot com。,我的邮箱地址是 dreamling at email dot com
zh-CN,conv-37-turn-19.txt,不对呀，不对，哎呀。,不对呀，不对呀，哎呀！,不对呀 不对呀 哎呀
zh-CN,conv-37-turn-2.txt,我想提高信用卡的额度。,我想提高信用卡的额度。,我想提高信用卡的额度
zh-CN,conv-37-turn-3.txt,明白了吗？,明白了吗？,明白了吗
zh-CN,conv-37-turn-4.txt,你说话吧。,你说吧。,你说吧
zh-CN,conv-37-turn-5.txt,你说吧。,你说吧。,你说吧
zh-CN,conv-37-turn-6.txt,C N 4 8 3。,CN四八三。,c n 四 八 三
zh-CN,conv-37-turn-7.txt,是对的。,是对的。,是对的
zh-CN,conv-37-turn-8.txt,我的姓名，你还不知道我的姓名。,我的姓名，你还不知道我的姓名？,我的姓名 你还不知道我的姓名
zh-CN,conv-37-turn-9.txt,君玲。,君临。,君临
zh-CN,conv-38-turn-0.txt,你好。,你好。,你好
zh-CN,conv-38-turn-1.txt,我正在等待信卡，想知道它的状态。,呃，我正在等待电信卡，想知道它的状态。,我正在等待电信卡 想知道它的状态
zh-CN,conv-38-turn-10.txt,哎呀。,啊，我。,
zh-CN,conv-38-turn-11.txt,你听不到我哦。,你听不倒我哦。,你听不倒我哦
zh-CN,conv-38-turn-12.txt,所以你听不懂。,所以你听不懂。,所以你听不懂
zh-CN,conv-38-turn-13.txt,君玲。,君临。,君临
zh-CN,conv-38-turn-2.txt,我在等待信卡，想知道它的状态。,我在等待新卡，想知道它的呃状态。,我在等待新卡 想知道它的状态
zh-CN,conv-38-turn-3.txt,准备好了。,嗯，准备好了。,准备好了
zh-CN,conv-38-turn-4.txt,C N 4 1 3。,C N四一三。,c n 四 一 三
zh-CN,conv-38-turn-5.txt,对的。,嗯，对的。,对的
zh-CN,conv-38-turn-6.txt,君玲，君玲。,"dreaming, dreaming.",dreaming dreaming
zh-CN,conv-38-turn-7.txt,喂。,喂。,喂
zh-CN,conv-38-turn-8.txt,君玲。,君临。,君临
zh-CN,conv-38-turn-9.txt,君玲。,零。,零
zh-CN,conv-39-turn-0.txt,喂。,喂。,喂
zh-CN,conv-39-turn-1.txt,我想提高我的信用卡的限额。,呃，我想提高我的心理学课的限额。,我想提高我的心理学课的限额
zh-CN,conv-39-turn-10.txt,君玲。,军令。,军令
zh-CN,conv-39-turn-11.txt,君玲。,dream link。,dream link
zh-CN,conv-39-turn-12.txt,君玲。,dreamline。,dreamline
zh-CN,conv-39-turn-13.txt,我还没说我的邮箱地址。,我还没说我的邮箱地址。,我还没说我的邮箱地址
zh-CN,conv-39-turn-14.txt,你还不知道我的邮箱地址。,你还不知道我的邮箱地址？,你还不知道我的邮箱地址
zh-CN,conv-39-turn-15.txt,君，君玲 at email dot com。,drinling at email dot com,drinling at email dot com
zh-CN,conv-39-turn-16.txt,君玲 at email dot com。,drinlin@gmail.com,君玲 at email dot com
zh-CN,conv-39-turn-17.txt,对，但是我的邮箱是君临 at email dot com。,对，但是我的邮箱是 dreamling at email dot com。,对 但是我的邮箱是 dreamling at email dot com
zh-CN,conv-39-turn-18.txt,君玲 at email dot com。,drinling at email dot com.,drinling at email dot com
zh-CN,conv-39-turn-19.txt,君玲 at email dot com。,dreamling at email dot com,dreamling at email dot com
zh-CN,conv-39-turn-2.txt,准备好了。,嗯，准备好了。,准备好了
zh-CN,conv-39-turn-20.txt,你有什么问题呀？,你有什么问题啊？,你有什么问题
zh-CN,conv-39-turn-21.txt,我已经几次说了。,我已经几次说了。,我已经几次说了
zh-CN,conv-39-turn-3.txt,C N 5 0 6。,CN五零六。,c n 五 零 六
zh-CN,conv-39-turn-4.txt,君玲。,军林。,君玲
zh-CN,conv-39-turn-5.txt,不对。,我对我。,我对我
zh-CN,conv-39-turn-6.txt,是君玲，君。,是君临，君。,是君临君
zh-CN,conv-39-turn-7.txt,还不对。,还不对。,还不对
zh-CN,conv-39-turn-8.txt,君玲。,军林。,君玲
zh-CN,conv-39-turn-9.txt,君玲。,朱林。,朱林
zh-CN,conv-4-turn-0.txt,你好。,您好。,您好
zh-CN,conv-4-turn-1.txt,我正在等待我的信用卡，想知道它的状态。,我正在等待我的信用卡，呃，想知道它的状态。,我正在等待我的信用卡 想知道它的状态
zh-CN,conv-4-turn-10.txt,你还听不到，不好，是君，君灵。,你还听不得不好，是军军玲。,你还听不得不好是军军玲
zh-CN,conv-4-turn-11.txt,君灵，君灵。,遵陵，遵陵。,遵陵 遵陵
zh-CN,conv-4-turn-12.txt,你还没听到我的正确的姓名，我的姓名是君灵。,你还没听到我的正确的姓名？我的姓名是君玲。,你还没听到我的正确的姓名 我的姓名是君灵
zh-CN,conv-4-turn-13.txt,君，君灵，君灵。,军，军令，军令。,军 军令 军令
zh-CN,conv-4-turn-14.txt,没有没有没有没有没有没有没有没有没有没有，我的姓名是君灵。,没有没有没有没有没有没有没有没有没有啊！我的性命是军灵。,没有没有没有没有没有没有没有没有没有 我的姓名是军灵
zh-CN,conv-4-turn-15.txt,你再说一遍我的姓名。,你再说一遍我的姓名。,你再说一遍我的姓名
zh-CN,conv-4-turn-16.txt,君灵，君灵。,军令，军令。,军令 军令
zh-CN,conv-4-turn-17.txt,君，君灵。,君君临。,君君临
zh-CN,conv-4-turn-2.txt,听到了吗？,听到的吗？,听到的吗
zh-CN,conv-4-turn-3.txt,你好。,你好。,你好
zh-CN,conv-4-turn-4.txt,嗯是的。,嗯，是的。,是的
zh-CN,conv-4-turn-5.txt,你说得对，你说得对。,你说的对，你说的对。,你说得对 你说得对
zh-CN,conv-4-turn-6.txt,C N 2 4 0。,CN二四零。,c n 二 四 零
zh-CN,conv-4-turn-7.txt,是 C N 2 4 0。,是C N二四零。,是 c n 二 四 零
zh-CN,conv-4-turn-8.txt,君灵。,君临。,君临
zh-CN,conv-4-turn-9.txt,不是不是不是，是君，君。,不是不是不是，是drin drin。,不是不是不是 是drin drin
zh-CN,conv-40-turn-0.txt,喂？,喂。,喂
zh-CN,conv-40-turn-1.txt,喂？,喂。,喂
zh-CN,conv-40-turn-10.txt,郡凛 at email dot com。,dreamling at email dot com.,dreamling at email dot com
zh-CN,conv-40-turn-11.txt,郡凛 at email dot com。,dreamling at email dot com。,dreamling at email dot com
zh-CN,conv-40-turn-12.txt,你知道我的姓名是什么？,你知道我的姓名是什么？,你知道我的姓名是什么
zh-CN,conv-40-turn-13.txt,对，但是我的问题是你知道我的姓名是什么吗？,对，但是我的问题是，你知道我的姓名是什么吗？,对 但是我的问题是你知道我的姓名是什么吗
zh-CN,conv-40-turn-14.txt,我已经告诉了你。,我已经告诉了你。,我已经告诉了你
zh-CN,conv-40-turn-15.txt,郡凛 at email dot com。,drinlin at email dot com,drinlin at email dot com
zh-CN,conv-40-turn-16.txt,哎呀你有什么问题啊。郡凛 at email dot com！,哎呀，你又想冒进去啊？drinling at email dot com。,你又想冒进去 drinling at email dot com
zh-CN,conv-40-turn-17.txt,郡凛。,drin drin ling。,drin drin ling
zh-CN,conv-40-turn-2.txt,我正在等待新卡。想知道它的状态。,我正在等待新卡，想知道它的状态。,我正在等待新卡 想知道它的状态
zh-CN,conv-40-turn-3.txt,嗯。,嗯。,
zh-CN,conv-40-turn-4.txt,嗯，好好。,嗯，好好。,好好
zh-CN,conv-40-turn-5.txt,你说吧。,你说吧。,你说吧
zh-CN,conv-40-turn-6.txt,你说吧。,你说吧。,你说吧
zh-CN,conv-40-turn-7.txt,嗯，都是对的。,嗯，都是对的。,都是对的
zh-CN,conv-40-turn-8.txt,郡凛。,Jin Lim。,郡凛
zh-CN,conv-40-turn-9.txt,郡凛 at email dot com。,dreamling at email dot com,dreamling at email dot com
zh-CN,conv-41-turn-0.txt,喂你好。,喂，你好。,喂 你好
zh-CN,conv-41-turn-1.txt,我正在新卡，想知道它的状态。,我正在等待新卡，想知道它的状态。,我正在等待新卡 想知道它的状态
zh-CN,conv-41-turn-10.txt,也不对的，我刚才说是我的姓名。,也不对的，我刚才说的是我的姓名。,也不对的 我刚才说的是我的姓名
zh-CN,conv-41-turn-11.txt,What are you.,没有。,没有
zh-CN,conv-41-turn-12.txt,郡凛。,君临。,郡凛
zh-CN,conv-41-turn-13.txt,郡凛。,军军陵。,军军陵
zh-CN,conv-41-turn-14.txt,郡凛。,Dwelling。,dwelling
zh-CN,conv-41-turn-15.txt,郡凛。,朱林。,朱林
zh-CN,conv-41-turn-16.txt,哎呀你有什么问题啊。,哎呀，你为什么问呀？,你为什么问
zh-CN,conv-41-turn-17.txt,你听不懂我。,你，你听不懂我。,你 你听不懂我
zh-CN,conv-41-turn-18.txt,不对。不对。我几次说我是不对。,不对，不对，我这次是我是不对。,不对 不对 我这次是我是不对
zh-CN,conv-41-turn-19.txt,郡凛。,June零。,郡零
zh-CN,conv-41-turn-2.txt,准备好了。,准备好了。,准备好了
zh-CN,conv-41-turn-20.txt,嗯，好好好。,嗯，好，好，好。,好好好
zh-CN,conv-41-turn-3.txt,你说吧。,你说吧。,你说吧
zh-CN,conv-41-turn-4.txt,C N 6 2 7。,C N六二七。,c n 六 二 七
zh-CN,conv-41-turn-5.txt,C N 6 2 7。,cn六二七。,c n 六 二 七
zh-CN,conv-41-turn-6.txt,C N 6 2 7。,C N 六二七。,c n 六 二 七
zh-CN,conv-41-turn-7.txt,听到了吗？,听到了吗？,听到了吗
zh-CN,conv-41-turn-8.txt,郡凛。,军令。,军令
zh-CN,conv-41-turn-9.txt,不对啊，郡凛。,不对呀，军令。,不对 军令
zh-CN,conv-42-turn-0.txt,喂？,喂。,喂
zh-CN,conv-42-turn-1.txt,我想提高我的信用卡额度。,我想切个我的信用卡额度。,我想切个我的信用卡额度
zh-CN,conv-42-turn-10.txt,郡凛。,军令。,军令
zh-CN,conv-42-turn-11.txt,不对。,不对。,不对
zh-CN,conv-42-turn-12.txt,你说的不对，真的不对。,不，你说的不对，认的不对。,不 你说的不对 认的不对
zh-CN,conv-42-turn-13.txt,郡凛。,军明玲。,军明玲
zh-CN,conv-42-turn-14.txt,我再一遍告诉你，是郡凛。,我，我再一遍告诉告诉你，是军令。,我 我再一遍告诉告诉你 是军令
zh-CN,conv-42-turn-15.txt,我的邮件地址是郡凛 at email dot com。,我的邮箱地址是，junling at email dot com。,我的邮箱地址是 郡凛 at email dot com
zh-CN,conv-42-turn-16.txt,郡凛 at email dot com。,drinling at email dot com.,drinling at email dot com
zh-CN,conv-42-turn-17.txt,郡凛 at email dot com。,drinlin at email dot com,drinlin at email dot com
zh-CN,conv-42-turn-18.txt,郡凛 at email dot com。,drinlin at email dot com,drinlin at email dot com
zh-CN,conv-42-turn-19.txt,你不听我？,你不听我？,你不听我
zh-CN,conv-42-turn-2.txt,想提高我的信用卡额度。,想提高我的信用卡？恶毒。,想提高我的信用卡 恶毒
zh-CN,conv-42-turn-20.txt,郡凛 at email dot com。,dreamlink at email dot com,dreamlink at email dot com
zh-CN,conv-42-turn-21.txt,哎呀！,哎呀！,哎呀
zh-CN,conv-42-turn-22.txt,你没有用！,里面有用。,里面有用
zh-CN,conv-42-turn-3.txt,想提高我的信用卡额度。,想提高我的信用卡额度。,想提高我的信用卡额度
zh-CN,conv-42-turn-4.txt,你有病吗？,你有病吗？,你有病吗
zh-CN,conv-42-turn-5.txt,终于到了。,嗯，对的。,
zh-CN,conv-42-turn-6.txt,好。,好。,好
zh-CN,conv-42-turn-7.txt,准备好了。,嗯，准备好了。,准备好了
zh-CN,conv-42-turn-8.txt,你说吧。,你说吧。,你说吧
zh-CN,conv-42-turn-9.txt,C N 6 3 7。,C N六三七。,c n 六 三 七
zh-CN,conv-43-turn-0.txt,喂。,喂。,喂
zh-CN,conv-43-turn-1.txt,我正在等待新卡，并想知道它的状态。,我正在等待显卡，并想知道它的状态。,我正在等待显卡 并想知道它的状态
zh-CN,conv-43-turn-10.txt,C N 9 4 6。,C N 九四六。,c n 九 四 六
zh-CN,conv-43-turn-11.txt,你为什么听不到我？,你为什么听不到我？,你为什么听不到我
zh-CN,conv-43-turn-12.txt,C N 9 4 6。,CN九四六。,c n 九 四 六
zh-CN,conv-43-turn-13.txt,我已经知道了，好好，继。,我已经知道了，好好技术。,我已经知道了 好好技术
zh-CN,conv-43-turn-14.txt,君玲。,军林。,君玲
zh-CN,conv-43-turn-15.txt,君玲 at email dot com。,dreamling at email dot com,dreamling at email dot com
zh-CN,conv-43-turn-16.txt,君玲 at email dot com。,junelee@gmail.com,君玲 at email dot com
zh-CN,conv-43-turn-17.txt,听到我的声音？,听到我的声音。,听到我的声音
zh-CN,conv-43-turn-18.txt,精玲 at email dot com。,jinling at email dot com。,jinling at email dot com
zh-CN,conv-43-turn-19.txt,君，君玲。,drin，drinling。,drin drinling
zh-CN,conv-43-turn-2.txt,你可以说是的，是，是这样。,嗯，你可以说是的，是是这样的。,你可以说是的 是 是这样的
zh-CN,conv-43-turn-20.txt,没有，没有，是君玲。,没有，没有，是军令。,没有没有是军令
zh-CN,conv-43-turn-21.txt,我，我的姓名是君玲，君玲。,我我的姓名是君临，君临。,我我的姓名是君临 君临
zh-CN,conv-43-turn-22.txt,你再说一遍我的姓名。,你再说一遍我的姓名。,你再说一遍我的姓名
zh-CN,conv-43-turn-23.txt,君，君，君，君。,dream，dream，dream，dream。,dream dream dream dream
zh-CN,conv-43-turn-24.txt,不是，不是，不是。,不是，不是，不是。,不是 不是 不是
zh-CN,conv-43-turn-3.txt,我想的，我现在。,我想，呃，我现在。,我想的我现在
zh-CN,conv-43-turn-4.txt,你再等一下，我的意思是，我现在等待新卡，并想知道它的状态。,你再等一下，我的意思是，我现在等待新卡，想知道它的状态。,你再等一下 我的意思是 我现在等待新卡 想知道它的状态
zh-CN,conv-43-turn-5.txt,没有，我的那个追踪号码。,没有，呃，我的那个尊中号码。,没有 我的那个尊中号码
zh-CN,conv-43-turn-6.txt,你搞错，你搞错。你还没给我。,你告诉我，你告诉我，你还没给我。,你告诉我 你告诉我 你还没给我
zh-CN,conv-43-turn-7.txt,再说一遍。,嗯，再说一遍。,再说一遍
zh-CN,conv-43-turn-8.txt,C N 9 4 6。,CN九四六。,c n 九 四 六
zh-CN,conv-43-turn-9.txt,C N 9 4 6。,CN九四六。,c n 九 四 六
zh-CN,conv-44-turn-0.txt,想提高我的信用卡额度。,想提高我的信用卡额度。,想提高我的信用卡额度
zh-CN,conv-44-turn-1.txt,准备好了。,嗯，准备好了。,准备好了
zh-CN,conv-44-turn-10.txt,你有什么问题，你有什么问题，为什么听不懂我，你有什么问题，有什么问题？,你有什么问题？你有什么问题？为什么听不懂我？你有什么问题？你有什么问题？让我真的没有耐心。,你有什么问题 你有什么问题 为什么听不懂我 你有什么问题 你有什么问题 让我真的没有耐心
zh-CN,conv-44-turn-2.txt,C N 4 6 0。,C N四六零。,c n 四 六 零
zh-CN,conv-44-turn-3.txt,C N 4 6 0。,C N四六零。,c n 四 六 零
zh-CN,conv-44-turn-4.txt,君玲。,军林。,君玲
zh-CN,conv-44-turn-5.txt,君玲。,Jun Ling。,jun ling
zh-CN,conv-44-turn-6.txt,你可以再说一遍我的姓名。,你可以再说一遍我的姓名。,你可以再说一遍我的姓名
zh-CN,conv-44-turn-7.txt,君玲。,军令。,军令
zh-CN,conv-44-turn-8.txt,君，君，君玲。,不对，军军军令。,不对 军军军令
zh-CN,conv-44-turn-9.txt,我的姓名是君玲。,我的心灵是军灵。,我的心灵是军灵
zh-CN,conv-45-turn-0.txt,喂。,喂。,喂
zh-CN,conv-45-turn-1.txt,我想提高我的信用卡的限额。,我想提高我的信用卡的限额。,我想提高我的信用卡的限额
zh-CN,conv-45-turn-10.txt,君玲。,军令。,军令
zh-CN,conv-45-turn-11.txt,君玲。,军令。,军令
zh-CN,conv-45-turn-12.txt,哎呀，君玲。,哎呀，军令。,军令
zh-CN,conv-45-turn-13.txt,君玲。,君临。,君临
zh-CN,conv-45-turn-14.txt,你有什么问题啊？,你有什么问题啊？,你有什么问题
zh-CN,conv-45-turn-15.txt,君玲。,军令。,军令
zh-CN,conv-45-turn-2.txt,嗯准备好了。,嗯，准备好了。,准备好了
zh-CN,conv-45-turn-3.txt,C N 3 1 8。,C N三幺八。,c n 三 一 八
zh-CN,conv-45-turn-4.txt,嗯，我听清楚了。,嗯，我听清楚了。,我听清楚了
zh-CN,conv-45-turn-5.txt,君玲。,朱林。,朱林
zh-CN,conv-45-turn-6.txt,不对不对不对。,不对，不对，不对。,不对不对不对
zh-CN,conv-45-turn-7.txt,君玲。,杜兰林。,杜兰林
zh-CN,conv-45-turn-8.txt,听到了吗？,听懂吗？,听懂吗
zh-CN,conv-45-turn-9.txt,你还不知道我的姓名。,你还不知道我的姓名？,你还不知道我的姓名
zh-CN,conv-46-turn-0.txt,喂。,喂。,喂
zh-CN,conv-46-turn-1.txt,我想提高我的信用卡限额。,呃，我想提高我的信用卡限额。,我想提高我的信用卡限额
zh-CN,conv-46-turn-10.txt,君玲。,君临。,君临
zh-CN,conv-46-turn-11.txt,听到了吗？,听到了吗？,听到了吗
zh-CN,conv-46-turn-12.txt,我的姓名是君玲。,我的姓名是君临。,我的姓名是君临
zh-CN,conv-46-turn-13.txt,嗯对的。,嗯，对的。,对的
zh-CN,conv-46-turn-14.txt,对的。,对的。,对的
zh-CN,conv-46-turn-15.txt,君玲 at email dot com。,dreamling at email dot com,dreamling at email dot com
zh-CN,conv-46-turn-16.txt,君玲 at email dot com。,drinling at email dot com.,drinling at email dot com
zh-CN,conv-46-turn-2.txt,准备好了。,我准备好了。,我准备好了
zh-CN,conv-46-turn-3.txt,C C N 0 2 0。,西西林，二林。,西 西 林 二 林
zh-CN,conv-46-turn-4.txt,C N 0 2 0，听到吗？,CN零二零，听到吗？,c n 零 二 零 听到吗
zh-CN,conv-46-turn-5.txt,嗯对的。,嗯，对的。,对的
zh-CN,conv-46-turn-6.txt,君玲。,军令。,军令
zh-CN,conv-46-turn-7.txt,君玲。,Drinlin。,drinlin
zh-CN,conv-46-turn-8.txt,你可以再重复我的姓名？,你可以在呃重复我的姓名。,你可以在重复我的姓名
zh-CN,conv-46-turn-9.txt,不对。,不对。,不对
zh-CN,conv-47-turn-0.txt,你好。,你好。,你好
zh-CN,conv-47-turn-1.txt,我想提高我的信用卡额度。,我想提高我的信用卡额度。,我想提高我的信用卡额度
zh-CN,conv-47-turn-10.txt,好。,好。,好
zh-CN,conv-47-turn-11.txt,峻，峻岭。,军，军令。,军 军令
zh-CN,conv-47-turn-12.txt,你可以再重复我的姓名。,你可以再重复我的姓名。,你可以再重复我的姓名
zh-CN,conv-47-turn-13.txt,嗯。,嗯。,
zh-CN,conv-47-turn-14.txt,是对的，我的邮箱地址是峻岭 at email dot com。,是对的，我的邮箱地址是junling@outlook.com。,是对的 我的邮箱地址是 junling at outlook dot com
zh-CN,conv-47-turn-15.txt,不对的，不对的，我的邮箱地址是峻岭 at email dot com。,不对的，不对的，我的邮箱地址是 junling at email dot com。,不对的不对的我的邮箱地址是峻岭 at email dot com
zh-CN,conv-47-turn-2.txt,准备好了。,嗯，准备好了。,准备好了
zh-CN,conv-47-turn-3.txt,C N 4 1 9。,四N四一九。,c n 四 一 九
zh-CN,conv-47-turn-4.txt,C N 4 1 9。,C N四幺九。,c n 四 一 九
zh-CN,conv-47-turn-5.txt,我明白了我明白了，继续吧继续。,嗯嗯嗯，我 Mindle，我 Mindle，Zishuba，Zishu。,我 mindle 我 mindle zishuba zishu
zh-CN,conv-47-turn-6.txt,峻岭。,军令。,军令
zh-CN,conv-47-turn-7.txt,峻岭，峻岭，我的名字是峻岭。,没有，君凌，君凌，我的名字是君凌。,没有 君凌 君凌 我的名字是君凌
zh-CN,conv-47-turn-8.txt,那你还没听，听得到我的名字。,那你还没听听得到我的名字？,那你还没听听得到我的名字
zh-CN,conv-47-turn-9.txt,是不对的。,是不对的。,是不对的
zh-CN,conv-48-turn-0.txt,你好。,你好，你。,你好 你
zh-CN,conv-48-turn-1.txt,我想提高我的信用卡额度。,我想提高我的信用卡额度。,我想提高我的信用卡额度
zh-CN,conv-48-turn-10.txt,你要重复我的姓名，嗯。,你要丰富我的心灵，嗯。,你要丰富我的心灵
zh-CN,conv-48-turn-11.txt,嗯，对的，正确。,嗯，对的，张学。,对的 张学
zh-CN,conv-48-turn-12.txt,君玲 at email dot com。,drinling at email dot com.,drinling at email dot com
zh-CN,conv-48-turn-13.txt,君玲 at email dot com。君玲 at email dot com。,dreamling at email dot com. dreamling at email dot com.,dreamling at email dot com dreamling at email dot com
zh-CN,conv-48-turn-14.txt,君玲 at email dot com。,dreamling at email dot com,dreamling at email dot com
zh-CN,conv-48-turn-15.txt,你有什么问题？,你有什么问题？,你有什么问题
zh-CN,conv-48-turn-16.txt,君玲 at email dot com。已经说了几次。,junling at email dot com 已经说了几次。,君玲 at email dot com 已经说了几次
zh-CN,conv-48-turn-17.txt,君玲 at email dot com。,junling@gmail.com,君玲 at email dot com
zh-CN,conv-48-turn-18.txt,你听吧，你听吧。,你听吧，你听吧。,你听吧你听吧
zh-CN,conv-48-turn-19.txt,君玲 at email dot com。,dreamlink at email dot com,dreamlink at email dot com
zh-CN,conv-48-turn-2.txt,听得到吗？,听得到吗？,听得到吗
zh-CN,conv-48-turn-20.txt,我已经说了几次。,我已经说了第词。,我已经说了第词
zh-CN,conv-48-turn-21.txt,君玲 at email dot com。,drinling at email dot com,drinling at email dot com
zh-CN,conv-48-turn-22.txt,是你的问题，好好。,是你的问题，好好。,是你的问题 好好
zh-CN,conv-48-turn-3.txt,喂，我想提高我的信用卡额度。,不对，我先提够我的信用卡额度。,不对 我先提够我的信用卡额度
zh-CN,conv-48-turn-4.txt,嗯，对的。,嗯，对的。,对的
zh-CN,conv-48-turn-5.txt,好。,好。,好
zh-CN,conv-48-turn-6.txt,准备了，准备好了，你说吧。,准备准备好了，你说吧。,准备 准备好了 你说吧
zh-CN,conv-48-turn-7.txt,C N 6 5 4。,CN六五四。,c n 六 五 四
zh-CN,conv-48-turn-8.txt,君玲。,军令。,军令
zh-CN,conv-48-turn-9.txt,你可以重复我的姓名。,你可以重复我的姓名。,你可以重复我的姓名
zh-CN,conv-49-turn-0.txt,你好。,你好。,你好
zh-CN,conv-49-turn-1.txt,我想提高我的用卡额度。,我想提高我的信用课二读。,我想提高我的信用课二读
zh-CN,conv-49-turn-10.txt,我知道，我现在说是我的邮箱地址，是美玲 at email dot com。,哦，不知道。我现在说是我的邮箱地址是美玲 at email dot com。,我现在说是我的邮箱地址是美玲 at email dot com
zh-CN,conv-49-turn-11.txt,我的邮箱地址是美玲 at email dot com。,我的邮箱地址是 meiling at email dot com。,我的邮箱地址是 美玲 at email dot com
zh-CN,conv-49-turn-12.txt,你，我的邮箱地址是美玲 at email dot com。,你，我的邮箱地址是梅林 at email dot com。,你 我的邮箱地址是美玲 at email dot com
zh-CN,conv-49-turn-13.txt,At email dot com。,at email dot com,at email dot com
zh-CN,conv-49-turn-2.txt,准备好了。,嗯，准备好了。,准备好了
zh-CN,conv-49-turn-3.txt,C N 3 4 7 7。,CN三七七。,c n 三 七 七
zh-CN,conv-49-turn-4.txt,是对的是对的，你继续吧。,啊，是对的，是对的，你继续吧。,是对的是对的你继续吧
zh-CN,conv-49-turn-5.txt,美玲。,美玲。,美玲
zh-CN,conv-49-turn-6.txt,你可以确认我的姓名？,你可以确认我的性命。,你可以确认我的性命
zh-CN,conv-49-turn-7.txt,美玲 at email dot com。,mailing at email dot com,mailing at email dot com
zh-CN,conv-49-turn-8.txt,听到了吗？,听到了吗？,听到了吗
zh-CN,conv-49-turn-9.txt,是美玲 at email dot com。,是 mailing at email dot com。,是 mailing at email dot com
zh-CN,conv-5-turn-0.txt,我正在等待换我的卡，想知道它的状态。,我正在等待欢乐的卡，想呃知道他的状态。,我正在等待欢乐的卡 想知道他的状态
zh-CN,conv-5-turn-1.txt,我正在等待替换我的卡，我想替换我的卡。,我，我让在当代替换我的卡。啊啊！我想替换我的卡。,我让在当代替换我的卡 我想替换我的卡
zh-CN,conv-5-turn-10.txt,不对的。,不对的。,不对的
zh-CN,conv-5-turn-11.txt,君玲。,军令。,军令
zh-CN,conv-5-turn-12.txt,君玲。,军令。,军令
zh-CN,conv-5-turn-13.txt,你可以再说一遍我的名。,你可以再说一遍我的名。,你可以再说一遍我的名
zh-CN,conv-5-turn-14.txt,你再说什么呀，是你自己说的，我没说呀。,我你在说什么呀？是你自己说的，我没说呀。,我你在说什么呀 是你自己说的 我没说呀
zh-CN,conv-5-turn-15.txt,我心想你重复我的姓名。,我现想你重复我的姓名。,我现想你重复我的姓名
zh-CN,conv-5-turn-16.txt,嗯对的，对的对的。,嗯，对的，对的，对的。,对的 对的 对的
zh-CN,conv-5-turn-17.txt,我的邮箱地址想知道吗？,我的邮箱地址，想知道吗？,我的邮箱地址想知道吗
zh-CN,conv-5-turn-18.txt,但是你不知道我的邮箱地址。,但是你不知道我的邮箱地址。,但是你不知道我的邮箱地址
zh-CN,conv-5-turn-19.txt,好我先告诉你我的邮箱地址。,好，我想告诉你我的邮箱地址。,好我想告诉你我的邮箱地址
zh-CN,conv-5-turn-2.txt,C N 2 6 6。,C N R L L。,c n r l l
zh-CN,conv-5-turn-20.txt,是君玲 at email dot com。,是，dreamlin at email dot com。,是 dreamlin at email dot com
zh-CN,conv-5-turn-21.txt,君玲 at email dot com。,drinlin at email dot com.,drinlin at email dot com
zh-CN,conv-5-turn-22.txt,听到吗？,听到吗？,听到吗
zh-CN,conv-5-turn-3.txt,C N 2 6 6。,C N two six six。,c n 二 六 六
zh-CN,conv-5-turn-4.txt,C N 2 6 6。,cn二六六。,c n 二 六 六
zh-CN,conv-5-turn-5.txt,嗯我已经明白了。,嗯，我已经明白了啊啊啊！,我已经明白了
zh-CN,conv-5-turn-6.txt,君玲。,军令。,军令
zh-CN,conv-5-turn-7.txt,君玲。,军令。,军令
zh-CN,conv-5-turn-8.txt,听到吗？,听到吗？,听到吗
zh-CN,conv-5-turn-9.txt,君玲，君玲。,军令，军令。,军令 军令
zh-CN,conv-6-turn-0.txt,您好。,您好。,您好
zh-CN,conv-6-turn-1.txt,我想提高我的信用卡的额度。,我想提高我的信用卡的呃额度。,我想提高我的信用卡的额度
zh-CN,conv-6-turn-10.txt,君玲。,捐了一。,捐了一
zh-CN,conv-6-turn-11.txt,君玲 at email dot com。,dreamling at email dot com。,dreamling at email dot com
zh-CN,conv-6-turn-12.txt,你说得不对，我的姓名是君玲。,你说的不对，我的姓名是军令。,你说的不对 我的姓名是军令
zh-CN,conv-6-turn-13.txt,君玲 at email dot com。,dreamling at email dot com.,dreamling at email dot com
zh-CN,conv-6-turn-14.txt,听到了吗？,听到的吗？,听到的吗
zh-CN,conv-6-turn-15.txt,君玲 at email dot com。,dreamling at email dot com,dreamling at email dot com
zh-CN,conv-6-turn-16.txt,嗯。,嗯。,
zh-CN,conv-6-turn-17.txt,好，谢谢谢谢，你听不到我的声音吗？,好，谢谢谢谢，你听到我的声音吗？,好 谢谢 谢谢 你 听到 我 的 声音 吗
zh-CN,conv-6-turn-18.txt,君玲 at email dot com。,drinling at email dot com,drinling at email dot com
zh-CN,conv-6-turn-19.txt,好。,好。,好
zh-CN,conv-6-turn-2.txt,准备好了。,你准备好了。,你准备好了
zh-CN,conv-6-turn-3.txt,你说吧。,你说吧。,你说吧
zh-CN,conv-6-turn-4.txt,C N 8 7 7。,生烟，白滋滋。,生烟 白滋滋
zh-CN,conv-6-turn-5.txt,C N 8 7 7。,C N 八七七。,c n 八 七 七
zh-CN,conv-6-turn-6.txt,C N 8 7 7。,C N 八七七。,c n 八 七 七
zh-CN,conv-6-turn-7.txt,你再等一下，再等一下，你要重复那个追踪号码。,no no no no，你再等一下，再等一下，你要呃重复那个汇总号码。,no no no no 你再等一下 再等一下 你要重复那个汇总号码
zh-CN,conv-6-turn-8.txt,嗯好好好。,嗯，好，好，好。,好好好
zh-CN,conv-6-turn-9.txt,我的姓名是君玲，君玲。,我的姓名是君君凌。,我的姓名是君君凌
zh-CN,conv-7-turn-0.txt,你好。,你好。,你好
zh-CN,conv-7-turn-1.txt,我想提高我的信用卡的限额。,我想提高我的信用卡的限额。,我想提高我的信用卡的限额
zh-CN,conv-7-turn-10.txt,没有，没有，再等一下，再等一下，我的姓名是君玲。,没有没有，再等一下，再等一下，我的姓名是君玲。,没有没有再等一下再等一下我的姓名是君玲
zh-CN,conv-7-turn-11.txt,君玲 at email dot com。,drinling at email dot com.,drinling at email dot com
zh-CN,conv-7-turn-12.txt,君玲 at email dot com。,drinleyon at email dot com.,drinleyon at email dot com
zh-CN,conv-7-turn-13.txt,听到吗？,听到吗？,听到吗
zh-CN,conv-7-turn-14.txt,君玲 at email dot com。,dreamling at email dot com,dreamling at email dot com
zh-CN,conv-7-turn-15.txt,君玲 at email dot com。,drinling at email dot com,drinling at email dot com
zh-CN,conv-7-turn-2.txt,嗯准备好了。,嗯，准备好了。,准备好了
zh-CN,conv-7-turn-3.txt,你再说一遍。,你再说一遍。,你再说一遍
zh-CN,conv-7-turn-4.txt,你再说，说一遍。,你再说一说一遍。,你再说一说一遍
zh-CN,conv-7-turn-5.txt,C N 3 7 8 9。,西恩·圣西，巴乔。,西恩 圣西 巴乔
zh-CN,conv-7-turn-6.txt,请问，请问，再等一下，是 C N 3 8 9。,嗯，请问，请问，再等一下，是C N三八九。,请问 请问 再等一下 是 c n 三 八 九
zh-CN,conv-7-turn-7.txt,你再说我的追踪号码。,你在说我的瑞总好吗？,你在说我的瑞总好吗
zh-CN,conv-7-turn-8.txt,C N 3 7 8 对吗？,C N C B，对吗？,c n c b 对吗
zh-CN,conv-7-turn-9.txt,嗯，好好。,嗯，好，好。,好好
zh-CN,conv-8-turn-0.txt,你好。,你好。,你好
zh-CN,conv-8-turn-1.txt,我正在等待我的信用卡，想知道它的状态。,呃，我正在呃等待我的信用卡，想知道它的状态。,我正在等待我的信用卡 想知道它的状态
zh-CN,conv-8-turn-10.txt,君玲 at email dot com。,dreamling at email dot com,dreamling at email dot com
zh-CN,conv-8-turn-11.txt,君。,dream。,dream
zh-CN,conv-8-turn-12.txt,君玲。,杜恩利。,杜恩利
zh-CN,conv-8-turn-13.txt,君玲，君玲。,军令，军令。,军令 军令
zh-CN,conv-8-turn-14.txt,君玲 at email dot com。,dreamling at email dot com。,dreamling at email dot com
zh-CN,conv-8-turn-2.txt,准备了。,嗯，准备了。,准备了
zh-CN,conv-8-turn-3.txt,C N 1 0 8。,C N C N E 领牌。,c n c n e 领牌
zh-CN,conv-8-turn-4.txt,君玲。,军令。,军令
zh-CN,conv-8-turn-5.txt,君玲 at email dot com。,drinling at email dot com.,drinling at email dot com
zh-CN,conv-8-turn-6.txt,听到了吗？,听到的吗？,听到的吗
zh-CN,conv-8-turn-7.txt,我的姓名是君玲。,我的姓名是军令。,我的姓名是军令
zh-CN,conv-8-turn-8.txt,君，你说得不对，你说得不对，你说得不对，君玲，君玲。,军，嗯，不对的，你说的不对，你说的不对，军令，军令。,军 你说的不对 你说的不对 你说的不对 军令 军令
zh-CN,conv-8-turn-9.txt,对的，你说得对。,对的，你说的对。,对的 你说的对
zh-CN,conv-9-turn-0.txt,听到了是你吗？,听到我的声音吗？,听到我的声音吗
zh-CN,conv-9-turn-1.txt,我想提高信用卡的限额。,我想提高信用卡的限额。,我想提高信用卡的限额
zh-CN,conv-9-turn-10.txt,听到了吗？,听到的吗？,听到的吗
zh-CN,conv-9-turn-11.txt,君玲 at email dot com。,drinling at email dot com.,drinling at email dot com
zh-CN,conv-9-turn-2.txt,你再说一遍。,嗯，你再说一遍。,你再说一遍
zh-CN,conv-9-turn-3.txt,C N 8 1 7。,C M八一七。,c m 八 一 七
zh-CN,conv-9-turn-4.txt,C N 8 1 7。,C N八E七。,c n 八 e 七
zh-CN,conv-9-turn-5.txt,君玲。,朱林。,朱林
zh-CN,conv-9-turn-6.txt,8 6 1 3 9 0 你等一下我还没说完呢。,八六幺三九零，你等一下，我还没说完了。,八 六 一 三 九 零 你等一下我还没说完了
zh-CN,conv-9-turn-7.txt,8 6 1 3 9 0 1 2 3 4 5 6 7。,八六幺三九零幺二三四五六七。,八 六 一 三 九 零 一 二 三 四 五 六 七
zh-CN,conv-9-turn-8.txt,君玲 at email dot com。,drinling at email dot com.,drinling at email dot com
zh-CN,conv-9-turn-9.txt,君玲 at email dot com。,drinling at email dot com,drinling at email dot com
